source_chunk_id,batch_id,track_id,originating_scan,display_rank,source_reference_channel,reference_frequency_hz,reference_seconds_from_anchor,drift_hz_s,width_channels,saved_robust_score,epoch1_on_mean_center_minus_flank,epoch1_off_mean_center_minus_flank,epoch2_on_mean_center_minus_flank,epoch2_off_mean_center_minus_flank,epoch3_on_mean_center_minus_flank,epoch3_off_mean_center_minus_flank,origin_positive_rows,origin_first_eight_mean,origin_last_eight_mean,batch_execution_complete,classification
158,1,epoch1_on_gap_drift_rank_01,epoch1_on,1,165831168,1406250000.0,8.993112064,0.0,1,1640562.4841776043,40312.50364554564,40153.35626473851,40674.4890332209,40662.89364725508,40231.51462081142,40648.17049243619,16,40498.43273727951,40126.57455381177,True,UNRESOLVED_EXPLORATORY_PROFILE_NO_SKY_INFERENCE
158,1,epoch1_on_gap_drift_rank_02,epoch1_on,2,165831172,1406249988.6579862,8.993112064,0.052493438320209584,3,472178.6398841624,6688.540366141875,0.32687831616396956,0.045580295995927125,0.0028451689074101075,-0.004000807360466201,-0.0057594956118248095,16,0.6278836831580026,13376.452848600593,True,UNRESOLVED_EXPLORATORY_PROFILE_NO_SKY_INFERENCE
158,1,epoch1_on_gap_drift_rank_03,epoch1_on,3,165831164,1406250011.3420136,8.993112064,-0.05249343832021003,3,472177.66609379445,6688.525016674693,0.31719673188751596,0.06437538816060723,-0.005380265202827791,-0.009013494907096353,-0.02613415086376992,16,0.5709382168345871,13376.479095132552,True,UNRESOLVED_EXPLORATORY_PROFILE_NO_SKY_INFERENCE
158,1,epoch2_on_gap_drift_rank_01,epoch2_on,1,165831168,1406250000.0,668.9931117007842,0.0,1,1661894.3873550813,40312.50364554564,40153.35626473851,40674.4890332209,40662.89364725508,40231.51462081142,40648.17049243619,16,40988.729873495606,40360.248192946194,True,UNRESOLVED_EXPLORATORY_PROFILE_NO_SKY_INFERENCE
158,1,epoch2_on_gap_drift_rank_02,epoch2_on,2,165831164,1406250011.3420136,668.9931117007842,-0.05249343832021003,3,475549.89235501824,0.0017427287484062803,0.08120686030145902,6727.463408636022,0.30515719264960084,0.0239783268161973,-0.006219075495209919,16,0.5799999564850095,13454.34681731556,True,UNRESOLVED_EXPLORATORY_PROFILE_NO_SKY_INFERENCE
158,1,epoch2_on_gap_drift_rank_03,epoch2_on,3,165831172,1406249988.6579862,668.9931117007842,0.052493438320209584,3,475547.9432958678,0.04122310831773468,0.1217911627574961,6727.435864392672,0.32717802871979745,0.061472575906274605,0.0318081550711066,16,0.593220398254542,13454.278508387088,True,UNRESOLVED_EXPLORATORY_PROFILE_NO_SKY_INFERENCE
158,1,epoch3_on_gap_drift_rank_01,epoch3_on,1,165831168,1406250000.0,1328.993111966211,0.0,1,1658426.1817494615,40312.50364554564,40153.35626473851,40674.4890332209,40662.89364725508,40231.51462081142,40648.17049243619,16,40501.66327245497,39961.36596916786,True,UNRESOLVED_EXPLORATORY_PROFILE_NO_SKY_INFERENCE
158,1,epoch3_on_gap_drift_rank_02,epoch3_on,2,165831172,1406249988.6579862,1328.993111966211,0.052493438320209584,3,476477.75028191856,-0.008882381952578254,0.006090779083210325,0.019848955887432726,0.12130857920126675,6661.019037207523,0.3172730053507584,16,0.6323902582053418,13321.405684156838,True,UNRESOLVED_EXPLORATORY_PROFILE_NO_SKY_INFERENCE
158,1,epoch3_on_gap_drift_rank_03,epoch3_on,3,165831164,1406250011.3420136,1328.993111966211,-0.05249343832021003,3,476476.7755961442,0.0041848064662043105,0.007375079001630459,0.03732594649611916,0.11818567120819738,6661.0069202239265,0.3341278356415693,16,0.6498782349184966,13321.363962212934,True,UNRESOLVED_EXPLORATORY_PROFILE_NO_SKY_INFERENCE
158,2,epoch1_on_gap_drift_rank_01,epoch1_on,1,166575987,1404138063.1793714,8.993112064,0.0,1,30.335071309043315,0.9881105804748598,1.1612990187077723,0.9950613109408482,0.6134518590281673,0.7849978844626362,0.9176731928561161,16,1.1642530562176558,0.8119681047320638,True,UNRESOLVED_EXPLORATORY_PROFILE_NO_SKY_INFERENCE
158,2,epoch1_on_gap_drift_rank_02,epoch1_on,2,166565864,1404166766.9804764,8.993112064,-0.010498687664042272,3,20.042704285216733,0.3818455781637575,0.14114758939125216,0.0514589383603198,0.0246491172931739,-0.012826273562279125,0.004564806446831479,16,0.3855314141908348,0.37815974213668013,True,UNRESOLVED_EXPLORATORY_PROFILE_NO_SKY_INFERENCE
158,2,epoch1_on_gap_drift_rank_03,epoch1_on,3,166565860,1404166778.3224902,8.993112064,-0.08398950131233596,3,12.330216508985956,0.2386241811410803,-0.020325874807429145,-0.006040289313171701,-0.014316435043730522,0.019026935241066634,0.022407774713604084,16,0.22854413354244849,0.24870422873971212,True,UNRESOLVED_EXPLORATORY_PROFILE_NO_SKY_INFERENCE
158,2,epoch2_on_gap_drift_rank_01,epoch2_on,1,166575987,1404138063.1793714,668.9931117007842,0.0,1,30.559500992447163,0.9881105804748598,1.1612990187077723,0.9950613109408482,0.6134518590281673,0.7849978844626362,0.9176731928561161,16,1.022163875389433,0.9679587464922633,True,UNRESOLVED_EXPLORATORY_PROFILE_NO_SKY_INFERENCE
158,2,epoch2_on_gap_drift_rank_02,epoch2_on,2,166565864,1404166766.9804764,668.9931117007842,0.0,3,19.133582539626957,0.37693381248207203,0.35667413975976553,0.36396845265886435,0.33312531223543596,0.2864531678034957,0.35139815114594775,16,0.3745950167141534,0.3533418886035753,True,UNRESOLVED_EXPLORATORY_PROFILE_NO_SKY_INFERENCE
158,2,epoch2_on_gap_drift_rank_03,epoch2_on,3,166578152,1404131924.3144705,668.9931117007842,0.0,1,14.458804438676037,0.3181710134369262,0.26910522169048046,0.48140753621010246,0.34090895119370224,0.419426624933273,0.3155150600574077,16,0.31708962609598634,0.6457254463242187,True,UNRESOLVED_EXPLORATORY_PROFILE_NO_SKY_INFERENCE
158,2,epoch3_on_gap_drift_rank_01,epoch3_on,1,166575987,1404138063.1793714,1328.993111966211,-0.010498687664042272,1,23.9913345044751,0.03162596825619497,-0.018226975530716866,0.04831301838943293,0.09387574293014175,0.7874242779601974,0.11400862661609837,15,1.0757454845566585,0.4991030713637362,True,UNRESOLVED_EXPLORATORY_PROFILE_NO_SKY_INFERENCE
158,2,epoch3_on_gap_drift_rank_02,epoch3_on,2,166565864,1404166766.9804764,1328.993111966211,-0.010498687664042272,3,17.210315876829963,0.01771462064768549,-0.02911762649850884,0.1331371133284974,0.2717584831981951,0.32884573973871506,0.26806112848748287,16,0.2937702275369727,0.36392125194045744,True,UNRESOLVED_EXPLORATORY_PROFILE_NO_SKY_INFERENCE
158,2,epoch3_on_gap_drift_rank_03,epoch3_on,3,166578152,1404131924.3144705,1328.993111966211,0.0,1,12.900979135378803,0.3181710134369262,0.26910522169048046,0.48140753621010246,0.34090895119370224,0.419426624933273,0.3155150600574077,16,0.4630929054346292,0.3757603444319167,True,UNRESOLVED_EXPLORATORY_PROFILE_NO_SKY_INFERENCE
