case_id,carrier,OFF_scan,OFF_global_winner_score,OFF_global_winner_frequency_hz,OFF_global_winner_drift_hz_s,OFF_global_winner_width_channels,first_ON_endpoint_error_channel_widths,last_ON_endpoint_error_channel_widths,tolerance_channel_widths,global_winner_compatible_with_survivor
SETI_RADIO_PILOT_20261008_VAL_B:matched_rfi:002,771,epoch1_off,23.021187325514138,1423048562.8806682,-3.9142962689323975,33,12.482562588144347,-57.95600993612055,35.0,False
SETI_RADIO_PILOT_20261008_VAL_B:matched_rfi:002,771,epoch2_off,24.409998458774087,1423048509.0061033,-3.9896564462504616,33,18.980787548893513,-58.6281785856259,35.0,False
SETI_RADIO_PILOT_20261008_VAL_B:matched_rfi:002,771,epoch3_off,23.190599815055112,1423048457.9670417,-3.924639822681936,33,-21.017681030066456,-92.44042522632711,35.0,False
SETI_RADIO_PILOT_20261008_VAL_B:matched_rfi:002,772,epoch1_off,23.021187325514138,1423048562.8806682,-3.9142962689323975,33,11.98266705988941,-58.03411760494875,35.0,False
SETI_RADIO_PILOT_20261008_VAL_B:matched_rfi:002,772,epoch2_off,24.409998458774087,1423048509.0061033,-3.9896564462504616,33,18.480892020638574,-58.70628625445408,35.0,False
SETI_RADIO_PILOT_20261008_VAL_B:matched_rfi:002,772,epoch3_off,23.190599815055112,1423048457.9670417,-3.924639822681936,33,-21.517576558321394,-92.51853289515529,35.0,False
SETI_RADIO_PILOT_20261008_VAL_B:matched_rfi:002,773,epoch1_off,23.021187325514138,1423048562.8806682,-3.9142962689323975,33,11.982736642414029,-57.75285611613965,35.0,False
SETI_RADIO_PILOT_20261008_VAL_B:matched_rfi:002,773,epoch2_off,24.409998458774087,1423048509.0061033,-3.9896564462504616,33,18.480961603163195,-58.425024765645,35.0,False
SETI_RADIO_PILOT_20261008_VAL_B:matched_rfi:002,773,epoch3_off,23.190599815055112,1423048457.9670417,-3.924639822681936,33,-21.517506975796774,-92.2372714063462,35.0,False
SETI_RADIO_PILOT_20261008_VAL_B:matched_rfi:002,774,epoch1_off,23.021187325514138,1423048562.8806682,-3.9142962689323975,33,11.982806224938528,-57.47159462733066,35.0,False
SETI_RADIO_PILOT_20261008_VAL_B:matched_rfi:002,774,epoch2_off,24.409998458774087,1423048509.0061033,-3.9896564462504616,33,18.481031185687694,-58.14376327683599,35.0,False
SETI_RADIO_PILOT_20261008_VAL_B:matched_rfi:002,774,epoch3_off,23.190599815055112,1423048457.9670417,-3.924639822681936,33,-21.517437393272317,-91.95600991753722,35.0,False
SETI_RADIO_PILOT_20261008_VAL_B:matched_rfi:002,775,epoch1_off,23.021187325514138,1423048562.8806682,-3.9142962689323975,33,11.982875891546481,-57.19033305443824,35.0,False
SETI_RADIO_PILOT_20261008_VAL_B:matched_rfi:002,775,epoch2_off,24.409998458774087,1423048509.0061033,-3.9896564462504616,33,18.481100852295647,-57.86250170394357,35.0,False
SETI_RADIO_PILOT_20261008_VAL_B:matched_rfi:002,775,epoch3_off,23.190599815055112,1423048457.9670417,-3.924639822681936,33,-21.51736772666432,-91.6747483446448,35.0,False
SETI_RADIO_PILOT_20261008_VAL_B:matched_rfi:002,776,epoch1_off,23.021187325514138,1423048562.8806682,-3.9142962689323975,33,11.48298027920821,-57.268440807349755,35.0,False
SETI_RADIO_PILOT_20261008_VAL_B:matched_rfi:002,776,epoch2_off,24.409998458774087,1423048509.0061033,-3.9896564462504616,33,17.981205239957376,-57.940609456855086,35.0,False
SETI_RADIO_PILOT_20261008_VAL_B:matched_rfi:002,776,epoch3_off,23.190599815055112,1423048457.9670417,-3.924639822681936,33,-22.017263339002636,-91.7528560975563,35.0,False
SETI_RADIO_PILOT_20261008_VAL_B:matched_rfi:002,777,epoch1_off,23.021187325514138,1423048562.8806682,-3.9142962689323975,33,11.48304986173283,-56.98717931854067,35.0,False
SETI_RADIO_PILOT_20261008_VAL_B:matched_rfi:002,777,epoch2_off,24.409998458774087,1423048509.0061033,-3.9896564462504616,33,17.981274822481996,-57.659347968046,35.0,False
SETI_RADIO_PILOT_20261008_VAL_B:matched_rfi:002,777,epoch3_off,23.190599815055112,1423048457.9670417,-3.924639822681936,33,-22.017193756478015,-91.47159460874722,35.0,False
SETI_RADIO_PILOT_20261008_VAL_B:matched_rfi:002,778,epoch1_off,23.021187325514138,1423048562.8806682,-3.9142962689323975,33,10.983154333477893,-57.06528698736885,35.0,False
SETI_RADIO_PILOT_20261008_VAL_B:matched_rfi:002,778,epoch2_off,24.409998458774087,1423048509.0061033,-3.9896564462504616,33,17.481379294227057,-57.73745563687418,35.0,False
SETI_RADIO_PILOT_20261008_VAL_B:matched_rfi:002,778,epoch3_off,23.190599815055112,1423048457.9670417,-3.924639822681936,33,-22.517089284732954,-91.5497022775754,35.0,False
SETI_RADIO_PILOT_20261008_VAL_B:matched_rfi:002,779,epoch1_off,23.021187325514138,1423048562.8806682,-3.9142962689323975,33,11.483189110865123,-56.42465625683936,35.0,False
SETI_RADIO_PILOT_20261008_VAL_B:matched_rfi:002,779,epoch2_off,24.409998458774087,1423048509.0061033,-3.9896564462504616,33,17.981414071614285,-57.09682490634469,35.0,False
SETI_RADIO_PILOT_20261008_VAL_B:matched_rfi:002,779,epoch3_off,23.190599815055112,1423048457.9670417,-3.924639822681936,33,-22.017054507345723,-90.90907154704593,35.0,False
SETI_RADIO_PILOT_20261008_VAL_B:matched_rfi:002,780,epoch1_off,23.021187325514138,1423048562.8806682,-3.9142962689323975,33,10.98329349852697,-56.50276400975078,35.0,False
SETI_RADIO_PILOT_20261008_VAL_B:matched_rfi:002,780,epoch2_off,24.409998458774087,1423048509.0061033,-3.9896564462504616,33,17.481518459276135,-57.174932659256086,35.0,False
SETI_RADIO_PILOT_20261008_VAL_B:matched_rfi:002,780,epoch3_off,23.190599815055112,1423048457.9670417,-3.924639822681936,33,-22.516950119683834,-90.98717929995733,35.0,False
SETI_RADIO_PILOT_20261008_VAL_B:matched_rfi:002,781,epoch1_off,23.021187325514138,1423048562.8806682,-3.9142962689323975,33,10.483397970272193,-56.58087167857886,35.0,False
SETI_RADIO_PILOT_20261008_VAL_B:matched_rfi:002,781,epoch2_off,24.409998458774087,1423048509.0061033,-3.9896564462504616,33,16.98162293102136,-57.25304032808419,35.0,False
SETI_RADIO_PILOT_20261008_VAL_B:matched_rfi:002,781,epoch3_off,23.190599815055112,1423048457.9670417,-3.924639822681936,33,-23.016845647938652,-91.06528696878541,35.0,False
SETI_RADIO_PILOT_20261008_VAL_B:matched_rfi:002,782,epoch1_off,23.021187325514138,1423048562.8806682,-3.9142962689323975,33,10.483467552796654,-56.29961018976987,35.0,False
SETI_RADIO_PILOT_20261008_VAL_B:matched_rfi:002,782,epoch2_off,24.409998458774087,1423048509.0061033,-3.9896564462504616,33,16.981692513545816,-56.97177883927518,35.0,False
SETI_RADIO_PILOT_20261008_VAL_B:matched_rfi:002,782,epoch3_off,23.190599815055112,1423048457.9670417,-3.924639822681936,33,-23.016776065414152,-90.78402547997642,35.0,False
SETI_RADIO_PILOT_20261008_VAL_B:matched_rfi:002,783,epoch1_off,23.021187325514138,1423048562.8806682,-3.9142962689323975,33,10.483537135321152,-56.018348700960885,35.0,False
SETI_RADIO_PILOT_20261008_VAL_B:matched_rfi:002,783,epoch2_off,24.409998458774087,1423048509.0061033,-3.9896564462504616,33,16.981762096070316,-56.690517350466216,35.0,False
SETI_RADIO_PILOT_20261008_VAL_B:matched_rfi:002,783,epoch3_off,23.190599815055112,1423048457.9670417,-3.924639822681936,33,-23.016706482889692,-90.50276399116744,35.0,False
SETI_RADIO_PILOT_20261008_VAL_B:matched_rfi:003,2816,epoch1_off,23.225462617306857,1423042735.9211433,-3.968969338751385,33,32.48047430515808,-46.393855407641524,35.0,False
SETI_RADIO_PILOT_20261008_VAL_B:matched_rfi:003,2816,epoch2_off,24.81814296158887,1423042710.4016125,-3.9881787957148136,33,29.980021835873657,-50.72205526777516,35.0,False
SETI_RADIO_PILOT_20261008_VAL_B:matched_rfi:003,2816,epoch3_off,22.27073162372555,1423042682.0465784,-3.9601034355374956,33,10.480683158731825,-67.55007083521434,35.0,False
