file_key,sign,cluster_id,start,duration,field,unit,status,event_mean,predicted_event_mean,mean_residual,sum_residual,side_mad,side_rms,mad_displacement,slope_per_second
CH_PR100006_TG000302_V0300,positive,0,217,2,FLUX,electron,AVAILABLE,391020098.6341506,390886277.2466984,133821.38745227345,267642.7749045469,16060.691103269008,24000.42761817322,8.332230947710297,40.059355111828935
CH_PR100006_TG000302_V0300,positive,0,217,2,DARK,electron,AVAILABLE,23521.992558305486,23508.6145583795,13.377999925985918,26.755999851971836,53.92502344430603,64.03892048826535,0.24808519443302177,-0.05802012919258189
CH_PR100006_TG000302_V0300,positive,0,217,2,BACKGROUND,electron,AVAILABLE,536078.8695428434,555219.6585156693,-19140.788972825816,-38281.57794565163,5026.295257390428,4285.099158605887,-3.808130639496775,-22.881783922236494
CH_PR100006_TG000302_V0300,positive,0,217,2,CONTA_LC,ratio,AVAILABLE,9.497491641956842e-06,9.648812198599e-06,-1.513205566421591e-07,-3.026411132843182e-07,3.353867630106624e-07,2.698566517691016e-07,-0.4511822568183718,-1.5040401525859503e-10
CH_PR100006_TG000302_V0300,positive,0,217,2,CONTA_LC_ERR,ratio,AVAILABLE,6.68373491502324e-07,6.68373491502324e-07,0.0,0.0,0.0,0.0,,0.0
CH_PR100006_TG000302_V0300,positive,0,217,2,SMEARING_LC,electron,AVAILABLE,315782.1679124739,41109.4254008801,274672.74251159385,549345.4850231877,427.9337728931757,946.57132252909,641.8580628833889,-0.3940959506624146
CH_PR100006_TG000302_V0300,positive,0,217,2,SMEARING_LC_ERR,ratio,AVAILABLE,0.0,0.0,0.0,0.0,0.0,0.0,,0.0
CH_PR100006_TG000302_V0300,positive,0,217,2,ROLL_ANGLE,degree,AVAILABLE,18.74558514700675,27.751741144138578,-9.00615599713183,-18.01231199426366,6.942359355391305,5.212987359619405,-1.2972759743613413,-0.08196740331541799
CH_PR100006_TG000302_V0300,positive,0,217,2,LOCATION_X,pixel,AVAILABLE,280.0,280.0,0.0,0.0,0.0,0.0,,0.0
CH_PR100006_TG000302_V0300,positive,0,217,2,LOCATION_Y,pixel,AVAILABLE,828.0,828.0,0.0,0.0,0.0,0.0,,0.0
CH_PR100006_TG000302_V0300,positive,0,217,2,CENTROID_X,pixel,AVAILABLE,280.27757263183594,280.28086090207887,-0.003288270242924928,-0.006576540485849856,0.14558368622355164,0.13104505930449925,-0.022586804388752806,-2.9825072598652482e-05
CH_PR100006_TG000302_V0300,positive,0,217,2,CENTROID_Y,pixel,AVAILABLE,827.1620788574219,827.0551528962136,0.10692596120831675,0.2138519224166335,0.10212930146044186,0.10608570706777347,1.046966538292958,-7.8222887504182e-05
CH_PR100006_TG000302_V0300,positive,0,217,2,OFFSET_X,pixel,AVAILABLE,0.2775726318359375,0.28086090207886244,-0.003288270242924928,-0.006576540485849856,0.14558368622355164,0.13104505930449925,-0.022586804388752806,-2.9825072598652482e-05
CH_PR100006_TG000302_V0300,positive,0,217,2,OFFSET_Y,pixel,AVAILABLE,-0.837921142578125,-0.9448471037864418,0.10692596120831675,0.2138519224166335,0.10212930146044186,0.10608570706777347,1.046966538292958,-7.8222887504182e-05
CH_PR100006_TG000302_V0300,positive,1,517,3,FLUX,electron,AVAILABLE,390977825.11358935,390862760.34724987,115064.76633950618,345194.29901851853,20030.294579998448,27342.376926202214,5.744536900341238,65.52969789990175
CH_PR100006_TG000302_V0300,positive,1,517,3,DARK,electron,AVAILABLE,23530.196041358882,23506.887496037965,23.308545320918274,69.92563596275482,55.00918733703464,69.75343601191608,0.42372095370378104,-0.04542244178807432
CH_PR100006_TG000302_V0300,positive,1,517,3,BACKGROUND,electron,AVAILABLE,537012.7704716201,553959.5536660597,-16946.783194439693,-50840.34958331908,5359.4988076961,4893.317193911429,-3.1620089494384356,-23.09993217037355
CH_PR100006_TG000302_V0300,positive,1,517,3,CONTA_LC,ratio,AVAILABLE,9.51214775405698e-06,9.675895264546627e-06,-1.6374751048964827e-07,-4.912425314689448e-07,3.1868206656240004e-07,2.429411838089243e-07,-0.5138271891354935,-1.554489474345239e-10
CH_PR100006_TG000302_V0300,positive,1,517,3,CONTA_LC_ERR,ratio,AVAILABLE,6.68373491502324e-07,6.68373491502324e-07,0.0,0.0,0.0,0.0,,0.0
CH_PR100006_TG000302_V0300,positive,1,517,3,SMEARING_LC,electron,AVAILABLE,259922.5289270409,41048.364225329606,218874.1647017113,656622.4941051339,415.07787379053843,902.7141173847813,527.3086775330313,-0.3237271549658258
CH_PR100006_TG000302_V0300,positive,1,517,3,SMEARING_LC_ERR,ratio,AVAILABLE,0.0,0.0,0.0,0.0,0.0,0.0,,0.0
CH_PR100006_TG000302_V0300,positive,1,517,3,ROLL_ANGLE,degree,AVAILABLE,20.42492200499267,29.885399623408038,-9.460477618415366,-28.381432855246096,6.856077783852035,5.124522596419649,-1.3798673114090705,-0.08291155850994172
CH_PR100006_TG000302_V0300,positive,1,517,3,LOCATION_X,pixel,AVAILABLE,280.0,280.0,0.0,0.0,0.0,0.0,,0.0
CH_PR100006_TG000302_V0300,positive,1,517,3,LOCATION_Y,pixel,AVAILABLE,828.0,828.0,0.0,0.0,0.0,0.0,,0.0
CH_PR100006_TG000302_V0300,positive,1,517,3,CENTROID_X,pixel,AVAILABLE,280.29628499348956,280.27536010842044,0.02092488506912296,0.06277465520736888,0.11998893517966294,0.14391369921700217,0.17439012220411423,-4.108133616322223e-06
CH_PR100006_TG000302_V0300,positive,1,517,3,CENTROID_Y,pixel,AVAILABLE,827.1980183919271,827.0600662360434,0.13795215588365387,0.41385646765096157,0.12524469808440675,0.10468418305463321,1.1014610438094803,-5.3065465516152394e-05
CH_PR100006_TG000302_V0300,positive,1,517,3,OFFSET_X,pixel,AVAILABLE,0.2962849934895833,0.2753601084204604,0.02092488506912296,0.06277465520736888,0.11998893517966294,0.14391369921700217,0.17439012220411423,-4.108133616322223e-06
CH_PR100006_TG000302_V0300,positive,1,517,3,OFFSET_Y,pixel,AVAILABLE,-0.8019816080729166,-0.9399337639565706,0.13795215588365387,0.41385646765096157,0.12524469808440675,0.10468418305463321,1.1014610438094803,-5.3065465516152394e-05
CH_PR100006_TG000302_V0300,positive,2,1064,2,FLUX,electron,AVAILABLE,390971986.83978426,390837941.3219526,134045.51783169503,268091.03566339007,16879.092328401915,15421.000020081625,7.941512210709392,23.92660598634689
CH_PR100006_TG000302_V0300,positive,2,1064,2,DARK,electron,AVAILABLE,23520.43179852563,23501.635372314642,18.796426210988095,37.59285242197619,56.61149089471703,62.39263412587032,0.33202492840092596,-0.019995283067936253
CH_PR100006_TG000302_V0300,positive,2,1064,2,BACKGROUND,electron,AVAILABLE,535662.6183914514,552490.4376184222,-16827.819226970787,-33655.638453941574,5158.802460990159,4439.426374664493,-3.2619623166848157,-21.186755983841497
CH_PR100006_TG000302_V0300,positive,2,1064,2,CONTA_LC,ratio,AVAILABLE,9.49891348870316e-06,9.636633345162957e-06,-1.37719856459797e-07,-2.75439712919594e-07,3.5481840186998216e-07,2.767995780031085e-07,-0.38814180925785907,-9.550910935924742e-11
CH_PR100006_TG000302_V0300,positive,2,1064,2,CONTA_LC_ERR,ratio,AVAILABLE,6.68373491502324e-07,6.68373491502324e-07,0.0,0.0,0.0,0.0,,0.0
CH_PR100006_TG000302_V0300,positive,2,1064,2,SMEARING_LC,electron,AVAILABLE,315809.1330442936,41119.87162584768,274689.26141844597,549378.5228368919,393.52933606111594,981.9885698817938,698.0146999149922,-0.38428030776478606
CH_PR100006_TG000302_V0300,positive,2,1064,2,SMEARING_LC_ERR,ratio,AVAILABLE,0.0,0.0,0.0,0.0,0.0,0.0,,0.0
CH_PR100006_TG000302_V0300,positive,2,1064,2,ROLL_ANGLE,degree,AVAILABLE,18.80543475769383,27.50921932393561,-8.70378456624178,-17.40756913248356,6.65488512840089,5.039573168588128,-1.307879008924865,-0.08161259929729318
CH_PR100006_TG000302_V0300,positive,2,1064,2,LOCATION_X,pixel,AVAILABLE,280.0,280.0,0.0,0.0,0.0,0.0,,0.0
CH_PR100006_TG000302_V0300,positive,2,1064,2,LOCATION_Y,pixel,AVAILABLE,828.0,828.0,0.0,0.0,0.0,0.0,,0.0
CH_PR100006_TG000302_V0300,positive,2,1064,2,CENTROID_X,pixel,AVAILABLE,280.24937438964844,280.2662938416831,-0.016919452034638426,-0.03383890406927685,0.14998634603504782,0.13800436381627612,-0.11280661528139901,3.7862595523526106e-05
CH_PR100006_TG000302_V0300,positive,2,1064,2,CENTROID_Y,pixel,AVAILABLE,827.1940612792969,827.059697470669,0.13436380862786182,0.26872761725572364,0.1401243692520382,0.10928873347487156,0.9588896588443157,-3.168517337835385e-05
CH_PR100006_TG000302_V0300,positive,2,1064,2,OFFSET_X,pixel,AVAILABLE,0.2493743896484375,0.2662938416830759,-0.016919452034638426,-0.03383890406927685,0.14998634603504782,0.13800436381627612,-0.11280661528139901,3.7862595523526106e-05
CH_PR100006_TG000302_V0300,positive,2,1064,2,OFFSET_Y,pixel,AVAILABLE,-0.805938720703125,-0.9403025293309868,0.13436380862786182,0.26872761725572364,0.1401243692520382,0.10928873347487156,0.9588896588443157,-3.168517337835385e-05
CH_PR100006_TG000302_V0300,negative,0,738,1,FLUX,electron,AVAILABLE,390502376.98916394,390729428.0724449,-227051.08328097596,-227051.08328097596,25684.885345913583,38519.952437336906,-8.839871396081563,36.856814524440416
CH_PR100006_TG000302_V0300,negative,0,738,1,DARK,electron,AVAILABLE,23529.85101365738,23519.453052704164,10.39796095321405,10.39796095321405,32.054781497032614,48.75224955149698,0.32438096494829055,0.013805105272833311
CH_PR100006_TG000302_V0300,negative,0,738,1,BACKGROUND,electron,AVAILABLE,564794.1018454618,556909.5583148294,7884.543530632424,7884.543530632424,17476.806045679412,11934.435124875301,0.45114327583795716,-3.8346853830296275
CH_PR100006_TG000302_V0300,negative,0,738,1,CONTA_LC,ratio,AVAILABLE,1.0015145317847777e-05,9.20751959690843e-06,8.07625720939345e-07,8.07625720939345e-07,3.4622609581009757e-07,2.896122767671543e-07,2.3326540971721603,9.745887558744546e-10
CH_PR100006_TG000302_V0300,negative,0,738,1,CONTA_LC_ERR,ratio,AVAILABLE,6.68373491502324e-07,6.68373491502324e-07,0.0,0.0,0.0,0.0,,0.0
CH_PR100006_TG000302_V0300,negative,0,738,1,SMEARING_LC,electron,AVAILABLE,41454.85696743734,65679.91317158748,-24225.056204150133,-24225.056204150133,47409.176564029694,66030.21639861028,-0.5109782105460607,88.60911109832932
CH_PR100006_TG000302_V0300,negative,0,738,1,SMEARING_LC_ERR,ratio,AVAILABLE,0.0,0.0,0.0,0.0,0.0,0.0,,0.0
CH_PR100006_TG000302_V0300,negative,0,738,1,ROLL_ANGLE,degree,AVAILABLE,83.85972963719678,77.48918903105744,6.370540606139342,6.370540606139342,3.458471847995756,3.916237334913532,1.8420102536995293,-0.0925787643406634
CH_PR100006_TG000302_V0300,negative,0,738,1,LOCATION_X,pixel,AVAILABLE,280.0,280.0,0.0,0.0,0.0,0.0,,0.0
CH_PR100006_TG000302_V0300,negative,0,738,1,LOCATION_Y,pixel,AVAILABLE,828.0,828.0,0.0,0.0,0.0,0.0,,0.0
CH_PR100006_TG000302_V0300,negative,0,738,1,CENTROID_X,pixel,AVAILABLE,280.295166015625,280.28730901106314,0.007857004561869585,0.007857004561869585,0.08313599858408355,0.15143828226864878,0.09450785093924179,2.071082920803275e-06
CH_PR100006_TG000302_V0300,negative,0,738,1,CENTROID_Y,pixel,AVAILABLE,827.0636596679688,827.1115722704128,-0.04791260244404322,-0.04791260244404322,0.12016280458867896,0.12352742574604746,-0.3987307271002,4.139173766242754e-05
CH_PR100006_TG000302_V0300,negative,0,738,1,OFFSET_X,pixel,AVAILABLE,0.295166015625,0.2873090110631304,0.007857004561869585,0.007857004561869585,0.08313599858408355,0.15143828226864878,0.09450785093924179,2.071082920803275e-06
CH_PR100006_TG000302_V0300,negative,0,738,1,OFFSET_Y,pixel,AVAILABLE,-0.93634033203125,-0.8884277295872068,-0.04791260244404322,-0.04791260244404322,0.12016280458867896,0.12352742574604746,-0.3987307271002,4.139173766242754e-05
CH_PR100006_TG000303_V0300,positive,0,444,3,FLUX,electron,AVAILABLE,390951328.60668856,390776990.9145268,174337.69216172947,523013.07648518845,23040.2007041985,24742.283314391407,7.566674196981313,37.989791308996935
CH_PR100006_TG000303_V0300,positive,0,444,3,DARK,electron,AVAILABLE,23519.671126795965,23511.39734424185,8.273782554117265,24.821347662351794,61.76891106707429,66.23509537549309,0.13394735978318997,-0.028600538057034938
CH_PR100006_TG000303_V0300,positive,0,444,3,BACKGROUND,electron,AVAILABLE,538050.0610913971,554670.8406259048,-16620.779534507663,-49862.33860352299,5858.768054441139,4586.100927162368,-2.836906902622398,-20.663207568152256
CH_PR100006_TG000303_V0300,positive,0,444,3,CONTA_LC,ratio,AVAILABLE,9.582032726552993e-06,9.68764537730758e-06,-1.0561265075458808e-07,-3.1683795226376427e-07,3.274326313742939e-07,2.8509167318799235e-07,-0.3225477262645226,-1.048640477140795e-11
CH_PR100006_TG000303_V0300,positive,0,444,3,CONTA_LC_ERR,ratio,AVAILABLE,6.484558392215259e-07,6.484558392215258e-07,0.0,0.0,0.0,0.0,,0.0
CH_PR100006_TG000303_V0300,positive,0,444,3,SMEARING_LC,electron,AVAILABLE,265605.4992376047,40992.052841729266,224613.4463958754,673840.3391876261,344.30836748851414,768.6453566789901,652.3612772883549,-0.450210289761876
CH_PR100006_TG000303_V0300,positive,0,444,3,SMEARING_LC_ERR,ratio,AVAILABLE,0.0,0.0,0.0,0.0,0.0,0.0,,0.0
CH_PR100006_TG000303_V0300,positive,0,444,3,ROLL_ANGLE,degree,AVAILABLE,19.35091558190925,28.43508025091894,-9.084164669009693,-27.252494007029078,6.560015364728103,4.96496398132638,-1.3847779561391638,-0.08149920815509934
CH_PR100006_TG000303_V0300,positive,0,444,3,LOCATION_X,pixel,AVAILABLE,280.0,280.0,0.0,0.0,0.0,0.0,,0.0
CH_PR100006_TG000303_V0300,positive,0,444,3,LOCATION_Y,pixel,AVAILABLE,828.0,828.0,0.0,0.0,0.0,0.0,,0.0
CH_PR100006_TG000303_V0300,positive,0,444,3,CENTROID_X,pixel,AVAILABLE,280.3297526041667,280.27438100168985,0.055371602476793035,0.1661148074303791,0.13443726471757156,0.1370234904000088,0.4118768898870323,2.997259477128159e-05
CH_PR100006_TG000303_V0300,positive,0,444,3,CENTROID_Y,pixel,AVAILABLE,827.1730346679688,827.0730158489382,0.10001881903055439,0.3000564570916632,0.09318967390602732,0.11658125611229506,1.0732822086212426,-4.2538873992772216e-05
CH_PR100006_TG000303_V0300,positive,0,444,3,OFFSET_X,pixel,AVAILABLE,0.3297526041666667,0.2743810016898736,0.055371602476793035,0.1661148074303791,0.13443726471757156,0.1370234904000088,0.4118768898870323,2.997259477128159e-05
CH_PR100006_TG000303_V0300,positive,0,444,3,OFFSET_Y,pixel,AVAILABLE,-0.82696533203125,-0.9269841510618044,0.10001881903055439,0.3000564570916632,0.09318967390602732,0.11658125611229506,1.0732822086212426,-4.2538873992772216e-05
CH_PR100006_TG000303_V0300,positive,1,681,3,FLUX,electron,AVAILABLE,390881598.92657906,390774934.8272713,106664.09930779836,319992.29792339506,14406.157908834637,26452.50764622874,7.404062900239775,35.51833692271485
CH_PR100006_TG000303_V0300,positive,1,681,3,DARK,electron,AVAILABLE,23513.854712419296,23522.600988950555,-8.74627653126205,-26.23882959378615,57.58223019495634,56.331591397581434,-0.15189193787127997,-0.017991316548327266
CH_PR100006_TG000303_V0300,positive,1,681,3,BACKGROUND,electron,AVAILABLE,537981.3725210069,555046.8626314328,-17065.490110426137,-51196.47033127841,5681.84290819079,4235.632161556365,-3.003513188621423,-22.449305874946177
CH_PR100006_TG000303_V0300,positive,1,681,3,CONTA_LC,ratio,AVAILABLE,9.383571985712195e-06,9.710881434500113e-06,-3.2730944878791676e-07,-9.819283463637502e-07,3.08124360947501e-07,3.060972564025497e-07,-1.0622641059000348,5.899288728002632e-11
CH_PR100006_TG000303_V0300,positive,1,681,3,CONTA_LC_ERR,ratio,AVAILABLE,6.484558392215259e-07,6.484558392215258e-07,0.0,0.0,0.0,0.0,,0.0
CH_PR100006_TG000303_V0300,positive,1,681,3,SMEARING_LC,electron,AVAILABLE,246594.356429982,40932.73550764873,205661.62092233324,616984.8627669998,352.95359547657955,649.5307297746738,582.6874228172583,-0.6285181031391528
CH_PR100006_TG000303_V0300,positive,1,681,3,SMEARING_LC_ERR,ratio,AVAILABLE,0.0,0.0,0.0,0.0,0.0,0.0,,0.0
CH_PR100006_TG000303_V0300,positive,1,681,3,ROLL_ANGLE,degree,AVAILABLE,16.388415021334975,25.483888067477867,-9.095473046142892,-27.286419138428677,6.842733439752984,5.079357742207504,-1.3292163323654516,-0.07896327036028958
CH_PR100006_TG000303_V0300,positive,1,681,3,LOCATION_X,pixel,AVAILABLE,280.0,280.0,0.0,0.0,0.0,0.0,,0.0
CH_PR100006_TG000303_V0300,positive,1,681,3,LOCATION_Y,pixel,AVAILABLE,828.0,828.0,0.0,0.0,0.0,0.0,,0.0
CH_PR100006_TG000303_V0300,positive,1,681,3,CENTROID_X,pixel,AVAILABLE,280.2173156738281,280.2894185391789,-0.07210286535076448,-0.21630859605229344,0.11364573357813725,0.13787486656196196,-0.6344529009634143,2.5432806266817145e-05
CH_PR100006_TG000303_V0300,positive,1,681,3,CENTROID_Y,pixel,AVAILABLE,827.1645304361979,827.067329405199,0.09720103099896443,0.2916030929968933,0.12668039875156095,0.11001254973109431,0.767293377325012,-5.1013640391158004e-05
CH_PR100006_TG000303_V0300,positive,1,681,3,OFFSET_X,pixel,AVAILABLE,0.217315673828125,0.2894185391788895,-0.07210286535076448,-0.21630859605229344,0.11364573357813725,0.13787486656196196,-0.6344529009634143,2.5432806266817145e-05
CH_PR100006_TG000303_V0300,positive,1,681,3,OFFSET_Y,pixel,AVAILABLE,-0.8354695638020834,-0.9326705948010477,0.09720103099896443,0.2916030929968933,0.12668039875156095,0.11001254973109431,0.767293377325012,-5.1013640391158004e-05
CH_PR100006_TG000304_V0300,positive,0,274,2,FLUX,electron,AVAILABLE,390590600.82768285,390451961.3028531,138639.52482971753,277279.04965943506,16373.771715093466,25944.996609174672,8.467170987972098,-24.031107870595008
CH_PR100006_TG000304_V0300,positive,0,274,2,DARK,electron,AVAILABLE,24625.291868308923,24726.41843058862,-101.12656227969943,-202.25312455939886,61.17277507728671,53.94135330837335,-1.6531302062385502,-0.0022483186236013667
CH_PR100006_TG000304_V0300,positive,0,274,2,BACKGROUND,electron,AVAILABLE,536746.597099754,554788.6866294143,-18042.089529660305,-36084.17905932061,6422.78723372231,4847.846035284651,-2.8090747635126094,-19.453643616159987
CH_PR100006_TG000304_V0300,positive,0,274,2,CONTA_LC,ratio,AVAILABLE,9.442290660277289e-06,9.72035730160419e-06,-2.780666413269011e-07,-5.561332826538022e-07,3.0273190250109254e-07,2.8865157668000205e-07,-0.9185244073372728,7.105136342449298e-11
CH_PR100006_TG000304_V0300,positive,0,274,2,CONTA_LC_ERR,ratio,AVAILABLE,6.326300353765263e-07,6.326300353765263e-07,0.0,0.0,0.0,0.0,,0.0
CH_PR100006_TG000304_V0300,positive,0,274,2,SMEARING_LC,electron,AVAILABLE,307141.90521594003,41311.5273527618,265830.3778631782,531660.7557263564,347.1442864072805,1024.0688960120951,765.7633677752591,-0.32297570610974957
CH_PR100006_TG000304_V0300,positive,0,274,2,SMEARING_LC_ERR,ratio,AVAILABLE,0.0,0.0,0.0,0.0,0.0,0.0,,0.0
CH_PR100006_TG000304_V0300,positive,0,274,2,ROLL_ANGLE,degree,AVAILABLE,19.667593045117883,25.965807091587077,-6.2982140464691945,-12.596428092938389,4.735784951128735,3.6783693059725655,-1.3299197728494974,-0.07944653323499509
CH_PR100006_TG000304_V0300,positive,0,274,2,LOCATION_X,pixel,AVAILABLE,280.0,280.0,0.0,0.0,0.0,0.0,,0.0
CH_PR100006_TG000304_V0300,positive,0,274,2,LOCATION_Y,pixel,AVAILABLE,828.0,828.0,0.0,0.0,0.0,0.0,,0.0
CH_PR100006_TG000304_V0300,positive,0,274,2,CENTROID_X,pixel,AVAILABLE,280.1468048095703,280.28307979035577,-0.136274980785479,-0.272549961570958,0.06561398862587454,0.09159309112092813,-2.0769196270403176,5.137234458962569e-05
CH_PR100006_TG000304_V0300,positive,0,274,2,CENTROID_Y,pixel,AVAILABLE,827.0794372558594,827.086275733251,-0.006838477391677214,-0.013676954783354428,0.0634078940240831,0.08428966905829294,-0.10784899099597718,-2.3007568944119974e-05
CH_PR100006_TG000304_V0300,positive,0,274,2,OFFSET_X,pixel,AVAILABLE,0.1468048095703125,0.2830797903557915,-0.136274980785479,-0.272549961570958,0.06561398862587454,0.09159309112092813,-2.0769196270403176,5.137234458962569e-05
CH_PR100006_TG000304_V0300,positive,0,274,2,OFFSET_Y,pixel,AVAILABLE,-0.920562744140625,-0.9137242667489478,-0.006838477391677214,-0.013676954783354428,0.0634078940240831,0.08428966905829294,-0.10784899099597718,-2.3007568944119974e-05
CH_PR100006_TG000304_V0300,positive,1,434,1,FLUX,electron,AVAILABLE,390660930.235289,390469895.87267774,191034.36261125453,191034.36261125453,19570.919292807128,23010.630794698907,9.761133841140774,30.93926190031447
CH_PR100006_TG000304_V0300,positive,1,434,1,DARK,electron,AVAILABLE,24762.765694350735,24710.726807706757,52.03888664397907,52.03888664397907,56.00494101150353,57.19591469563574,0.9291838488552318,-0.0010114786747586605
CH_PR100006_TG000304_V0300,positive,1,434,1,BACKGROUND,electron,AVAILABLE,543428.6264050164,555354.2795772875,-11925.653172271075,-11925.653172271075,6377.890425957703,5353.656288367188,-1.8698429066348097,-21.031256081090337
CH_PR100006_TG000304_V0300,positive,1,434,1,CONTA_LC,ratio,AVAILABLE,9.544418241949405e-06,9.669231018660448e-06,-1.2481277671104258e-07,-1.2481277671104258e-07,2.6849388435206517e-07,2.622330857103379e-07,-0.46486264300672353,6.511415787425642e-11
CH_PR100006_TG000304_V0300,positive,1,434,1,CONTA_LC_ERR,ratio,AVAILABLE,6.326300353765263e-07,6.326300353765263e-07,0.0,0.0,0.0,0.0,,0.0
CH_PR100006_TG000304_V0300,positive,1,434,1,SMEARING_LC,electron,AVAILABLE,334983.0834120183,41488.516094111095,293494.56731790723,293494.56731790723,458.89445510309287,1346.8076377796835,639.5687811306682,-0.23230672805721608
CH_PR100006_TG000304_V0300,positive,1,434,1,SMEARING_LC_ERR,ratio,AVAILABLE,0.0,0.0,0.0,0.0,0.0,0.0,,0.0
CH_PR100006_TG000304_V0300,positive,1,434,1,ROLL_ANGLE,degree,AVAILABLE,19.453569737732778,25.268866749107964,-5.815297011375187,-5.815297011375187,4.524319821785847,3.5837324684570797,-1.2853417177479207,-0.07954200749023066
CH_PR100006_TG000304_V0300,positive,1,434,1,LOCATION_X,pixel,AVAILABLE,280.0,280.0,0.0,0.0,0.0,0.0,,0.0
CH_PR100006_TG000304_V0300,positive,1,434,1,LOCATION_Y,pixel,AVAILABLE,828.0,828.0,0.0,0.0,0.0,0.0,,0.0
CH_PR100006_TG000304_V0300,positive,1,434,1,CENTROID_X,pixel,AVAILABLE,280.4219055175781,280.27376301375546,0.14814250382266506,0.14814250382266506,0.10738620289273797,0.0923473334704695,1.379530142905195,3.838287215654547e-05
CH_PR100006_TG000304_V0300,positive,1,434,1,CENTROID_Y,pixel,AVAILABLE,827.0404663085938,827.0676015250333,-0.027135216439537514,-0.027135216439537514,0.04368074830134742,0.06401498523635299,-0.6212168402504331,-1.7480254852024797e-05
CH_PR100006_TG000304_V0300,positive,1,434,1,OFFSET_X,pixel,AVAILABLE,0.421905517578125,0.2737630137554599,0.14814250382266506,0.14814250382266506,0.10738620289273797,0.0923473334704695,1.379530142905195,3.838287215654547e-05
CH_PR100006_TG000304_V0300,positive,1,434,1,OFFSET_Y,pixel,AVAILABLE,-0.95953369140625,-0.9323984749667125,-0.027135216439537514,-0.027135216439537514,0.04368074830134742,0.06401498523635299,-0.6212168402504331,-1.7480254852024797e-05
