group,case_denominator,final_ALL_cases,final_ANY_cases,active_ON_scan_denominator,localized_survivor_active_ON_scans,NO_ON_THRESHOLD_HIT_active_ON_scans,scan_weighting,global_maximum_robust_score_count,global_maximum_robust_score_minimum,global_maximum_robust_score_median,global_maximum_robust_score_maximum,global_maximum_divided_by_nominal_ideal_count,global_maximum_divided_by_nominal_ideal_minimum,global_maximum_divided_by_nominal_ideal_median,global_maximum_divided_by_nominal_ideal_maximum
ALL_64_CASES,64,52,59,128,115,13,Each active ON scan contributes one saved global maximum; scans within a case are not independent trials.,128,8.555767465790742,13.913264636440365,27.070503970639734,128,0.8025425556231244,1.0065852786723426,1.2091345217117522
nominal_ideal_box_score=10.0,16,6,12,32,21,11,Each active ON scan contributes one saved global maximum; scans within a case are not independent trials.,32,8.555767465790742,10.330403210242888,12.091345217117523,32,0.8555767465790742,1.0330403210242887,1.2091345217117522
nominal_ideal_box_score=12.0,16,14,15,32,30,2,Each active ON scan contributes one saved global maximum; scans within a case are not independent trials.,32,9.630510667477493,12.421541920217878,13.998993842529822,32,0.8025425556231244,1.0351284933514897,1.1665828202108186
nominal_ideal_box_score=16.0,16,16,16,32,32,0,Each active ON scan contributes one saved global maximum; scans within a case are not independent trials.,32,13.827535430350908,15.745883113533768,17.862204437890405,32,0.8642209643969317,0.9841176945958605,1.1163877773681503
nominal_ideal_box_score=24.0,16,16,16,32,32,0,Each active ON scan contributes one saved global maximum; scans within a case are not independent trials.,32,20.187960759895496,24.09003730320221,27.070503970639734,32,0.8411650316623124,1.0037515543000919,1.1279376654433222
activity=all_three_ON,32,25,32,96,88,8,Each active ON scan contributes one saved global maximum; scans within a case are not independent trials.,96,8.555767465790742,13.913264636440365,27.070503970639734,96,0.8296687383944404,1.018672974726537,1.2091345217117522
activity=single_third_ON,32,27,27,32,27,5,Each active ON scan contributes one saved global maximum; scans within a case are not independent trials.,32,8.986564234582438,13.834322517792693,26.5682681830075,32,0.8025425556231244,0.9757860613322171,1.1817620034333252
drift_hz_s=-4.0,16,14,16,32,29,3,Each active ON scan contributes one saved global maximum; scans within a case are not independent trials.,32,9.523699971481868,13.97261931246421,25.875090989362835,32,0.884019293169781,1.0240843814871565,1.2091345217117522
drift_hz_s=-1.25,16,12,14,32,28,4,Each active ON scan contributes one saved global maximum; scans within a case are not independent trials.,32,8.56615267129646,14.184920106402476,25.323956196613008,32,0.8025425556231244,1.0148422383822493,1.1817620034333252
drift_hz_s=1.25,16,12,14,32,28,4,Each active ON scan contributes one saved global maximum; scans within a case are not independent trials.,32,8.555767465790742,13.995690345612658,27.070503970639734,32,0.8555767465790742,1.0179396336751512,1.2035772879234878
drift_hz_s=4.0,16,14,15,32,30,2,Each active ON scan contributes one saved global maximum; scans within a case are not independent trials.,32,9.492377942570664,13.470484814535816,25.207577119726672,32,0.8296687383944404,0.9857415143628905,1.092786183226727
intrinsic_width_channels=1,32,27,30,64,59,5,Each active ON scan contributes one saved global maximum; scans within a case are not independent trials.,64,8.59165820593157,13.913264636440365,25.26512231393545,64,0.8411650316623124,1.0019926423887733,1.2091345217117522
intrinsic_width_channels=3,32,25,29,64,56,8,Each active ON scan contributes one saved global maximum; scans within a case are not independent trials.,64,8.555767465790742,14.085888152243527,27.070503970639734,64,0.8025425556231244,1.0230199565547045,1.2035772879234878
reference_native_offset=0.25,16,14,15,32,30,2,Each active ON scan contributes one saved global maximum; scans within a case are not independent trials.,32,8.555767465790742,14.419832855485385,25.4793993343019,32,0.8555767465790742,1.0264520896362317,1.2035772879234878
reference_native_offset=1024.25,16,12,15,32,27,5,Each active ON scan contributes one saved global maximum; scans within a case are not independent trials.,32,9.212915536132117,13.299802092950873,26.5682681830075,32,0.8296687383944404,0.9775312766503486,1.1817620034333252
reference_native_offset=3070.75,16,12,14,32,28,4,Each active ON scan contributes one saved global maximum; scans within a case are not independent trials.,32,8.56615267129646,14.07165126662316,27.070503970639734,32,0.8025425556231244,1.0139087028254812,1.1665828202108186
reference_native_offset=4094.75,16,14,15,32,30,2,Each active ON scan contributes one saved global maximum; scans within a case are not independent trials.,32,9.326335359575337,13.742140284497927,25.875090989362835,32,0.8981778981421956,1.0084281142112297,1.2091345217117522
nominal_ideal_box_score=10.0;activity=single_third_ON,8,4,4,8,4,4,Each active ON scan contributes one saved global maximum; scans within a case are not independent trials.,8,8.986564234582438,9.75374471849547,11.817620034333252,8,0.8986564234582438,0.9753744718495471,1.1817620034333252
nominal_ideal_box_score=10.0;activity=all_three_ON,8,2,8,24,17,7,Each active ON scan contributes one saved global maximum; scans within a case are not independent trials.,24,8.555767465790742,10.440317773468308,12.091345217117523,24,0.8555767465790742,1.0440317773468308,1.2091345217117522
nominal_ideal_box_score=12.0;activity=single_third_ON,8,7,7,8,7,1,Each active ON scan contributes one saved global maximum; scans within a case are not independent trials.,8,9.630510667477493,11.709432735986606,12.89321636906985,8,0.8025425556231244,0.9757860613322171,1.0744346974224874
nominal_ideal_box_score=12.0;activity=all_three_ON,8,7,8,24,23,1,Each active ON scan contributes one saved global maximum; scans within a case are not independent trials.,24,9.956024860733285,12.570908959848953,13.998993842529822,24,0.8296687383944404,1.0475757466540796,1.1665828202108186
nominal_ideal_box_score=16.0;activity=single_third_ON,8,8,8,8,8,0,Each active ON scan contributes one saved global maximum; scans within a case are not independent trials.,8,14.775428666515538,15.582550279439648,16.99614415249542,8,0.9234642916572211,0.973909392464978,1.0622590095309639
nominal_ideal_box_score=16.0;activity=all_three_ON,8,8,8,24,24,0,Each active ON scan contributes one saved global maximum; scans within a case are not independent trials.,24,13.827535430350908,15.745883113533768,17.862204437890405,24,0.8642209643969317,0.9841176945958605,1.1163877773681503
nominal_ideal_box_score=24.0;activity=single_third_ON,8,8,8,8,8,0,Each active ON scan contributes one saved global maximum; scans within a case are not independent trials.,8,20.187960759895496,23.995802925238443,26.5682681830075,8,0.8411650316623124,0.9998251218849352,1.1070111742919793
nominal_ideal_box_score=24.0;activity=all_three_ON,8,8,8,24,24,0,Each active ON scan contributes one saved global maximum; scans within a case are not independent trials.,24,21.623599106051177,24.09003730320221,27.070503970639734,24,0.9009832960854657,1.0037515543000919,1.1279376654433222
