case_id,scan_id,nominal_ideal_box_score,drift_hz_s,intrinsic_width_channels,activity,reference_native_offset,global_maximum_robust_score,global_maximum_divided_by_nominal_ideal,margin_above_original_ON_threshold,original_loss_stage,localized_survivor,case_final_ALL,case_final_ANY
SETI_RADIO_PILOT_20261008_METHOD_STUDY:method_signal:001,epoch3_on,10.0,-4.0,1,all_three_ON,4094.75,9.523699971481868,0.9523699971481868,-0.476300028518132,NO_ON_THRESHOLD_HIT,False,False,True
SETI_RADIO_PILOT_20261008_METHOD_STUDY:method_signal:002,epoch1_on,10.0,-4.0,3,all_three_ON,1024.25,9.530469540657183,0.9530469540657183,-0.4695304593428169,NO_ON_THRESHOLD_HIT,False,False,True
SETI_RADIO_PILOT_20261008_METHOD_STUDY:method_signal:002,epoch3_on,10.0,-4.0,3,all_three_ON,1024.25,9.736124723626258,0.9736124723626258,-0.2638752763737422,NO_ON_THRESHOLD_HIT,False,False,True
SETI_RADIO_PILOT_20261008_METHOD_STUDY:method_signal:003,epoch1_on,10.0,-1.25,3,all_three_ON,3070.75,8.56615267129646,0.8566152671296461,-1.4338473287035391,NO_ON_THRESHOLD_HIT,False,False,True
SETI_RADIO_PILOT_20261008_METHOD_STUDY:method_signal:004,epoch1_on,10.0,1.25,3,all_three_ON,0.25,8.555767465790742,0.8555767465790742,-1.4442325342092577,NO_ON_THRESHOLD_HIT,False,False,True
SETI_RADIO_PILOT_20261008_METHOD_STUDY:method_signal:006,epoch3_on,10.0,-1.25,1,all_three_ON,1024.25,9.272676533323422,0.9272676533323422,-0.7273234666765784,NO_ON_THRESHOLD_HIT,False,False,True
SETI_RADIO_PILOT_20261008_METHOD_STUDY:method_signal:007,epoch2_on,10.0,1.25,1,all_three_ON,3070.75,8.59165820593157,0.8591658205931569,-1.4083417940684306,NO_ON_THRESHOLD_HIT,False,False,True
SETI_RADIO_PILOT_20261008_METHOD_STUDY:method_signal:009,epoch3_on,10.0,-1.25,1,single_third_ON,4094.75,9.326335359575337,0.9326335359575337,-0.6736646404246631,NO_ON_THRESHOLD_HIT,False,False,False
SETI_RADIO_PILOT_20261008_METHOD_STUDY:method_signal:011,epoch3_on,10.0,1.25,3,single_third_ON,3070.75,8.986564234582438,0.8986564234582438,-1.0134357654175616,NO_ON_THRESHOLD_HIT,False,False,False
SETI_RADIO_PILOT_20261008_METHOD_STUDY:method_signal:012,epoch3_on,10.0,4.0,3,single_third_ON,0.25,9.492377942570664,0.9492377942570664,-0.5076220574293355,NO_ON_THRESHOLD_HIT,False,False,False
SETI_RADIO_PILOT_20261008_METHOD_STUDY:method_signal:014,epoch3_on,10.0,1.25,1,single_third_ON,1024.25,9.212915536132117,0.9212915536132117,-0.7870844638678829,NO_ON_THRESHOLD_HIT,False,False,False
SETI_RADIO_PILOT_20261008_METHOD_STUDY:method_signal:027,epoch3_on,12.0,-1.25,3,single_third_ON,3070.75,9.630510667477493,0.8025425556231244,-0.36948933252250704,NO_ON_THRESHOLD_HIT,False,False,False
SETI_RADIO_PILOT_20261008_METHOD_STUDY:method_signal:030,epoch1_on,12.0,4.0,3,all_three_ON,1024.25,9.956024860733285,0.8296687383944404,-0.043975139266715146,NO_ON_THRESHOLD_HIT,False,False,True
