case_id,carrier,ON_scan,ON_score,ON_width_channels,ON_drift_hz_s,ON_frequency_hz_at_tref,truth_localized,disposition,declared_OFF_native_offset_channels,declared_OFF_frequency_shift_hz,following_contaminated_OFF,veto_OFF_scans
SETI_RADIO_PILOT_20261008_VAL_B:near_off_contamination:000,1021,epoch1_on,11.57115241435239,1,0.010343553749538437,1423048528.8546271,True,OFF_MATCHED,2.0,-5.671006836905352,epoch1_off,epoch1_off
SETI_RADIO_PILOT_20261008_VAL_B:near_off_contamination:000,1022,epoch1_on,11.57115241435239,1,0.007388252678241614,1423048526.0191238,True,OFF_MATCHED,2.0,-5.671006836905352,epoch1_off,epoch1_off
SETI_RADIO_PILOT_20261008_VAL_B:near_off_contamination:000,1023,epoch1_on,11.57115241435239,1,0.002955301071296823,1423048523.1836205,True,OFF_MATCHED,2.0,-5.671006836905352,epoch1_off,epoch1_off
SETI_RADIO_PILOT_20261008_VAL_B:near_off_contamination:000,1024,epoch1_on,11.57115241435239,1,-0.0014776505356484115,1423048520.3481169,True,OFF_MATCHED,2.0,-5.671006836905352,epoch1_off,epoch1_off
SETI_RADIO_PILOT_20261008_VAL_B:near_off_contamination:000,1025,epoch1_on,11.57115241435239,1,-0.0044329516069447905,1423048517.5126135,True,OFF_MATCHED,2.0,-5.671006836905352,epoch1_off,epoch1_off
SETI_RADIO_PILOT_20261008_VAL_B:near_off_contamination:000,1026,epoch1_on,11.57115241435239,1,-0.007388252678241614,1423048514.6771102,True,OFF_MATCHED,2.0,-5.671006836905352,epoch1_off,epoch1_off
SETI_RADIO_PILOT_20261008_VAL_B:near_off_contamination:000,1027,epoch1_on,11.57115241435239,1,-0.010343553749538437,1423048511.8416066,True,OFF_MATCHED,2.0,-5.671006836905352,epoch1_off,epoch1_off
SETI_RADIO_PILOT_20261008_VAL_B:near_off_contamination:000,1028,epoch1_on,10.140589251626277,3,-0.011821204285186404,1423048509.0061033,True,OFF_MATCHED,2.0,-5.671006836905352,epoch1_off,epoch1_off
SETI_RADIO_PILOT_20261008_VAL_B:near_off_contamination:000,1029,epoch1_on,10.226749909855005,3,-0.014776505356483227,1423048506.1706,True,OFF_MATCHED,2.0,-5.671006836905352,epoch1_off,epoch1_off
SETI_RADIO_PILOT_20261008_VAL_B:near_off_contamination:001,3066,epoch1_on,10.035074228730133,1,0.016254155892131195,1423042730.2501364,True,OFF_MATCHED,8.0,-22.68402734762141,epoch1_off,epoch1_off
SETI_RADIO_PILOT_20261008_VAL_B:near_off_contamination:001,3067,epoch1_on,10.667462714290492,1,0.01329885482083526,1423042727.414633,True,OFF_MATCHED,8.0,-22.68402734762141,epoch1_off,epoch1_off
SETI_RADIO_PILOT_20261008_VAL_B:near_off_contamination:001,3068,epoch1_on,12.573048901088855,1,0.010343553749538437,1423042724.5791297,True,OFF_MATCHED,8.0,-22.68402734762141,epoch1_off,epoch1_off
SETI_RADIO_PILOT_20261008_VAL_B:near_off_contamination:001,3069,epoch1_on,12.573048901088855,1,0.007388252678241614,1423042721.743626,True,OFF_MATCHED,8.0,-22.68402734762141,epoch1_off,epoch1_off
SETI_RADIO_PILOT_20261008_VAL_B:near_off_contamination:001,3070,epoch1_on,12.573048901088855,1,0.002955301071296823,1423042718.9081228,True,OFF_MATCHED,8.0,-22.68402734762141,epoch1_off,epoch1_off
SETI_RADIO_PILOT_20261008_VAL_B:near_off_contamination:001,3071,epoch1_on,12.573048901088855,1,-0.0014776505356484115,1423042716.0726194,True,OFF_MATCHED,8.0,-22.68402734762141,epoch1_off,epoch1_off
SETI_RADIO_PILOT_20261008_VAL_B:near_off_contamination:001,3072,epoch1_on,12.573048901088855,1,-0.0044329516069447905,1423042713.2371159,True,OFF_MATCHED,8.0,-22.68402734762141,epoch1_off,epoch1_off
SETI_RADIO_PILOT_20261008_VAL_B:near_off_contamination:001,3073,epoch1_on,12.573048901088855,1,-0.007388252678241614,1423042710.4016125,True,OFF_MATCHED,8.0,-22.68402734762141,epoch1_off,epoch1_off
SETI_RADIO_PILOT_20261008_VAL_B:near_off_contamination:001,3074,epoch1_on,12.573048901088855,1,-0.010343553749538437,1423042707.5661092,True,OFF_MATCHED,8.0,-22.68402734762141,epoch1_off,epoch1_off
SETI_RADIO_PILOT_20261008_VAL_B:near_off_contamination:002,0,epoch1_on,13.082149782364016,3,-0.0014776505356484115,1423051423.9036174,True,OFF_MATCHED,2.0,-5.671006836905352,epoch1_off,epoch1_off
SETI_RADIO_PILOT_20261008_VAL_B:near_off_contamination:002,1,epoch1_on,13.082149782364016,3,-0.0044329516069447905,1423051421.068114,True,OFF_MATCHED,2.0,-5.671006836905352,epoch1_off,epoch1_off
SETI_RADIO_PILOT_20261008_VAL_B:near_off_contamination:002,2,epoch1_on,13.082149782364016,3,-0.007388252678241614,1423051418.2326107,True,OFF_MATCHED,2.0,-5.671006836905352,epoch1_off,epoch1_off
SETI_RADIO_PILOT_20261008_VAL_B:near_off_contamination:002,3,epoch1_on,13.082149782364016,3,-0.010343553749538437,1423051415.3971071,True,OFF_MATCHED,2.0,-5.671006836905352,epoch1_off,epoch1_off
SETI_RADIO_PILOT_20261008_VAL_B:near_off_contamination:002,4,epoch1_on,12.523164570739107,3,-0.013298854820834816,1423051412.5616038,True,OFF_MATCHED,2.0,-5.671006836905352,epoch1_off,epoch1_off
SETI_RADIO_PILOT_20261008_VAL_B:near_off_contamination:002,5,epoch1_on,12.022458621664216,3,-0.01625415589213164,1423051409.7261004,True,OFF_MATCHED,2.0,-5.671006836905352,epoch1_off,epoch1_off
SETI_RADIO_PILOT_20261008_VAL_B:near_off_contamination:002,6,epoch1_on,11.70634568067989,3,-0.019209456963428018,1423051406.8905969,True,OFF_MATCHED,2.0,-5.671006836905352,epoch1_off,epoch1_off
SETI_RADIO_PILOT_20261008_VAL_B:near_off_contamination:002,7,epoch1_on,10.861374353114257,3,-0.023642408570373252,1423051404.0550935,True,OFF_MATCHED,2.0,-5.671006836905352,epoch1_off,epoch1_off
SETI_RADIO_PILOT_20261008_VAL_B:near_off_contamination:002,8,epoch1_on,10.59138761471588,3,-0.025120059106021664,1423051401.2195902,True,OFF_MATCHED,2.0,-5.671006836905352,epoch1_off,epoch1_off
SETI_RADIO_PILOT_20261008_VAL_B:near_off_contamination:002,9,epoch1_on,10.471934510991455,3,-0.031030661248614866,1423051398.3840866,True,OFF_MATCHED,2.0,-5.671006836905352,epoch1_off,epoch1_off
SETI_RADIO_PILOT_20261008_VAL_B:near_off_contamination:002,10,epoch1_on,10.059207595228903,3,-0.03250831178426328,1423051395.5485833,True,OFF_MATCHED,2.0,-5.671006836905352,epoch1_off,epoch1_off
SETI_RADIO_PILOT_20261008_VAL_B:near_off_contamination:003,4087,epoch1_on,10.230851833824822,3,0.02659770964166963,1423039835.2011461,True,OFF_MATCHED,8.0,-22.68402734762141,epoch1_off,epoch1_off
SETI_RADIO_PILOT_20261008_VAL_B:near_off_contamination:003,4088,epoch1_on,10.930601136107311,3,0.02216475803472484,1423039832.3656428,True,OFF_MATCHED,8.0,-22.68402734762141,epoch1_off,epoch1_off
SETI_RADIO_PILOT_20261008_VAL_B:near_off_contamination:003,4089,epoch1_on,11.268424224626404,3,0.019209456963428018,1423039829.5301394,True,OFF_MATCHED,8.0,-22.68402734762141,epoch1_off,epoch1_off
SETI_RADIO_PILOT_20261008_VAL_B:near_off_contamination:003,4090,epoch1_on,11.60860354298074,3,0.016254155892131195,1423039826.6946359,True,OFF_MATCHED,8.0,-22.68402734762141,epoch1_off,epoch1_off
SETI_RADIO_PILOT_20261008_VAL_B:near_off_contamination:003,4091,epoch1_on,11.980581524316776,3,0.01329885482083526,1423039823.8591325,True,OFF_MATCHED,8.0,-22.68402734762141,epoch1_off,epoch1_off
SETI_RADIO_PILOT_20261008_VAL_B:near_off_contamination:003,4092,epoch1_on,11.819800257995139,3,0.010343553749538437,1423039821.0236292,True,OFF_MATCHED,8.0,-22.68402734762141,epoch1_off,epoch1_off
SETI_RADIO_PILOT_20261008_VAL_B:near_off_contamination:003,4093,epoch1_on,11.819800257995139,3,0.007388252678241614,1423039818.1881256,True,OFF_MATCHED,8.0,-22.68402734762141,epoch1_off,epoch1_off
SETI_RADIO_PILOT_20261008_VAL_B:near_off_contamination:003,4094,epoch1_on,11.819800257995139,3,0.002955301071296823,1423039815.3526223,True,OFF_MATCHED,8.0,-22.68402734762141,epoch1_off,epoch1_off
SETI_RADIO_PILOT_20261008_VAL_B:near_off_contamination:003,4095,epoch1_on,11.819800257995139,3,-0.0014776505356484115,1423039812.517119,True,OFF_MATCHED,8.0,-22.68402734762141,epoch1_off,epoch1_off
SETI_RADIO_PILOT_20261008_VAL_B:near_off_contamination:004,1024,epoch2_on,11.57865263726222,1,-0.0044329516069447905,1423048520.3481169,True,OFF_MATCHED,2.0,-5.671006836905352,epoch2_off,epoch2_off
SETI_RADIO_PILOT_20261008_VAL_B:near_off_contamination:004,1025,epoch2_on,10.357678965155763,3,-0.0044329516069447905,1423048517.5126135,True,OFF_MATCHED,2.0,-5.671006836905352,epoch2_off,epoch2_off
SETI_RADIO_PILOT_20261008_VAL_B:near_off_contamination:005,3069,epoch2_on,10.050998205102335,3,0.023642408570372808,1423042721.743626,True,OFF_MATCHED,8.0,-22.68402734762141,epoch2_off,epoch2_off
SETI_RADIO_PILOT_20261008_VAL_B:near_off_contamination:005,3070,epoch2_on,11.007920934060095,3,0.005910602142593646,1423042718.9081228,True,OFF_MATCHED,8.0,-22.68402734762141,epoch2_off,epoch2_off
SETI_RADIO_PILOT_20261008_VAL_B:near_off_contamination:005,3071,epoch2_on,13.802524964588807,1,-0.0044329516069447905,1423042716.0726194,True,OFF_MATCHED,8.0,-22.68402734762141,epoch2_off,epoch2_off
SETI_RADIO_PILOT_20261008_VAL_B:near_off_contamination:006,0,epoch2_on,13.093495268068867,3,-0.0044329516069447905,1423051423.9036174,True,OFF_MATCHED,2.0,-5.671006836905352,epoch2_off,epoch2_off
SETI_RADIO_PILOT_20261008_VAL_B:near_off_contamination:006,1,epoch2_on,11.91238502436258,3,-0.007388252678241614,1423051421.068114,True,OFF_MATCHED,2.0,-5.671006836905352,epoch2_off,epoch2_off
SETI_RADIO_PILOT_20261008_VAL_B:near_off_contamination:006,2,epoch2_on,11.707488302420233,3,-0.023642408570373252,1423051418.2326107,True,OFF_MATCHED,2.0,-5.671006836905352,epoch2_off,epoch2_off
SETI_RADIO_PILOT_20261008_VAL_B:near_off_contamination:007,4093,epoch2_on,11.248833879459276,3,0.023642408570372808,1423039818.1881256,True,OFF_MATCHED,8.0,-22.68402734762141,epoch2_off,epoch2_off
SETI_RADIO_PILOT_20261008_VAL_B:near_off_contamination:007,4094,epoch2_on,12.945303095441849,3,0.01329885482083526,1423039815.3526223,True,OFF_MATCHED,8.0,-22.68402734762141,epoch2_off,epoch2_off
SETI_RADIO_PILOT_20261008_VAL_B:near_off_contamination:007,4095,epoch2_on,13.234484688294314,3,-0.0044329516069447905,1423039812.517119,True,OFF_MATCHED,8.0,-22.68402734762141,epoch2_off,epoch2_off
SETI_RADIO_PILOT_20261008_VAL_B:near_off_contamination:009,3067,epoch3_on,10.148043416831706,3,-0.02068710749907643,1423042727.414633,True,OFF_MATCHED,8.0,-22.68402734762141,epoch3_off,epoch3_off
SETI_RADIO_PILOT_20261008_VAL_B:near_off_contamination:009,3068,epoch3_on,10.463089363973934,3,-0.014776505356483227,1423042724.5791297,True,OFF_MATCHED,8.0,-22.68402734762141,epoch3_off,epoch3_off
SETI_RADIO_PILOT_20261008_VAL_B:near_off_contamination:009,3069,epoch3_on,12.153151195541747,1,-0.010343553749538437,1423042721.743626,True,OFF_MATCHED,8.0,-22.68402734762141,epoch3_off,epoch3_off
SETI_RADIO_PILOT_20261008_VAL_B:near_off_contamination:009,3070,epoch3_on,12.942019803899557,1,-0.005910602142593202,1423042718.9081228,True,OFF_MATCHED,8.0,-22.68402734762141,epoch3_off,epoch3_off
SETI_RADIO_PILOT_20261008_VAL_B:near_off_contamination:009,3071,epoch3_on,12.942019803899557,1,-0.0014776505356484115,1423042716.0726194,True,OFF_MATCHED,8.0,-22.68402734762141,epoch3_off,epoch3_off
SETI_RADIO_PILOT_20261008_VAL_B:near_off_contamination:009,3072,epoch3_on,12.942019803899557,1,0.0044329516069447905,1423042713.2371159,True,OFF_MATCHED,8.0,-22.68402734762141,epoch3_off,epoch3_off
SETI_RADIO_PILOT_20261008_VAL_B:near_off_contamination:009,3073,epoch3_on,12.356716345426207,1,0.011821204285186404,1423042710.4016125,True,OFF_MATCHED,8.0,-22.68402734762141,epoch3_off,epoch3_off
SETI_RADIO_PILOT_20261008_VAL_B:near_off_contamination:010,0,epoch3_on,12.942299398112162,3,-0.0014776505356484115,1423051423.9036174,True,OFF_MATCHED,2.0,-5.671006836905352,epoch3_off,epoch3_off
SETI_RADIO_PILOT_20261008_VAL_B:near_off_contamination:010,1,epoch3_on,12.942299398112162,3,0.0044329516069447905,1423051421.068114,True,OFF_MATCHED,2.0,-5.671006836905352,epoch3_off,epoch3_off
SETI_RADIO_PILOT_20261008_VAL_B:near_off_contamination:010,2,epoch3_on,12.510759149246391,3,0.011821204285186404,1423051418.2326107,True,OFF_MATCHED,2.0,-5.671006836905352,epoch3_off,epoch3_off
SETI_RADIO_PILOT_20261008_VAL_B:near_off_contamination:010,3,epoch3_on,11.793704935775136,3,0.014776505356483227,1423051415.3971071,True,OFF_MATCHED,2.0,-5.671006836905352,epoch3_off,epoch3_off
SETI_RADIO_PILOT_20261008_VAL_B:near_off_contamination:010,4,epoch3_on,11.473193563332142,3,0.020687107499076873,1423051412.5616038,True,OFF_MATCHED,2.0,-5.671006836905352,epoch3_off,epoch3_off
SETI_RADIO_PILOT_20261008_VAL_B:near_off_contamination:010,5,epoch3_on,11.046912106742699,3,0.02659770964166963,1423051409.7261004,True,OFF_MATCHED,2.0,-5.671006836905352,epoch3_off,epoch3_off
SETI_RADIO_PILOT_20261008_VAL_B:near_off_contamination:010,6,epoch3_on,10.261953925474325,3,0.03250831178426328,1423051406.8905969,True,OFF_MATCHED,2.0,-5.671006836905352,epoch3_off,epoch3_off
SETI_RADIO_PILOT_20261008_VAL_B:near_off_contamination:011,4093,epoch3_on,10.362863533963555,3,-0.010343553749538437,1423039818.1881256,True,OFF_MATCHED,8.0,-22.68402734762141,epoch3_off,epoch3_off
SETI_RADIO_PILOT_20261008_VAL_B:near_off_contamination:011,4094,epoch3_on,10.469321735775106,3,-0.005910602142593202,1423039815.3526223,True,OFF_MATCHED,8.0,-22.68402734762141,epoch3_off,epoch3_off
SETI_RADIO_PILOT_20261008_VAL_B:near_off_contamination:011,4095,epoch3_on,10.469321735775106,3,-0.0014776505356484115,1423039812.517119,True,OFF_MATCHED,8.0,-22.68402734762141,epoch3_off,epoch3_off
