case_id,ON_carrier,ON_truth_localized,ON_score,ON_width_channels,ON_drift_hz_s,OFF_scan,is_following_contaminated_OFF,original_OFF_witness_score,original_witness_frequency_hz,original_witness_drift_hz_s,original_witness_width_channels,OFF_match_tolerance_channel_widths,first_ON_compatibility_error_channel_widths,last_ON_compatibility_error_channel_widths,declared_OFF_frequency_shift_hz,first_OFF_declared_line_error_channel_widths,last_OFF_declared_line_error_channel_widths,illustrative_OFF_line_localization_tolerance_channel_widths,witness_geometrically_localized_to_declared_following_OFF_line,checked_template_count_before_stop,original_partial_maximum_checked_score,family_exhausted
SETI_RADIO_PILOT_20261008_VAL_B:near_off_contamination:000,1021,True,11.57115241435239,1,0.010343553749538437,epoch1_off,True,9.881857731036407,1423048491.9930828,-0.03694126339120807,1,3.0,2.9988862600241215,-1.5001842405277575,-5.671006836905352,0.4498521346843369,-3.0650466938718037,2.5,False,23,12.634555244363575,False
SETI_RADIO_PILOT_20261008_VAL_B:near_off_contamination:000,1022,True,11.57115241435239,1,0.007388252678241614,epoch1_off,True,9.881857731036407,1423048491.9930828,-0.03694126339120807,1,3.0,2.998955842548598,-1.2189227517187713,-5.671006836905352,0.4498521346843369,-3.0650466938718037,2.5,False,23,9.911399475646405,False
SETI_RADIO_PILOT_20261008_VAL_B:near_off_contamination:000,1023,True,11.57115241435239,1,0.002955301071296823,epoch1_off,True,9.193060143898267,1423048489.1575792,-0.04137421499815286,1,3.0,2.998955758465265,-1.2189228358021045,-5.671006836905352,0.43383432636308406,-3.5028523616197758,2.5,False,23,9.881857731036407,False
SETI_RADIO_PILOT_20261008_VAL_B:near_off_contamination:000,1024,True,11.57115241435239,1,-0.0014776505356484115,epoch1_off,True,9.130552941223922,1423048489.1575792,-0.04285186553380127,1,3.0,2.9990254250730772,-0.937661262909785,-5.671006836905352,0.7618284090338105,-3.3154542320913034,2.5,False,23,9.193060143898267,False
SETI_RADIO_PILOT_20261008_VAL_B:near_off_contamination:000,1025,True,11.57115241435239,1,-0.0044329516069447905,epoch1_off,True,9.130552941223922,1423048489.1575792,-0.04285186553380127,1,3.0,2.9990950075977043,-0.6563997741006911,-5.671006836905352,0.7618284090338105,-3.3154542320913034,2.5,False,81,16.320115986588505,False
SETI_RADIO_PILOT_20261008_VAL_B:near_off_contamination:000,1026,True,11.57115241435239,1,-0.007388252678241614,epoch1_off,True,9.130552941223922,1423048489.1575792,-0.04285186553380127,1,3.0,2.9991645901221813,-0.375138285291706,-5.671006836905352,0.7618284090338105,-3.3154542320913034,2.5,False,81,14.292048229823585,False
SETI_RADIO_PILOT_20261008_VAL_B:near_off_contamination:000,1027,True,11.57115241435239,1,-0.010343553749538437,epoch1_off,True,9.130552941223922,1423048489.1575792,-0.04285186553380127,1,3.0,2.9992342567299937,-0.09387671239938644,-5.671006836905352,0.7618284090338105,-3.3154542320913034,2.5,False,81,12.634555244363575,False
SETI_RADIO_PILOT_20261008_VAL_B:near_off_contamination:000,1028,True,10.140589251626277,3,-0.011821204285186404,epoch1_off,True,8.906884792781264,1423048486.3220758,-0.04728481714074606,1,4.0,3.9991646464555144,0.6248617710416272,-5.671006836905352,0.7458106847958923,-3.7532598157559427,2.5,False,177,14.292048229823585,False
SETI_RADIO_PILOT_20261008_VAL_B:near_off_contamination:000,1029,True,10.226749909855005,3,-0.014776505356483227,epoch1_off,True,8.906884792781264,1423048486.3220758,-0.04728481714074606,1,4.0,3.9992342289799936,0.9061232598506135,-5.671006836905352,0.7458106847958923,-3.7532598157559427,2.5,False,177,12.634555244363575,False
SETI_RADIO_PILOT_20261008_VAL_B:near_off_contamination:001,3066,True,10.035074228730133,1,0.016254155892131195,epoch1_off,True,9.523152623799465,1423042662.1980543,-0.06649427410417452,3,4.0,3.998050905646155,-3.8753224703195697,-22.68402734762141,3.509733759098472,-2.81708413230258,3.5,False,300,10.15269291503151,False
SETI_RADIO_PILOT_20261008_VAL_B:near_off_contamination:001,3067,True,10.667462714290492,1,0.01329885482083526,epoch1_off,True,9.105683996657923,1423042659.362551,-0.0694495751754709,3,4.0,3.998050905646305,-3.875322470319462,-22.68402734762141,3.1657219521898274,-3.4422878454956916,3.5,True,300,11.018208473225739,False
SETI_RADIO_PILOT_20261008_VAL_B:near_off_contamination:001,3068,True,12.573048901088855,1,0.010343553749538437,epoch1_off,True,9.105683996657923,1423042659.362551,-0.0694495751754709,3,4.0,3.9981204881707795,-3.594060981510477,-22.68402734762141,3.1657219521898274,-3.4422878454956916,3.5,True,301,11.128413564578898,False
SETI_RADIO_PILOT_20261008_VAL_B:near_off_contamination:001,3069,True,12.573048901088855,1,0.007388252678241614,epoch1_off,True,8.219671346582738,1423042656.5270476,-0.07092722571111931,3,4.0,3.4981553773913525,-3.953430139147651,-22.68402734762141,2.4937160626105537,-4.25488968821722,3.5,False,300,11.606064126499033,False
SETI_RADIO_PILOT_20261008_VAL_B:near_off_contamination:001,3070,True,12.573048901088855,1,0.002955301071296823,epoch1_off,True,8.22400738011456,1423042656.5270476,-0.07388252678241614,3,4.0,3.9981901547787424,-3.3127994086180483,-22.68402734762141,3.149704227952007,-3.8800934291602744,3.5,False,300,10.41885726929884,False
SETI_RADIO_PILOT_20261008_VAL_B:near_off_contamination:001,3071,True,12.573048901088855,1,-0.0014776505356484115,epoch1_off,True,8.123660612481665,1423042656.5270476,-0.0753601773180641,3,4.0,3.998259737303071,-3.031537919809171,-22.68402734762141,3.477698310622633,-3.6926952996318585,3.5,False,301,10.156866232376967,False
SETI_RADIO_PILOT_20261008_VAL_B:near_off_contamination:001,3072,True,12.573048901088855,1,-0.0044329516069447905,epoch1_off,True,8.123660612481665,1423042656.5270476,-0.0753601773180641,3,4.0,3.998329403911029,-2.750276346916745,-22.68402734762141,3.477698310622633,-3.6926952996318585,3.5,False,300,9.523152623799465,False
SETI_RADIO_PILOT_20261008_VAL_B:near_off_contamination:001,3073,True,12.573048901088855,1,-0.007388252678241614,epoch1_off,True,8.123660612481665,1423042656.5270476,-0.0753601773180641,3,4.0,3.9983989864355083,-2.469014858107758,-22.68402734762141,3.477698310622633,-3.6926952996318585,3.5,False,300,9.105683996657923,False
SETI_RADIO_PILOT_20261008_VAL_B:near_off_contamination:001,3074,True,12.573048901088855,1,-0.010343553749538437,epoch1_off,True,8.599399316978847,1423042676.3755715,-0.04432951606944968,1,3.0,0.499199450759421,-2.734507471512212,-22.68402734762141,3.5898225484545367,-0.6280560458128313,2.5,False,81,8.599399316978847,False
SETI_RADIO_PILOT_20261008_VAL_B:near_off_contamination:002,0,True,13.082149782364016,3,-0.0014776505356484115,epoch1_off,True,8.40643600372339,1423051387.042073,-0.051717768747691295,1,4.0,3.9988166497494917,-0.7814457570868504,-5.671006836905352,0.7297929605580719,-4.191065399420525,3.5,False,82,12.26462052758949,False
SETI_RADIO_PILOT_20261008_VAL_B:near_off_contamination:002,1,True,13.082149782364016,3,-0.0044329516069447905,epoch1_off,True,8.40643600372339,1423051387.042073,-0.051717768747691295,1,4.0,3.9988862322741214,-0.5001842682777576,-5.671006836905352,0.7297929605580719,-4.191065399420525,3.5,False,82,11.993253025493493,False
SETI_RADIO_PILOT_20261008_VAL_B:near_off_contamination:002,2,True,13.082149782364016,3,-0.007388252678241614,epoch1_off,True,8.40643600372339,1423051387.042073,-0.051717768747691295,1,4.0,3.998955814798598,-0.21892277946877134,-5.671006836905352,0.7297929605580719,-4.191065399420525,3.5,False,82,10.866416576298745,False
SETI_RADIO_PILOT_20261008_VAL_B:near_off_contamination:002,3,True,13.082149782364016,3,-0.010343553749538437,epoch1_off,True,8.40643600372339,1423051387.042073,-0.051717768747691295,1,4.0,3.999025481406411,0.062338793423548235,-5.671006836905352,0.7297929605580719,-4.191065399420525,3.5,False,82,10.610842472491509,False
SETI_RADIO_PILOT_20261008_VAL_B:near_off_contamination:002,4,True,12.523164570739107,3,-0.013298854820834816,epoch1_off,True,8.40643600372339,1423051387.042073,-0.051717768747691295,1,4.0,3.999095063931038,0.3436002822326422,-5.671006836905352,0.7297929605580719,-4.191065399420525,3.5,False,82,8.40643600372339,False
SETI_RADIO_PILOT_20261008_VAL_B:near_off_contamination:002,5,True,12.022458621664216,3,-0.01625415589213164,epoch1_off,True,8.40643600372339,1423051387.042073,-0.051717768747691295,1,4.0,3.9991646464555144,0.6248617710416272,-5.671006836905352,0.7297929605580719,-4.191065399420525,3.5,False,177,14.854478247911093,False
SETI_RADIO_PILOT_20261008_VAL_B:near_off_contamination:002,6,True,11.70634568067989,3,-0.019209456963428018,epoch1_off,True,8.40643600372339,1423051387.042073,-0.051717768747691295,1,4.0,3.999234313063476,0.9061233439340546,-5.671006836905352,0.7297929605580719,-4.191065399420525,3.5,False,177,14.854478247911093,False
SETI_RADIO_PILOT_20261008_VAL_B:near_off_contamination:002,7,True,10.861374353114257,3,-0.023642408570373252,epoch1_off,True,9.019176482854041,1423051387.042073,-0.05319541928333971,1,4.0,3.9993038955879543,1.1873848327430407,-5.671006836905352,1.0577870432287984,-4.003667269892053,3.5,False,177,13.267214178634255,False
SETI_RADIO_PILOT_20261008_VAL_B:near_off_contamination:002,8,True,10.59138761471588,3,-0.025120059106021664,epoch1_off,True,8.40643600372339,1423051387.042073,-0.051717768747691295,1,4.0,3.999373478112432,1.4686463215520271,-5.671006836905352,0.7297929605580719,-4.191065399420525,3.5,False,177,12.26462052758949,False
SETI_RADIO_PILOT_20261008_VAL_B:near_off_contamination:002,9,True,10.471934510991455,3,-0.031030661248614866,epoch1_off,True,8.932390857945085,1423051384.2065694,-0.0576283708902845,1,4.0,3.999373478112432,1.4686463215520271,-5.671006836905352,1.0417692349075443,-4.441472937640024,3.5,False,177,11.07855357569981,False
SETI_RADIO_PILOT_20261008_VAL_B:near_off_contamination:002,10,True,10.059207595228903,3,-0.03250831178426328,epoch1_off,True,9.019176482854041,1423051387.042073,-0.05319541928333971,1,4.0,3.9995127272448716,2.0311693832534408,-5.671006836905352,1.0577870432287984,-4.003667269892053,3.5,False,177,10.866416576298745,False
SETI_RADIO_PILOT_20261008_VAL_B:near_off_contamination:003,4087,True,10.230851833824822,3,0.02659770964166963,epoch1_off,True,9.682722661783114,1423039750.1360435,-0.07683782785371251,3,5.0,4.997563632057692,-4.844153087899462,-22.68402734762141,2.805692336960026,-4.505297226436718,3.5,False,506,13.085366480728919,False
SETI_RADIO_PILOT_20261008_VAL_B:near_off_contamination:003,4088,True,10.930601136107311,3,0.02216475803472484,epoch1_off,True,8.355905378998251,1423039747.3005402,-0.08127077946065775,3,5.0,4.997563632057843,-4.844153087899357,-22.68402734762141,2.7896746127222056,-4.943102810101301,3.5,False,506,12.210851370194531,False
SETI_RADIO_PILOT_20261008_VAL_B:near_off_contamination:003,4089,True,11.268424224626404,3,0.019209456963428018,epoch1_off,True,8.355905378998251,1423039747.3005402,-0.08127077946065775,3,5.0,4.997633214582317,-4.562891599090367,-22.68402734762141,2.7896746127222056,-4.943102810101301,3.5,False,505,11.772283704030993,False
SETI_RADIO_PILOT_20261008_VAL_B:near_off_contamination:003,4090,True,11.60860354298074,3,0.016254155892131195,epoch1_off,True,8.38873313464553,1423039767.149064,-0.054673069818987674,1,4.0,2.9983293475775454,-3.750276403250186,-22.68402734762141,3.885781098566091,-1.3162691676969696,3.5,False,23,8.38873313464553,False
SETI_RADIO_PILOT_20261008_VAL_B:near_off_contamination:003,4091,True,11.980581524316776,3,0.01329885482083526,epoch1_off,True,8.38873313464553,1423039767.149064,-0.054673069818987674,1,4.0,2.9983989301023257,-3.469014914440983,-22.68402734762141,3.885781098566091,-1.3162691676969696,3.5,False,23,8.38873313464553,False
SETI_RADIO_PILOT_20261008_VAL_B:near_off_contamination:003,4092,True,11.819800257995139,3,0.010343553749538437,epoch1_off,True,8.38873313464553,1423039767.149064,-0.054673069818987674,1,4.0,2.998468512626805,-3.1877534256319984,-22.68402734762141,3.885781098566091,-1.3162691676969696,3.5,False,23,8.38873313464553,False
SETI_RADIO_PILOT_20261008_VAL_B:near_off_contamination:003,4093,True,11.819800257995139,3,0.007388252678241614,epoch1_off,True,8.38873313464553,1423039767.149064,-0.054673069818987674,1,4.0,2.998538179234615,-2.9064918527396775,-22.68402734762141,3.885781098566091,-1.3162691676969696,3.5,False,23,8.38873313464553,False
SETI_RADIO_PILOT_20261008_VAL_B:near_off_contamination:003,4094,True,11.819800257995139,3,0.002955301071296823,epoch1_off,True,8.38873313464553,1423039767.149064,-0.054673069818987674,1,4.0,2.4986425668964816,-2.984599605651092,-22.68402734762141,3.885781098566091,-1.3162691676969696,3.5,False,82,8.93054529071683,False
SETI_RADIO_PILOT_20261008_VAL_B:near_off_contamination:003,4095,True,11.819800257995139,3,-0.0014776505356484115,epoch1_off,True,8.38873313464553,1423039767.149064,-0.054673069818987674,1,4.0,1.998746954558198,-3.062707358562612,-22.68402734762141,3.885781098566091,-1.3162691676969696,3.5,False,82,8.93054529071683,False
SETI_RADIO_PILOT_20261008_VAL_B:near_off_contamination:004,1024,True,11.57865263726222,1,-0.0044329516069447905,epoch2_off,True,8.89500466046486,1423048517.5126135,-0.033985962319911245,1,3.0,2.12045943732365,-0.6914596255212618,-5.671006836905352,0.8831928034749811,-2.350514118796651,2.5,True,76,12.803817227407379,False
SETI_RADIO_PILOT_20261008_VAL_B:near_off_contamination:004,1025,True,10.357678965155763,3,-0.0044329516069447905,epoch2_off,True,8.89500466046486,1423048517.5126135,-0.033985962319911245,1,4.0,3.12045940957365,0.3085403467287381,-5.671006836905352,0.8831928034749811,-2.350514118796651,2.5,True,165,15.298404984382817,False
SETI_RADIO_PILOT_20261008_VAL_B:near_off_contamination:005,3069,True,10.050998205102335,3,0.023642408570372808,epoch2_off,True,8.951705325023385,1423042704.7306056,-0.07979312892500934,3,5.0,4.921607931841063,-4.920108788116088,-22.68402734762141,2.888800372872416,-4.7033810968088385,3.5,False,480,10.379814403431388,False
SETI_RADIO_PILOT_20261008_VAL_B:near_off_contamination:005,3070,True,11.007920934060095,3,0.005910602142593646,epoch2_off,True,9.554310804037398,1423042704.7306056,-0.08865903213889936,3,5.0,4.985470081219052,-4.012670919884701,-22.68402734762141,2.7931115206267574,-5.642645667907979,3.5,False,479,9.554310804037398,False
SETI_RADIO_PILOT_20261008_VAL_B:near_off_contamination:005,3071,True,13.802524964588807,1,-0.0044329516069447905,epoch2_off,True,8.951705325023385,1423042704.7306056,-0.07979312892500934,3,4.0,3.957171437246151,-3.213222173008383,-22.68402734762141,2.888800372872416,-4.7033810968088385,3.5,False,285,10.379814403431388,False
SETI_RADIO_PILOT_20261008_VAL_B:near_off_contamination:006,0,True,13.093495268068867,3,-0.0044329516069447905,epoch2_off,True,8.282616658097346,1423051421.068114,-0.050240118212042884,1,4.0,3.8367121125891677,-0.521762434820455,-5.671006836905352,0.7077632410246077,-4.072499165811734,3.5,False,70,10.596009473337899,False
SETI_RADIO_PILOT_20261008_VAL_B:near_off_contamination:006,1,True,11.91238502436258,3,-0.007388252678241614,epoch2_off,True,9.241937890110599,1423051421.068114,-0.04432951606944968,1,4.0,3.900574261967063,0.38567543341092253,-5.671006836905352,0.7715558091883787,-3.4463227850789893,3.5,True,70,9.241937890110599,False
SETI_RADIO_PILOT_20261008_VAL_B:near_off_contamination:006,2,True,11.707488302420233,3,-0.023642408570373252,epoch2_off,True,8.282616658097346,1423051421.068114,-0.050240118212042884,1,4.0,3.8084134408662664,1.2776862843058623,-5.671006836905352,0.7077632410246077,-4.072499165811734,3.5,False,165,11.69043186265754,False
SETI_RADIO_PILOT_20261008_VAL_B:near_off_contamination:007,4093,True,11.248833879459276,3,0.023642408570372808,epoch2_off,True,10.31282795832276,1423039801.175105,-0.07979312892500934,3,5.0,4.921607931841063,-4.920108788116088,-22.68402734762141,2.888800372872416,-4.7033810968088385,3.5,False,479,12.338718904437812,False
SETI_RADIO_PILOT_20261008_VAL_B:near_off_contamination:007,4094,True,12.945303095441849,3,0.01329885482083526,epoch2_off,True,9.099979676182867,1423039798.3396018,-0.09013668267454733,3,5.0,4.92160793184111,-4.9201087881160825,-22.68402734762141,1.7771634063358182,-6.79918973534113,3.5,False,480,12.753984295594991,False
SETI_RADIO_PILOT_20261008_VAL_B:near_off_contamination:007,4095,True,13.234484688294314,3,-0.0044329516069447905,epoch2_off,True,8.404278726554649,1423039801.175105,-0.056150720354636086,1,4.0,1.4608039095872214,-3.4600544503913744,-22.68402734762141,3.1439706455275034,-2.1986755738778125,3.5,True,70,9.807832916134602,False
SETI_RADIO_PILOT_20261008_VAL_B:near_off_contamination:009,3067,True,10.148043416831706,3,-0.02068710749907643,epoch3_off,True,8.898996489860638,1423042727.414633,-0.03694126339120807,1,4.0,-2.0671117965626498,-3.6136672811273605,-22.68402734762141,2.7657690303211973,-0.7491297982349443,2.5,False,166,9.789795569082926,False
SETI_RADIO_PILOT_20261008_VAL_B:near_off_contamination:009,3068,True,10.463089363973934,3,-0.014776505356483227,epoch3_off,True,8.898996489860638,1423042727.414633,-0.03694126339120807,1,4.0,-1.818788841244507,-3.9277281383781917,-22.68402734762141,2.7657690303211973,-0.7491297982349443,2.5,False,166,8.898996489860638,False
SETI_RADIO_PILOT_20261008_VAL_B:near_off_contamination:009,3069,True,12.153151195541747,1,-0.010343553749538437,epoch3_off,True,8.051107872024087,1423042741.59215,-0.05910602142593291,3,4.0,0.7986645842287737,-3.8410018694653165,-22.68402734762141,2.3752303498472487,-3.248607775842578,3.5,True,334,9.58612645552736,False
SETI_RADIO_PILOT_20261008_VAL_B:near_off_contamination:009,3070,True,12.942019803899557,1,-0.005910602142593202,epoch3_off,True,8.051107872024087,1423042741.59215,-0.05910602142593291,3,4.0,1.234906793779838,-3.8265475193410134,-22.68402734762141,2.3752303498472487,-3.248607775842578,3.5,True,334,10.879796005790476,False
SETI_RADIO_PILOT_20261008_VAL_B:near_off_contamination:009,3071,True,12.942019803899557,1,-0.0014776505356484115,epoch3_off,True,8.051107872024087,1423042741.59215,-0.05910602142593291,3,4.0,1.6711490033309595,-3.812093169216613,-22.68402734762141,2.3752303498472487,-3.248607775842578,3.5,True,335,10.903376144831897,False
SETI_RADIO_PILOT_20261008_VAL_B:near_off_contamination:009,3072,True,12.942019803899557,1,0.0044329516069447905,epoch3_off,True,8.550262118910037,1423042744.4276536,-0.0576283708902845,3,4.0,3.1073913532987465,-2.7976386786755456,-22.68402734762141,3.7345996479010894,-1.7486425246464843,3.5,False,279,8.550262118910037,False
SETI_RADIO_PILOT_20261008_VAL_B:near_off_contamination:009,3073,True,12.356716345426207,1,0.011821204285186404,epoch3_off,True,8.550262118910037,1423042744.4276536,-0.0576283708902845,3,4.0,3.167795054383911,-3.4402147433016106,-22.68402734762141,3.7345996479010894,-1.7486425246464843,3.5,False,279,8.738902810509185,False
SETI_RADIO_PILOT_20261008_VAL_B:near_off_contamination:010,0,True,12.942299398112162,3,-0.0014776505356484115,epoch3_off,True,9.236421832616115,1423051449.4231482,-0.04137421499815286,1,4.0,3.9261801382099204,0.1300894033693128,-5.671006836905352,1.187661276993117,-2.749025410989744,3.5,True,73,9.236421832616115,False
SETI_RADIO_PILOT_20261008_VAL_B:near_off_contamination:010,1,True,12.942299398112162,3,0.0044329516069447905,epoch3_off,True,11.284048967183006,1423051446.5876448,-0.03694126339120807,1,4.0,3.7382608839769422,-0.19842580400591994,-5.671006836905352,1.2657690299045306,-2.249129798651611,3.5,True,73,12.512786251211097,False
SETI_RADIO_PILOT_20261008_VAL_B:near_off_contamination:010,2,True,12.510759149246391,3,0.011821204285186404,epoch3_off,True,11.284048967183006,1423051446.5876448,-0.03694126339120807,1,4.0,3.798664585062107,-0.8410018686319836,-5.671006836905352,1.2657690299045306,-2.249129798651611,3.5,True,73,13.976475203170272,False
SETI_RADIO_PILOT_20261008_VAL_B:near_off_contamination:010,3,True,11.793704935775136,3,0.014776505356483227,epoch3_off,True,11.416410121114412,1423051443.7521412,-0.033985962319911245,1,4.0,3.798664585062107,-0.8410018686319836,-5.671006836905352,0.984507457012211,-2.2491994652594234,3.5,True,73,14.302408364670665,False
SETI_RADIO_PILOT_20261008_VAL_B:near_off_contamination:010,4,True,11.473193563332142,3,0.020687107499076873,epoch3_off,True,10.393125675834652,1423051440.916638,-0.031030661248614866,1,4.0,3.422826076596093,-1.4980322833825468,-5.671006836905352,0.7032459682031169,-2.2492690477840505,3.5,True,73,15.279842478553945,False
SETI_RADIO_PILOT_20261008_VAL_B:near_off_contamination:010,5,True,11.046912106742699,3,0.02659770964166963,epoch3_off,True,10.393125675834652,1423051440.916638,-0.031030661248614866,1,4.0,3.6711490319142928,-1.8120931406332799,-5.671006836905352,0.7032459682031169,-2.2492690477840505,3.5,True,73,15.782070436965723,False
SETI_RADIO_PILOT_20261008_VAL_B:near_off_contamination:010,6,True,10.261953925474325,3,0.03250831178426328,epoch3_off,True,10.393125675834652,1423051440.916638,-0.031030661248614866,1,4.0,3.9194720713157114,-2.1261539138008776,-5.671006836905352,0.7032459682031169,-2.2492690477840505,3.5,True,18,10.393125675834652,False
SETI_RADIO_PILOT_20261008_VAL_B:near_off_contamination:011,4093,True,10.362863533963555,3,-0.010343553749538437,epoch3_off,True,8.67902531961066,1423039838.0366495,-0.054673069818987674,1,4.0,1.3624223469277084,-2.8554562473396197,-22.68402734762141,3.4533380750087685,-1.7487121912542942,3.5,True,73,9.504180897692768,False
SETI_RADIO_PILOT_20261008_VAL_B:near_off_contamination:011,4094,True,10.469321735775106,3,-0.005910602142593202,epoch3_off,True,8.67902531961066,1423039838.0366495,-0.054673069818987674,1,4.0,1.7986645564787738,-2.8410018972153166,-22.68402734762141,3.4533380750087685,-1.7487121912542942,3.5,True,73,10.05088230600882,False
SETI_RADIO_PILOT_20261008_VAL_B:near_off_contamination:011,4095,True,10.469321735775106,3,-0.0014776505356484115,epoch3_off,True,8.67902531961066,1423039838.0366495,-0.054673069818987674,1,4.0,2.2349067660298942,-2.826547547090916,-22.68402734762141,3.4533380750087685,-1.7487121912542942,3.5,True,73,10.603375934247614,False
