source_channel,reference_frequency_mhz,best_drift_hz_s,robust_track_score
739498,8419.320583809167,-3.908163265306,11.285044425
739521,8419.320519547909,-3.887755102041,11.498364345
739531,8419.320491608232,-3.530612244898,10.903677050
739548,8419.320444110781,-3.357142857143,11.603870372
739569,8419.320385437459,-3.877551020408,13.543425482
739591,8419.320323970169,-3.887755102041,17.650961607
739612,8419.320265296847,-3.908163265306,22.591750767
739635,8419.320201035589,-3.908163265306,18.650669848
739647,8419.320167507976,-3.316326530612,17.912991214
739665,8419.320117216557,-3.326530612245,21.970434056
739685,8419.320061337203,-3.836734693878,20.689674836
739706,8419.320002663881,-2.877551020408,19.207556815
739720,8419.319963548332,-2.908163265306,23.263108097
739735,8419.319921638817,-2.561224489796,24.755058752
739750,8419.319879729301,-2.551020408163,25.357938395
739774,8419.319812674075,-2.122448979592,23.603033101
739788,8419.319773558527,-1.979591836735,28.885438549
739820,8419.319684151560,-0.367346938776,110.582219593
739857,8419.319580774754,0.030612244898,24.320375068
739877,8419.319524895400,-1.010204081633,25.281029756
739895,8419.319474603981,0.397959183673,24.527851871
739933,8419.319368433207,-0.397959183673,114.434058739
739954,8419.319309759885,1.081632653061,26.189561229
739966,8419.319276232272,1.214285714286,29.029014185
739997,8419.319189619273,2.071428571429,25.600324216
740009,8419.319156091660,2.510204081633,22.085729427
740021,8419.319122564048,1.826530612245,22.925379017
740033,8419.319089036435,2.132653061224,19.720051705
740047,8419.319049920887,3.979591836735,21.011081643
740065,8419.318999629468,2.112244897959,21.517507412
740087,8419.318938162178,2.551020408163,23.882242514
740109,8419.318876694888,2.581632653061,21.528549636
740120,8419.318845961243,3.153061224490,17.746778578
740141,8419.318787287921,3.122448979592,21.913184867
740163,8419.318725820631,4.000000000000,18.126196314
740192,8419.318644795567,4.000000000000,18.494721808
740201,8419.318619649857,3.795918367347,13.360480972
740220,8419.318566564471,4.000000000000,18.572678603
740249,8419.318485539407,3.989795918367,17.488488991
740277,8419.318407308310,3.653061224490,11.526640264
740306,8419.318326283246,3.989795918367,12.408376955
740320,8419.318287167698,3.836734693878,10.227484161
740335,8419.318245258182,4.000000000000,10.222488957
747598,8419.297952670604,-4.000000000000,65.346517853
747607,8419.297927524894,-3.897959183673,64.938486663
747627,8419.297871645540,-3.683673469388,65.852406076
747646,8419.297818560153,-3.479591836735,65.921726264
747659,8419.297782238573,-3.336734693878,66.087565673
747678,8419.297729153186,-3.122448979592,65.373858527
747693,8419.297687243670,-3.979591836735,74.898939159
747714,8419.297628570348,-3.653061224490,75.436697489
747734,8419.297572690994,-3.357142857143,73.493057832
747744,8419.297544751316,-3.204081632653,73.866559055
747758,8419.297505635768,-2.979591836735,75.188666436
747776,8419.297455344349,-2.714285714286,76.018066998
747796,8419.297399464995,-2.397959183673,75.653653437
747818,8419.297337997705,-2.071428571429,78.004922091
747834,8419.297293294221,-1.826530612245,76.673155488
747929,8419.297027867287,-0.377551020408,1004.120538847
747978,8419.296890962869,0.387755102041,78.603329918
748028,8419.296751264483,1.142857142857,78.015358656
748040,8419.296717736870,1.326530612245,77.426352711
748074,8419.296622741967,1.857142857143,76.644964610
748101,8419.296547304839,2.265306122449,74.863546379
748118,8419.296499807388,2.520408163265,74.605361143
748138,8419.296443928033,2.826530612245,75.308757348
748170,8419.296354521066,3.326530612245,73.643579384
748182,8419.296320993453,3.510204081633,74.837486488
748196,8419.296281877905,3.714285714286,74.153121341
748212,8419.296237174422,3.969387755102,74.502940478
748226,8419.296198058873,2.867346938776,64.909510952
748238,8419.296164531261,3.000000000000,65.635241856
748252,8419.296125415713,3.153061224490,65.097817197
748263,8419.296094682068,3.265306122449,65.151409617
748294,8419.296008069068,3.612244897959,67.317195106
748318,8419.295941013843,3.867346938776,66.607745826
748347,8419.295859988779,3.887755102041,57.803547164
755602,8419.275589752942,-3.877551020408,10.906838273
755628,8419.275517109782,-3.857142857143,12.617784784
755648,8419.275461230427,-3.887755102041,12.190325281
755673,8419.275391381234,-3.336734693878,14.729909822
755695,8419.275329913944,-3.867346938776,16.578869280
755714,8419.275276828557,-3.928571428571,22.463359011
755737,8419.275212567300,-3.673469387755,16.575030552
755753,8419.275167863816,-3.275510204082,18.505398331
755773,8419.275111984462,-3.275510204082,26.554941429
755787,8419.275072868913,-3.867346938776,22.173441144
755807,8419.275016989559,-2.908163265306,21.094627289
755836,8419.274935964495,-2.591836734694,23.830919209
755849,8419.274899642915,-2.295918367347,21.227930629
755876,8419.274824205786,-2.153061224490,25.098451751
755892,8419.274779502302,-1.979591836735,28.349240630
755923,8419.274692889303,-0.387755102041,106.021413946
755962,8419.274583924562,-1.214285714286,26.573125968
755982,8419.274528045207,-0.989795918367,27.502018663
755993,8419.274497311562,-0.877551020408,27.203878953
756009,8419.274452608079,-0.704081632653,26.293043292
756037,8419.274374376982,-0.397959183673,114.814556189
756088,8419.274231884629,1.551020408163,29.560126707
756101,8419.274195563048,2.081632653061,25.908574173
756122,8419.274136889726,1.795918367347,23.189980458
756134,8419.274103362113,2.091836734694,23.418370083
756150,8419.274058658630,3.938775510204,22.113911974
756175,8419.273988809437,3.122448979592,21.299629924
756191,8419.273944105953,2.561224489796,20.482968949
756208,8419.273896608502,2.510204081633,20.823991448
756220,8419.273863080889,3.112244897959,19.282564909
756245,8419.273793231696,3.142857142857,21.921872335
756266,8419.273734558374,3.989795918367,18.771675668
756293,8419.273659121245,3.969387755102,20.911495708
756324,8419.273572508246,4.000000000000,20.595206132
756348,8419.273505453020,3.938775510204,18.259700145
756389,8419.273390900344,3.459183673469,13.790771564
756398,8419.273365754634,3.551020408163,13.954388809
756413,8419.273323845118,3.714285714286,12.656398410
756439,8419.273251201957,4.000000000000,14.169894200
