visit,native_chunk,core_q,track_id,originating_scan,display_rank,reference_frequency_hz,drift_hz_s,width_channels,saved_robust_rank_score,scan_id,saved_mean_center_minus_flank,saved_first_eight_mean,saved_last_eight_mean,saved_positive_rows
visit20170428_Sband,171,128,epoch1_on_visit20170428_Sband_core128_rank_01,epoch1_on,1,2300390625.0,-4.440892098500626e-16,1,26960.027528339142,epoch1_on,691.1251232247437,692.1374049261125,690.112841523375,16
visit20170428_Sband,171,128,epoch1_on_visit20170428_Sband_core128_rank_01,epoch1_on,1,2300390625.0,-4.440892098500626e-16,1,26960.027528339142,epoch1_off,528.4636770601088,530.0058263515666,526.921527768651,16
visit20170428_Sband,171,128,epoch1_on_visit20170428_Sband_core128_rank_01,epoch1_on,1,2300390625.0,-4.440892098500626e-16,1,26960.027528339142,epoch2_on,568.4759921419218,568.9419923787925,568.009991905051,16
visit20170428_Sband,171,128,epoch1_on_visit20170428_Sband_core128_rank_01,epoch1_on,1,2300390625.0,-4.440892098500626e-16,1,26960.027528339142,epoch2_off,550.2481261294922,549.2038410532957,551.2924112056888,16
visit20170428_Sband,171,128,epoch1_on_visit20170428_Sband_core128_rank_01,epoch1_on,1,2300390625.0,-4.440892098500626e-16,1,26960.027528339142,epoch3_on,573.674658825631,575.4723623170852,571.876955334177,16
visit20170428_Sband,171,128,epoch1_on_visit20170428_Sband_core128_rank_01,epoch1_on,1,2300390625.0,-4.440892098500626e-16,1,26960.027528339142,epoch3_off,556.76188583932,557.2021463403951,556.3216253382449,16
visit20170428_Sband,171,128,epoch1_on_visit20170428_Sband_core128_rank_02,epoch1_on,2,2300390613.824129,0.05102040816326525,3,7757.263307956645,epoch1_on,115.04409378675896,0.012373344184914717,230.075814229333,12
visit20170428_Sband,171,128,epoch1_on_visit20170428_Sband_core128_rank_02,epoch1_on,2,2300390613.824129,0.05102040816326525,3,7757.263307956645,epoch1_off,-0.0004885137404555123,0.016352071848792366,-0.01732909932970339,9
visit20170428_Sband,171,128,epoch1_on_visit20170428_Sband_core128_rank_02,epoch1_on,2,2300390613.824129,0.05102040816326525,3,7757.263307956645,epoch2_on,0.013037307878107085,-0.0027780605180274393,0.02885267627424161,10
visit20170428_Sband,171,128,epoch1_on_visit20170428_Sband_core128_rank_02,epoch1_on,2,2300390613.824129,0.05102040816326525,3,7757.263307956645,epoch2_off,-0.0017181623075889496,0.017303108652938798,-0.020739433268116697,8
visit20170428_Sband,171,128,epoch1_on_visit20170428_Sband_core128_rank_02,epoch1_on,2,2300390613.824129,0.05102040816326525,3,7757.263307956645,epoch3_on,0.031091482661142852,0.03376963614419341,0.028413329178092292,14
visit20170428_Sband,171,128,epoch1_on_visit20170428_Sband_core128_rank_02,epoch1_on,2,2300390613.824129,0.05102040816326525,3,7757.263307956645,epoch3_off,-0.0039901389437776436,-0.020557609990448186,0.0125773321028929,7
visit20170428_Sband,171,128,epoch1_on_visit20170428_Sband_core128_rank_03,epoch1_on,3,2300390602.648258,0.0918367346938771,3,4882.465412646714,epoch1_on,71.8446213724288,0.02568948892935273,143.66355325592826,12
visit20170428_Sband,171,128,epoch1_on_visit20170428_Sband_core128_rank_03,epoch1_on,3,2300390602.648258,0.0918367346938771,3,4882.465412646714,epoch1_off,0.007791168802391779,0.020478256526221914,-0.004895918921438355,11
visit20170428_Sband,171,128,epoch1_on_visit20170428_Sband_core128_rank_03,epoch1_on,3,2300390602.648258,0.0918367346938771,3,4882.465412646714,epoch2_on,0.0022702311940034636,0.019506343807343327,-0.0149658814193364,7
visit20170428_Sband,171,128,epoch1_on_visit20170428_Sband_core128_rank_03,epoch1_on,3,2300390602.648258,0.0918367346938771,3,4882.465412646714,epoch2_off,0.03998865757498615,0.05850972435745648,0.021467590792515825,11
visit20170428_Sband,171,128,epoch1_on_visit20170428_Sband_core128_rank_03,epoch1_on,3,2300390602.648258,0.0918367346938771,3,4882.465412646714,epoch3_on,-0.004159959503315831,0.014411298721441965,-0.022731217728073627,8
visit20170428_Sband,171,128,epoch1_on_visit20170428_Sband_core128_rank_03,epoch1_on,3,2300390602.648258,0.0918367346938771,3,4882.465412646714,epoch3_off,0.01965672295625817,0.055153076202168,-0.015839630289651657,9
visit20170428_Sband,171,128,epoch2_on_visit20170428_Sband_core128_rank_01,epoch2_on,1,2300390625.0,-4.440892098500626e-16,1,22022.861549127494,epoch1_on,691.1251232247437,692.1374049261125,690.112841523375,16
visit20170428_Sband,171,128,epoch2_on_visit20170428_Sband_core128_rank_01,epoch2_on,1,2300390625.0,-4.440892098500626e-16,1,22022.861549127494,epoch1_off,528.4636770601088,530.0058263515666,526.921527768651,16
visit20170428_Sband,171,128,epoch2_on_visit20170428_Sband_core128_rank_01,epoch2_on,1,2300390625.0,-4.440892098500626e-16,1,22022.861549127494,epoch2_on,568.4759921419218,568.9419923787925,568.009991905051,16
visit20170428_Sband,171,128,epoch2_on_visit20170428_Sband_core128_rank_01,epoch2_on,1,2300390625.0,-4.440892098500626e-16,1,22022.861549127494,epoch2_off,550.2481261294922,549.2038410532957,551.2924112056888,16
visit20170428_Sband,171,128,epoch2_on_visit20170428_Sband_core128_rank_01,epoch2_on,1,2300390625.0,-4.440892098500626e-16,1,22022.861549127494,epoch3_on,573.674658825631,575.4723623170852,571.876955334177,16
visit20170428_Sband,171,128,epoch2_on_visit20170428_Sband_core128_rank_01,epoch2_on,1,2300390625.0,-4.440892098500626e-16,1,22022.861549127494,epoch3_off,556.76188583932,557.2021463403951,556.3216253382449,16
visit20170428_Sband,171,128,epoch2_on_visit20170428_Sband_core128_rank_02,epoch2_on,2,2300390613.824129,0.05102040816326525,3,6382.461249893778,epoch1_on,-0.002253747398548646,0.0035430609482537817,-0.008050555745351073,8
visit20170428_Sband,171,128,epoch2_on_visit20170428_Sband_core128_rank_02,epoch2_on,2,2300390613.824129,0.05102040816326525,3,6382.461249893778,epoch1_off,0.004305736312631911,0.013105764417559979,-0.004494291792296157,10
visit20170428_Sband,171,128,epoch2_on_visit20170428_Sband_core128_rank_02,epoch2_on,2,2300390613.824129,0.05102040816326525,3,6382.461249893778,epoch2_on,94.68024007965425,0.01602783908793899,189.34445232022057,11
visit20170428_Sband,171,128,epoch2_on_visit20170428_Sband_core128_rank_02,epoch2_on,2,2300390613.824129,0.05102040816326525,3,6382.461249893778,epoch2_off,0.01065133259883231,-0.010907685216220792,0.03221035041388541,10
visit20170428_Sband,171,128,epoch2_on_visit20170428_Sband_core128_rank_02,epoch2_on,2,2300390613.824129,0.05102040816326525,3,6382.461249893778,epoch3_on,0.015311931703683924,0.026909279135575337,0.003714584271792512,8
visit20170428_Sband,171,128,epoch2_on_visit20170428_Sband_core128_rank_02,epoch2_on,2,2300390613.824129,0.05102040816326525,3,6382.461249893778,epoch3_off,0.013419680631662989,0.02775881878855456,-0.0009194575252285814,10
visit20170428_Sband,171,128,epoch2_on_visit20170428_Sband_core128_rank_03,epoch2_on,3,2300390602.648258,0.1020408163265305,3,4008.467542020983,epoch1_on,0.007661938682865903,-0.001604096456964646,0.01692797382269645,11
visit20170428_Sband,171,128,epoch2_on_visit20170428_Sband_core128_rank_03,epoch2_on,3,2300390602.648258,0.1020408163265305,3,4008.467542020983,epoch1_off,-0.009673871606838635,0.004170378465796598,-0.02351812167947387,8
visit20170428_Sband,171,128,epoch2_on_visit20170428_Sband_core128_rank_03,epoch2_on,3,2300390602.648258,0.1020408163265305,3,4008.467542020983,epoch2_on,59.18796399018167,0.02592145991098084,118.35000652045235,11
visit20170428_Sband,171,128,epoch2_on_visit20170428_Sband_core128_rank_03,epoch2_on,3,2300390602.648258,0.1020408163265305,3,4008.467542020983,epoch2_off,0.00822463875640915,0.044724366864084986,-0.028275089351266686,9
visit20170428_Sband,171,128,epoch2_on_visit20170428_Sband_core128_rank_03,epoch2_on,3,2300390602.648258,0.1020408163265305,3,4008.467542020983,epoch3_on,0.021546715425622913,0.03823395157782822,0.004859479273417608,10
visit20170428_Sband,171,128,epoch2_on_visit20170428_Sband_core128_rank_03,epoch2_on,3,2300390602.648258,0.1020408163265305,3,4008.467542020983,epoch3_off,-0.008915132528115197,-0.027181045307532736,0.009350780251302343,9
visit20170428_Sband,171,128,epoch3_on_visit20170428_Sband_core128_rank_01,epoch3_on,1,2300390625.0,-4.440892098500626e-16,1,22372.010098873776,epoch1_on,691.1251232247437,692.1374049261125,690.112841523375,16
visit20170428_Sband,171,128,epoch3_on_visit20170428_Sband_core128_rank_01,epoch3_on,1,2300390625.0,-4.440892098500626e-16,1,22372.010098873776,epoch1_off,528.4636770601088,530.0058263515666,526.921527768651,16
visit20170428_Sband,171,128,epoch3_on_visit20170428_Sband_core128_rank_01,epoch3_on,1,2300390625.0,-4.440892098500626e-16,1,22372.010098873776,epoch2_on,568.4759921419218,568.9419923787925,568.009991905051,16
visit20170428_Sband,171,128,epoch3_on_visit20170428_Sband_core128_rank_01,epoch3_on,1,2300390625.0,-4.440892098500626e-16,1,22372.010098873776,epoch2_off,550.2481261294922,549.2038410532957,551.2924112056888,16
visit20170428_Sband,171,128,epoch3_on_visit20170428_Sband_core128_rank_01,epoch3_on,1,2300390625.0,-4.440892098500626e-16,1,22372.010098873776,epoch3_on,573.674658825631,575.4723623170852,571.876955334177,16
visit20170428_Sband,171,128,epoch3_on_visit20170428_Sband_core128_rank_01,epoch3_on,1,2300390625.0,-4.440892098500626e-16,1,22372.010098873776,epoch3_off,556.76188583932,557.2021463403951,556.3216253382449,16
visit20170428_Sband,171,128,epoch3_on_visit20170428_Sband_core128_rank_02,epoch3_on,2,2300390613.824129,0.05102040816326525,3,6444.480801814579,epoch1_on,0.019590525508415994,0.024285337335836626,0.014895713680995362,12
visit20170428_Sband,171,128,epoch3_on_visit20170428_Sband_core128_rank_02,epoch3_on,2,2300390613.824129,0.05102040816326525,3,6444.480801814579,epoch1_off,-0.007627472790051652,-0.007282660894188719,-0.007972284685914585,8
visit20170428_Sband,171,128,epoch3_on_visit20170428_Sband_core128_rank_02,epoch3_on,2,2300390613.824129,0.05102040816326525,3,6444.480801814579,epoch2_on,-0.007645600211433283,-0.024577304333869857,0.00928610391100329,6
visit20170428_Sband,171,128,epoch3_on_visit20170428_Sband_core128_rank_02,epoch3_on,2,2300390613.824129,0.05102040816326525,3,6444.480801814579,epoch2_off,0.012666706427815172,0.022566186450395737,0.0027672264052346074,10
visit20170428_Sband,171,128,epoch3_on_visit20170428_Sband_core128_rank_02,epoch3_on,2,2300390613.824129,0.05102040816326525,3,6444.480801814579,epoch3_on,95.31493018146864,0.01162830538198567,190.6182320575553,12
visit20170428_Sband,171,128,epoch3_on_visit20170428_Sband_core128_rank_02,epoch3_on,2,2300390613.824129,0.05102040816326525,3,6444.480801814579,epoch3_off,-0.010066850275332426,-0.029619748552459524,0.009486048001794672,6
visit20170428_Sband,171,128,epoch3_on_visit20170428_Sband_core128_rank_03,epoch3_on,3,2300390602.648258,0.1020408163265305,3,4025.4462079152827,epoch1_on,0.03581131203796204,0.03287756512849105,0.038745058947433034,13
visit20170428_Sband,171,128,epoch3_on_visit20170428_Sband_core128_rank_03,epoch3_on,3,2300390602.648258,0.1020408163265305,3,4025.4462079152827,epoch1_off,0.017029297058248315,-0.007538922427384964,0.041597516543881594,10
visit20170428_Sband,171,128,epoch3_on_visit20170428_Sband_core128_rank_03,epoch3_on,3,2300390602.648258,0.1020408163265305,3,4025.4462079152827,epoch2_on,0.02546237375139196,-0.0007645053233378274,0.051689252826121745,11
visit20170428_Sband,171,128,epoch3_on_visit20170428_Sband_core128_rank_03,epoch3_on,3,2300390602.648258,0.1020408163265305,3,4025.4462079152827,epoch2_off,-0.007958872125843744,-0.0029878372357621114,-0.012929907015925377,7
visit20170428_Sband,171,128,epoch3_on_visit20170428_Sband_core128_rank_03,epoch3_on,3,2300390602.648258,0.1020408163265305,3,4025.4462079152827,epoch3_on,59.48833224359704,-0.015496023804732043,118.99216051099883,7
visit20170428_Sband,171,128,epoch3_on_visit20170428_Sband_core128_rank_03,epoch3_on,3,2300390602.648258,0.1020408163265305,3,4025.4462079152827,epoch3_off,-0.00896369001652711,0.007440242914887152,-0.02536762294794137,6
