truth_ordinal,truth_id,active_epochs,cause,best_template,best_continuous_residual_hz,best_continuous_carrier_hz
0,c8b740db7c301e068774c44d6e1ee14af8c6afe3957989c07735b0f550f2eb41,0+1,supported,4,13.360872539225966,1412879419.0602283
1,27c0ff7ddc442314197a3795ec2e6c82934c2b8854c31635608d569ced590308,0+1,supported,8,6.942796300514601,1411589649.744419
2,3106f8bf72c1f7140cdd9ea9681c39149b305ab93fd3ba3286725de33508c511,0+1,track-shape-incompatible,0,34.52743094856851,1411974499.831844
3,4d1f0c05f34235153e5b850cb2856ee63d06975d4eb21533ecac5c9beed16912,0+1,supported,0,7.352496948791668,1412192134.901732
4,67012809d9227fc8aa8bed37d1b9743d74d0de3b7a1883222d0650e1969accfa,0+1,track-shape-incompatible,3,23.925337235908955,1412505855.5048382
5,2323ae03589ef3de36fae9fbcf5267098224b1ff804bd17e4aa5a2e2f8fef983,0+1,track-shape-incompatible,7,23.896817757282406,1412780612.399948
6,8815f2bf5a638c8354a88eb102aa940af8d5ad2722c03d6c0d91447d0ca75b02,0+1,track-shape-incompatible,5,24.924287432339042,1411611387.3711183
7,3530047b0f297b5221b8b350b993170dfc84c502968e08b4ac65864a8933f360,0+1,track-shape-incompatible,15,33.83173100545537,1411882073.0369172
8,72b6992b7b3ae7b6710ec207de63682b3fc34a7c81cd96d5e97955e575a743e5,0+2,supported,17,1.7087913405848667,1412192724.7750986
9,c1d1d101b182bef21998df9f9cc00f1eaca9e2e35f88d0fc166a708e8dcda08d,0+2,track-shape-incompatible,17,31.631786279613152,1412509636.8482006
10,253fcbb81d841235fb30635666546083df43703fca5a08fe7a9dc0ebbbd6c9ce,0+2,track-shape-incompatible,21,37.875915577984415,1412829655.267513
11,1f2b9fd8f76ca3eeb55499e14e4af242bbe5c44256756d9122678b5dbed80dff,0+2,track-shape-incompatible,17,61.16613562195562,1413162054.8852782
12,691f1b093ffa3268df47ccce93f4c2e69141c544fc75f45d3833c03bc2a2070c,0+2,supported,17,14.786696585128084,1411967949.9809449
13,f56f32e3e8d59aeec8098bf11588ec9b8ed945b4614e1d7bea36086fbb5f3624,0+2,track-shape-incompatible,17,56.73203218355775,1412288941.4811661
14,f276d82bcf7f379ec4326f4cfdd9f2bc8a2d803f3610a46e832468d7473bc106,0+2,track-shape-incompatible,9,40.12429731362499,1412583776.6753802
15,479480af33c568e607ecf90230ebd0e07674fa6b46d78e4013cbd31f3af47eee,0+2,supported,7,16.893684846465476,1412876280.934354
16,d08d826fab861c3ccd5da17ffaf3ce4daafcf2dc4cb9c521c6037b2c430f1277,1+2,track-shape-incompatible,3,43.05587786540855,1413175004.6066124
17,c530054584eaba3f8a60927ed4f37f2e34a9447a6f00d19d55c5fa594bcfea38,1+2,track-shape-incompatible,5,34.36089952173643,1411983324.315271
18,ea4a37bdb55ee408131802dbeb4176e899d6c0ea9b5a428bead01079fdd96401,1+2,supported,1,2.843315865728073,1412306696.044833
19,4c355242e97d863af790a5d1ef0810addc3c7b7e15b6f51ed8c0c5cc80e8c0bd,1+2,track-shape-incompatible,1,27.834436286706477,1412577177.210938
20,cfd2fd07096c330a6c6bb6ff1aca9cddba23d91ed207d44f8cdee072611a3484,1+2,track-shape-incompatible,2,40.59015996614471,1412903991.9249
21,fc9ae2e89d689c6e30037b53f67a8388ec3089327911a48eab1e61bbde6c3828,1+2,track-shape-incompatible,6,21.53563318680972,1413206058.9536939
22,da5fc5e6be52019ee4ba9e04f6fad34a1a6756be2116f73c9480f39e52a11cb1,1+2,track-shape-incompatible,2,32.21351684012916,1411920085.4007077
23,b2074ebd2f8925b1bc88d0ce448698d2bb72b786ade1dea2beaeb5489014cf2a,1+2,supported,14,15.607343670679256,1412285893.875516
24,2a19b2653ecb873c5eb24c78ffb2eb10d52389d2f608cedd7030e4a48ec54fb4,0+1+2,supported,8,13.425869385246187,1412525477.5489511
25,7d4b3dd70f1ea3b47f41d2ea9e84a302ebe257e21d40660bccd060cfa377d115,0+1+2,track-shape-incompatible,12,54.95192956761457,1412816829.066268
26,79108155d8643046279f483e50b55e1b9315f039b5239004e8bded71698b6ea5,0+1+2,supported,22,18.44357056147419,1413121751.962506
27,57fff066326a7df14fcf013e0506c9666912c969f2cd2eb0fdf13bf585e72ed2,0+1+2,track-shape-incompatible,14,69.21129736304283,1411876097.72762
28,74ad53fe4e06c90f6610e2b147b7081117c9a7b48dda5a64cbd73b39eaaae0c0,0+1+2,supported,20,11.771161871496588,1412147610.6166127
29,4f3eb95ceb6254b2ed66c2384cd84de053745514b6950a476975820c96f26e7d,0+1+2,supported,16,18.324071791023016,1412423120.53419
30,ad7604d0768dc4419c0f5a9a2eb9627e2432842e6770213964cead63daadb0ed,0+1+2,supported,10,11.264561783405952,1412725154.0344453
31,46c9d2e726ce5db16445ef1aa84873cf039058ac08d8eac4f76b7c974ec69564,0+1+2,supported,16,4.762192010646686,1412983021.282693
32,53e9fc19b81568dcfb2807d7c0be605f937a634a9d322c2efec08632a9b7f457,0+1,supported,20,13.816170544014312,1411694810.8708963
33,6bc47007753b0e7beb0dda82df9f31cbbcd3ce9c050f1b37562679831e705a66,0+1,supported,12,14.195036460179836,1411976919.4732058
34,55c7299ebff79c502ccf8e78829aac9803dfd8220dce470a577fbcaa9a65384c,0+1,track-shape-incompatible,4,36.53039833740331,1412288771.5131297
35,6e5f64041754f7a6ac9740bac6d30685b8b3c37c2262020b5d98f6ee9b5bb372,0+2,supported,2,14.761382175027393,1412558456.3260536
36,79367610a20f3502e872cfaf0deabf32965ef4ae1d381c80d42aa09cf9965edb,0+2,track-shape-incompatible,3,71.01219062053133,1412845564.6177688
37,577259e56adea31508b58e19562d54acc1382d0f7b41b408c0d4f82b75c0fc05,0+2,track-shape-incompatible,13,31.17820400116034,1411644244.914796
38,f8780c37954023ef4665652ece945a91826adfb1375d535d597360840558620a,0+2,track-shape-incompatible,13,38.36338594171684,1411982523.6775024
39,69b6e1270bd62d908422e4484083b908df9ddb4f303643b583f46d3f12b58bfc,0+2,track-shape-incompatible,23,34.30972501414362,1412284671.02459
40,bc6518a0df997914e8570a5ac8d47d229152175f70f8a9d135a5af30bd55f8a9,0+2,track-shape-incompatible,23,33.485092267161235,1412597867.647799
41,eda5822a797b86e8063ef96a8c77438d4b340a83bcb53ead2379123cf4dd61f9,0+2,track-shape-incompatible,23,22.95197903062217,1412927039.5194743
42,354b61cc3d501d72fc03d6ab918d43c8acebd9b3c43816b4247e18e8e9fe24d4,0+2,track-shape-incompatible,25,46.777030191151425,1411768458.5086238
43,b21db8164b0cbb3b771c64fa5e43fccc1f497ed96bf49ec9a29bb36a3ea1663b,1+2,track-shape-incompatible,23,24.552035373519175,1412086671.7995985
44,0f29a34c80a9e5bbbf0ae902a15b361a4a3a08aff9770a191770858d4389902c,1+2,supported,31,9.766363615519367,1412422048.2255652
45,450c2401e7655344c76105978f612c1231b2bdce3f1b10ca59e05f000ae36250,1+2,track-shape-incompatible,25,35.23821555741597,1412757367.4371266
46,dbc710bd75ec4920f0ba35c279425b61c8a26bbc4a38c760bc4654864435cc0b,1+2,supported,21,2.816340551362373,1413055785.5483801
47,b9f770e5cbe976fe42c4206072ab123b2045af4acf3130f2bac44715325f7777,1+2,supported,17,18.47676435019821,1411865172.0141253
48,1c6bcf725f320037669b7c07b77c378b9307bd3953b7dd6dc5cc9769edd8ba0d,1+2,track-shape-incompatible,15,40.27222244429868,1412218076.6239424
49,09d2d0fbfb505c99ba3d2c61f4709650a3e3bd18e58e225f9315c08fcc4487aa,1+2,track-shape-incompatible,11,36.35118005622644,1412506051.0648065
50,28cd21d5b3f6fc06cc42d4b654afead534208993e28ad714f0d49d051046edf2,1+2,track-shape-incompatible,5,40.989479756332,1412834350.2672195
51,94448e3305d38026ebe55ea823a794ffa8f3f91d759629c725df2ea4b32759e7,0+1+2,track-shape-incompatible,0,62.88876010198146,1413126979.448751
52,816e33c8b5e66be92e816708f13ddcf141055c537a5c1072022796f5beb2bcf5,0+1+2,supported,4,8.178847998962738,1411927117.1170099
53,d405839923501282d6b1b92e5dd1b09d6a34e13bf697e47858b987bb8945155d,0+1+2,track-shape-incompatible,6,24.080280518857762,1412177696.623736
54,e8396c22de440389cde880d076842c92945fd9dd309d71ab22661b2033bc7c95,0+1+2,supported,18,5.717106242664158,1412484932.284852
55,496824196515b36deac3904cfea1dca7a590c5aa3d28d76ac825cc3e57112175,0+1+2,track-shape-incompatible,22,47.941338616772555,1412769995.1053424
56,9225ce911ee7d39dc38e806f1827dd335ab9c3f87f96b4a2c052b00ee9b56c1e,0+1+2,supported,26,14.569028301979415,1413034156.9202607
57,af491452bedd374139c5fdc4dbe388f20d1f3237eaa8a7ab7b2d1465f0688c97,0+1+2,supported,22,4.049008098198101,1411790727.301477
58,039544ed4382d75be734bf5cb2a55574b9fbc9691f075d3749cd56f5fd06aa4e,0+1+2,track-shape-incompatible,26,44.45111711602658,1412038663.5116017
59,fa1b0e1717f61ec33a6572aecef1364ad528ebbdf539924947a63469287a475f,0+1,track-shape-incompatible,26,26.376814477378502,1412323300.889982
60,c3d11cbbc03619a6128ebffb3b4c18dfe6ca4d6604007ab05a7e769fd402fd5d,0+1,track-shape-incompatible,24,22.893008988699876,1412600734.0506113
61,fb99767168d0bfa954f796103ce879ec4941f01b60a772210851765cd1f47981,0+1,supported,26,15.346346353529952,1412840418.1800447
62,5e4835e7b7675ccaefa4c7b78220cec2e089c31b06c84402a6af63379c9da567,0+1,track-shape-incompatible,22,30.624767671106383,1411616122.418425
63,e71db54801a0fe08bdd38df515d1b3b5c497a7d84ab7c5b741f33b4ce6ff3f37,0+1,supported,22,6.131454551359639,1411852486.4478614
64,72737fa7b30f52fe0c6305d622b7bef6d5b890bbd8edc1bfca54cd10864faacf,0+2,track-shape-incompatible,16,34.08133106993046,1412119218.0114062
65,0a2aae7bfc3c72c5d345d318f488266845feaac9ce63e5692b931cda9daef369,0+2,track-shape-incompatible,16,60.084108606446534,1412385335.462285
66,ade27625fdb90ebd38cbbf12bb36ddf6636afcdf50d492cd63bc10bae8f7a121,0+2,track-shape-incompatible,8,34.089750146726146,1412674338.1305394
67,0d2ad03f069c864e85cdccd1b64ed7aa3dab6cae0890eeb1b46405b04aecf9a7,0+2,track-shape-incompatible,0,73.47942669747863,1411462269.1051793
68,981eaf4e4048beee1fd0259c77a0519af846226db27e5830a946c69b77d2a53e,0+2,track-shape-incompatible,3,68.58870883332565,1411765512.809116
69,45e3354a6e37bea9605820830d603697516826ecb0bb77c5ca4678a6d41663c4,0+2,track-shape-incompatible,9,61.76667930826079,1412077578.3724587
70,c2f2de55c076a847fa5f34e59c882ea725d6cec999674a108c052cf6c7e204fe,1+2,track-shape-incompatible,19,27.634040315286256,1412377888.1716433
71,d439f0b5d97b030016ed8e12267c25f99e7dfaca15d2505ec9ed7de1dd51a490,1+2,supported,21,6.6873020640341565,1412706078.3214912
72,f9285321611ef4ad7bfb5cdd1564f2483d2131dca4442f5f51540b1c22612d16,1+2,track-shape-incompatible,31,22.23889963806141,1413036662.7583601
73,d025a162fb3aa683ed785ea0d3894a3e9191fb1ad969a202aed5e7f180fe1bc6,1+2,supported,31,18.743006747681648,1411869965.6101282
74,728100d1f1c2ce51f52dd858190401edf39439b9501d228217e3ac5638d6b446,1+2,track-shape-incompatible,35,27.28890497237444,1412196403.5541844
75,c79ea63276ced4b7ff136dfd462cced633734d4984e24754023b9531bb01110b,1+2,supported,33,18.196447035996243,1412514465.5132527
76,b948b9a517d2ab65b4808340b65a1f0883b2a8d55776881537c84c81909eaf45,1+2,track-shape-incompatible,35,26.011616965872236,1412886633.7197804
77,115d60fb75d73c62610340375149cf71c3fc7b21017dc8271f03ecb4a29e25b3,1+2,track-shape-incompatible,31,31.10976933920756,1413190868.2040336
78,67fab61f7721825f92ca23579495a603da2b1a89087c2e4eb8d3a27d87233ef4,0+1+2,supported,27,18.89354139007628,1412044890.1174335
79,77a77cc527c366c92c87ed4d88a5a17b0ffc103e66db5a9f49a723da18b74bc6,0+1+2,supported,21,9.819154689088464,1412359131.4662042
80,314fa59d5f40a3fa7cfa861686ccf2a06671bb2c7195dc5eaa3a84bd70ac814b,0+1+2,track-shape-incompatible,21,39.6487040881766,1412676878.221875
81,f440f1f0c614bd99663be5b5fc8bfc820ca83890f1ccb2198df487340b65e117,0+1+2,supported,13,9.205624229158275,1413029183.287157
82,541a756e98fb714af730ddc3acd8e173cc3d259baf53e5db8b7a2063703d4110,0+1+2,track-shape-incompatible,3,65.7233286810806,1413308903.7964842
83,2fced79b77bab97061aadd66ca54fcf05a69886d3739adef27fb51d83a004fbb,0+1+2,track-shape-incompatible,2,41.310664908378385,1412107416.9093814
84,a20e0ccb3ecb72729e767ff1b286b4b1b5d39ea3e2220d9b9555c49e4ce02c3c,0+1+2,track-shape-incompatible,4,20.32961860555224,1412392107.4536064
85,f9a2b9dcfce56d9203bed7b3ad527348b95b0e19b00e7412a3a52ae8d3b4e326,0+1+2,track-shape-incompatible,14,25.653880039579235,1412678789.9624455
86,3bb11eea419adafb1ce07af8536c4eee3e727832de3414066070781613d14ab8,0+1,supported,22,3.158673788420856,1412964813.9137077
87,00adf600b1901825842859d008ffb0165981266db430d0b05406325f0d6da916,0+1,track-shape-incompatible,26,37.27693798788823,1413253508.129951
88,692f65d0d2c0832c479550b15ff0a269a8cef98c3dfb4f1d7bd7ca1492b47a02,0+1,track-shape-incompatible,30,21.335367137333378,1411995012.023975
89,3c6a5107e9e7693901c0fb90f9936ab680b1af993f724e239169f4b298dc7ed9,0+1,supported,34,3.7649735019076616,1412235632.992475
90,f6625c9d31159df94b3f81ad6640694b2725d5e2675f76a2831401135c422634,0+1,track-shape-incompatible,36,22.490500441053882,1412512311.595741
91,4f0b1ffaf7fe12c4e29f92c7d91410c84064933b23002a3d957663072a3981b4,0+1,supported,38,10.231128870160319,1412747281.2641692
92,d764cd52698d50fc765c7db96ac7665f09cf89d50372a5b60706196ef915871e,0+1,track-shape-incompatible,32,33.00006337987725,1413034329.8189085
93,9293805372775c69228cafd884913cd32046b49563e42b159cb936f580ccada6,0+1,supported,38,0.7776741300476715,1411773524.4239972
94,ad3b540b21872aa935e8cf6716a4e47cb249d9f661efb84d9b765bab2214ecc6,0+2,track-shape-incompatible,32,69.38693914120086,1412044140.5987809
95,2bf040140d1794c5bde3190aea601e7c543dd9b030ca4f8350e0d82aed3efa72,0+2,supported,24,12.152909146738239,1412275533.162338
96,7cb85edcaa86352d04956c0cf2d2cba25cf1be9a08aea1c3112abdc3e7b70d98,0+2,track-shape-incompatible,24,25.897476130048744,1412528967.4064329
97,56b1112f63f3fd07576a4448aed57768b10a8989f6df993d36b856319f459f3c,1+2,track-shape-incompatible,22,30.511195426806808,1412789216.8980193
98,422a7feeec5a1f4e5f1929ca28cd101d7e86feb83612ef6eb1b3e3245e61c7a5,1+2,supported,8,5.935849986271933,1411546652.2116175
99,a7fe387ed770137b8bb4649807c0785d88b447b2c42d641a9c6b84dab7514446,1+2,supported,2,6.557022411376238,1411840938.12301
100,91e323b0570546b4b5b4718047fc6b930de913a1b1a4a061605b8e9d3543f814,1+2,track-shape-incompatible,7,41.14188192517031,1412155569.4386296
101,aa57f269e92d0e85af636c0dc841621d15fd81aa483baf5248b03ffa51241082,1+2,track-shape-incompatible,15,39.58277890866157,1412468075.7675867
102,0384da9e4cfe06d04f5abdf5f4e0d082292537be9fac98c9a512dfd301dcfe14,1+2,track-shape-incompatible,25,21.58788935036864,1412775776.9872427
103,01f33b3decba851c5be3c8c8393869234eeea27135f53a357d8c0df0ccf9b758,1+2,supported,27,10.083831725292839,1411584606.520504
104,50c0ac35204729b1180e3433e868472ac374c4c23d1942139ea4420cc6a7259c,1+2,track-shape-incompatible,39,38.59773276525084,1411947720.314402
105,9dff31aae773bc9192bfac584a133dd8072c7856ca9df029019c31840ebfae0d,0+1+2,track-shape-incompatible,37,25.154900423018262,1412302748.9152982
106,a5b3433b6271c3609e39fc9f3233a196fa1ec57c1b17c11130eaf7c6965ad277,0+1+2,supported,45,7.223330302978866,1412643272.4280777
107,ac8960f814812a246f4a481bc7089cff2eee7bb5741e2c67c342aea2c7c21904,0+1+2,track-shape-incompatible,41,51.40173228329513,1412967228.0685084
108,511d844801d730cd141df166f59c19a2e88b903c8214afec317f21d182453f35,0+1+2,supported,39,2.1951010782504454,1411799250.9302697
109,7cfddeaa2fcbd2b1a4a84a7889a0100e129e9e3abd880c887e2b95f15d5d9c32,0+1+2,supported,37,5.352733241626993,1412161866.6158473
110,24e7e1a96b94d91d330db76045df056622633bac347fdf6381d0ef6b3c09004c,0+1+2,track-shape-incompatible,39,69.10676643811166,1412486215.8248546
111,5967a78654b376d9a201952580200ddbb1b1008b334d929b86b45c92065ad3c4,0+1+2,track-shape-incompatible,29,54.485377408680506,1412827082.4090304
112,f1511091d90565ce42aa0918b654c43afedae08a7515e50cb540e93e1d6b7575,0+1+2,supported,25,19.120169567177072,1413148470.749321
113,697dab3b266402f2876f61718b2c0e889803bda43d1d87be00aaea506ff148aa,0+1,track-shape-incompatible,13,36.9322387118591,1411970094.2844958
114,33195dfc79c9349b28488ad032b9dea2de7b11c2d8ba74355d5052965f88a569,0+1,track-shape-incompatible,5,41.70254157180898,1412278650.6632075
115,1303ee63148e62fa605ffd62ff2006f45a901aeed89bb5ce39aefcb275551d3a,0+1,track-shape-incompatible,2,37.43739521165844,1412580444.895787
116,9a019c1c086cfea653a942ebdd05788eae9bf9f606d20ad2beb3e3765692c77d,0+1,supported,10,19.175374848768115,1412890214.006893
117,e1fc2bffb9a82d7bcf70fc0278fd328c938dd4fb639e7022a8f8f0d241d6cb66,0+1,track-shape-incompatible,12,26.28346243069973,1413162016.2198813
118,634ed64d056c2034d8b6308b5b12faf80737c3f6f322c9c3ac1dffab379abdca,0+1,supported,22,14.535857020062394,1411954395.8375883
119,0496ba84716b513d485df89f82249b0fa1fda1cdfaf84440cc9026dc6b04509a,0+1,supported,32,18.008904939633794,1412211379.5581539
120,773e74e873d4e4fc6f51eb6b4e4993cdf8f77e40d3193e0485bdaeb5f4b4f70f,0+1,track-shape-incompatible,36,25.35411732632201,1412440904.175194
121,5fff1a25a4660298e02c6d28eeda9c9b9177077be4c0b82efdad4af617799da3,0+2,track-shape-incompatible,38,39.655682459590025,1412717898.2867646
122,b0749879e9fd1600b0afdb39fcc2a55840d387a7a928a49f7f627404d370114a,0+2,track-shape-incompatible,46,29.86223493341822,1412952315.0252917
123,6a0ae04d68ca8ac5ff74a5ccdbd21df6ea60fa3709414db38fdabc5912b436a5,0+2,track-shape-incompatible,44,43.40628864907194,1411724005.7030735
124,68957b5d565858b752804213d1f53025c5deb338eee32a641ec98c3c28ada267,0+2,track-shape-incompatible,46,21.32404655776918,1411949589.474503
125,f500f42d1eca5ac2947a5177b3d57d6a366fa349e4840c586b75260ca15240f7,0+2,track-shape-incompatible,40,56.08511391503271,1412190894.5837748
126,105eebde8a3abb11c7878e7f6e274ebd363417e5a0292173b72a20a79e173162,0+2,supported,40,12.363319803029299,1412448493.679918
127,b059b7d383b7207fced5407417df63ccc66de3766404723b06b7fb623f64dfc2,0+2,track-shape-incompatible,30,31.52425392717123,1412676469.4621818
128,1d5bc08ea1eb95246ad47c373ef7500c3b44a98fba4cb384fbcd1745099c0ff2,1+2,outside-carrier-range,30,5.34945228882134,1411428285.9109333
129,b045dbe774dc5fae9bc2155afe98207441bcd8139b1598586e12540c6f044533,1+2,track-shape-incompatible,20,40.50496566866059,1411692538.9439971
130,ed5910b28ce5f8412e49fe6ba7928065b8dc39cfb96a117a2ead04d1fb558f83,1+2,track-shape-incompatible,14,20.357508707907982,1411972181.1679919
131,d1e852806ee0dca1914140ec5a6e605b75c5f809378c636123b50f7506ab715b,1+2,supported,0,15.41752443939913,1412269258.4638455
132,a6b70f80b8b27ae75a106b3b838be2d75b4393b747da1d2848a75a1688fadccc,0+1+2,track-shape-incompatible,9,68.58427271351684,1412572508.5751812
133,cc9c162f17a1f139d355fef1247cf5abdc9d26bafed9fb9b3cd820725738f38d,0+1+2,track-shape-incompatible,17,22.911748678889126,1412867531.695991
134,4d7d4d9ebeef9fb63889591703a22b2fd7c90bec7d44037e8e164380a20a3bd8,0+1+2,track-shape-incompatible,23,60.63466502074152,1411702970.266316
135,6af92d2c8dcac3f308b5a29d3d3db7131a51e45d8f7a78c1db50947c7e8f7f6f,0+1+2,supported,31,11.264750284841284,1412027730.090718
136,2a3a2136bb205f74eed4cf41522309619aff073f7fb8f3200d4a97ccf8039410,0+1+2,track-shape-incompatible,41,42.055302713532,1412383601.5487788
137,417bee674098d134cde946ec90282661b88d0635fd1133e825c40e3583181b5e,0+1+2,track-shape-incompatible,41,63.96834509877954,1412689452.2111607
138,c41b20d79185d5294e662d37456da1be7e3e720688802c137540b0f720c30e59,0+1+2,track-shape-incompatible,49,56.72533836506773,1413054091.797242
139,3d27f3c0658fb8964e0aa65ef8f6d2ab969c87b1b67e94c051e27268e7d460f4,0+1+2,track-shape-incompatible,47,33.13216683047358,1411902347.1716583
140,8838e73622ac562977d08c00d9ce0b77e46153b7d4b43d5e7476b1688f3e1689,0+1,track-shape-incompatible,47,32.300119971856475,1412270145.6527421
141,0c9603857004018721f7362ff9d37df297b7fdcb97b82ad530087ff21fa7a529,0+1,supported,43,3.7643854077905416,1412609425.409807
142,cb65a12e67126a414b57c5aa07cc510015554f59b924c080c8af5df87f422015,0+1,track-shape-incompatible,39,26.56127201532945,1412950769.269865
143,81afb44d93293da3860f0a1b888fd54a1c0774c2afb027790347bd3fb9edaea5,0+1,track-shape-incompatible,39,30.085041576996446,1413291506.9789102
144,6e330f942e9dc8a52cebc2fdc6fef2e34f21d2879c93744ebd566b1f1b514a51,0+1,supported,27,2.46289950190112,1412108767.7366807
145,85d0172d1611c884dd9b84b49994c7e0d2cb57cb01b7265f375bbdab0f5a8de1,0+1,track-shape-incompatible,15,40.73862276156433,1412468285.671166
146,e4f4f91de33c82fb271847823b9143f5aaddba27d02e969e5c2b34df3e915725,0+1,track-shape-incompatible,5,35.73786319664214,1412782333.7811918
147,cfa1698c44d3bfc9f2901769f84bf3e883334ec09a1f91264ae4d00e61fbba47,0+1,track-shape-incompatible,5,34.56079629040323,1413063956.6421876
148,437ba7cce210db3fb4c87beb311bee56ac2c29ed737db7bcef40daed3b742676,0+2,track-shape-incompatible,8,26.08959022932686,1413378575.0834494
149,b766ec5e8dc2127286ace4bac5fb0ff1cd873d5e93f94a1261840d31f75530b7,0+2,supported,20,12.001829092740081,1412135396.1135836
150,e0ab8e3989c544ecb145b6d31392c67c7b117800b05b58633c7e4ea00184bc5a,0+2,supported,24,16.28648235613946,1412431291.9202938
151,ecf13519795930dfdf06c0fd223a419a0d6ed59a70e3f44fd02e70865d96d0d1,0+2,supported,34,11.974582795402966,1412671437.1188989
152,76206e4395b5aa4dee9ad103af5b7a95d37dc2d332a1ebd9634d1597e5eb8ec1,0+2,track-shape-incompatible,40,34.603252348373644,1412903250.9038265
153,e0ecbb5e99f976c438f4558266cc67b77395c6771588104c26593939782fab7c,0+2,track-shape-incompatible,48,57.31854053679854,1413149827.8692963
154,c6a8fd5cbd022be2ade1d3a0f7910b4caebb3192b6ebff5df2c90c593891038f,0+2,track-shape-incompatible,48,48.81075042637531,1411914559.6475773
155,e86768bef589d5708cec545cf02466cd88969ba2e958028368246ad63f677ca4,0+2,supported,48,16.80767775583081,1412154190.8373318
156,a674543e8540098488dbb9b99e8310a210d3aa0e530464561d1a2ddaab8137ef,1+2,supported,48,18.397513189236633,1412396314.9202752
157,bf4b0e2f0216d1aa6d16d91d2085575abc701107b60e260078ee8aed91d53aec,1+2,track-shape-incompatible,44,37.142392686684616,1412602774.5955777
158,b63c1f82164fc55fb7bf94f6ae8e5fde3127cdfb769104c88926cda11bdd30ad,1+2,supported,44,16.989403593586758,1412893689.8374553
159,be58f25c36bd4f0bc2e766e004476ba234f35062848fd2a1f4f9f24c16c74fee,1+2,carrier-grid-gap,36,19.51783309748862,1411608240.9663563
160,f5ae44189fa84d25bea9d90a46c297aa09d1075623c9f1ad0085827b4ece2abc,0+1+2,track-shape-incompatible,28,50.28775180212688,1411844483.2116172
161,9f8fe1517336a462a168dadb7f261c83d6b80e1f15e1a31f3c8de50e28da8705,0+1+2,track-shape-incompatible,22,33.30047546105925,1412114364.9174938
162,d2f6dd570bc18a4edc197034749ef581a07f4eee82ae364bd665fbbb2f271f42,0+1+2,supported,8,15.157156427041627,1412395691.9953396
163,e0818bd513c8c4a0629fdaf7c55b5c7f0b347a00ce28d2a4ba07cb8a90b4cb4f,0+1+2,track-shape-incompatible,0,72.65828782273456,1412665012.4609485
164,afd43321fe42f63885e030cf23e2516d1c6a377d678ee10bfb6a05e5932c55a8,0+1+2,track-shape-incompatible,11,73.55536313564517,1411481959.0228858
165,8ada3633196cb73d597cf269524f5f2cc0c41123013e0d89b4516649d3b129df,0+1+2,track-shape-incompatible,21,64.91832645074464,1411773317.3879788
166,5787323558568c7bcfb3252c75b006390975ae83fbeeed848a27530ea28a88ba,0+1+2,track-shape-incompatible,31,63.59620575606823,1412115318.418084
167,e6ea3c8ad95d73817070db11f72a5e47ddd654edb0dea0e69c3c3084faa8ccbf,0+1,track-shape-incompatible,35,23.832848882768303,1412423837.7068458
168,83b7471cd7b59fda3990fdd208c612e6d4e099a2c93f3afe29179e3d24fe7d94,0+1,track-shape-incompatible,45,37.31422543677036,1412817868.5880845
169,5cfdc648c6701211f9feed303b4e38c31a612fbee03e56a9df2b6a3e903316e2,0+1,carrier-grid-gap,51,19.915184480138123,1411658451.4638484
170,6d6d9d891b8f84e5bbb40a5f8d734020b284b7ef2021214680387be668763b1a,0+1,track-shape-incompatible,51,27.30797099485062,1412009710.1609488
171,9200451fa36a546d1012f63d27eabb285693492a83d3f059c947e27439195fc5,0+1,track-shape-incompatible,53,35.42063205281738,1412350298.177705
172,28b624a51a0336d67d81584776701df76cc0739eb93a2cbcb669e81d3a29712b,0+1,track-shape-incompatible,51,21.66712241433561,1412714133.0666513
173,ca8f70e3580ebf52510935f6d1a30b05d9537bb87b5fd365affd88d61a993b32,0+1,supported,49,12.20842591964174,1413100402.540061
174,2db8f46b6a6a70012ced93f049e1c86aa716feb0bd6f24966621692b722186a8,0+1,track-shape-incompatible,43,29.43005116819404,1411928491.7098837
175,02898f68a628a73fa7cf84db714dc956d2559b5f0d8ee0726349e475e404ff52,0+2,supported,41,8.560258255107328,1412249095.4147677
176,7aab0340e79d1818bfb6ea136fe05abecf155cf88fa35c186de351220c08b8a8,0+2,track-shape-incompatible,31,42.87400423362851,1412575994.4552524
177,a5fe13f282ebefe6f4edb082086e7f7b2d5eaf0467287ac5bd45946c180ac8c6,0+2,track-shape-incompatible,23,32.51961524353828,1412936456.6706367
178,0164349541611f07bc0d0b5f58233225fc511907ad1b4e28ecbe52c42d215823,0+2,track-shape-incompatible,7,36.57523930631578,1413254421.8374434
179,a245985ce7278ae03949031d13011923a7569b50cc541b51ade709a86420f765,0+2,track-shape-incompatible,0,58.929178979597054,1412023713.2263408
180,ee2c3b98f8c8e97eb3b3891cd017d2c91d4055b4274b79e825eb84dddf7b9a61,0+2,track-shape-incompatible,4,36.53149103210308,1412337406.026939
181,ec2a3771f6340fb7763e23b7fef3d3ab432c6d0b46ab022023b13da9457258f4,0+2,track-shape-incompatible,16,60.49584447580855,1412623261.241579
182,3154d98ec29cc4427ccdc3eca6d2a163bf7303266b1b12fe0302941833d67a8d,0+2,track-shape-incompatible,28,21.707121243467554,1412869085.0382562
183,c8e3b0b6d4eecd15924368f74393962c62467d0d751af35e0b35d34b75af20f7,1+2,track-shape-incompatible,36,22.18481773813255,1413159587.6853251
184,9831222a133a0b2b5b9021ed8454d7f7daed59a829e241f10163a0d4747b3f38,1+2,track-shape-incompatible,42,25.50798447499983,1411895522.8132427
185,5d911a6e2f228dba6584cfc82de085517999d477a36d02954a3556262536e033,1+2,track-shape-incompatible,50,29.262754901545122,1412126210.0680811
186,8c62cdca780294ace46641a6b82f6d947b95dd800bade174bd6b155baf8caa3e,1+2,track-shape-incompatible,54,29.751685387454927,1412337387.3367417
187,406ca95a14dd8d38efb9f912de868fdc378fc2adef38c84fefc2bfd9da114159,1+2,track-shape-incompatible,56,32.866872112848796,1412586119.8480144
188,c18475f3aefb4527a4af27def910548b4857f95966e9f92a69a84278af48d25a,1+2,track-shape-incompatible,54,33.77440536185168,1412852642.9351335
189,7c9db0a1cfff24d8beb21e2bcc79fb7c82b7e3eeaec8295b52a6af39091c62ba,1+2,track-shape-incompatible,48,34.716887485585175,1411526242.435663
190,a3a6866986e3efc2a8939aabe10c4f4b75fd8ba62d91bf74a5619820d25c2096,1+2,supported,44,8.467128763906658,1411767314.1429615
191,6b503b0664882bd537b3e86e130b813d018636e57714da8660a4524e8b30d884,0+1+2,track-shape-incompatible,38,47.694215498748235,1412011362.306275
192,b977e852efac8a2f759f1a3dd63a9d897b83e7f2d34454060e9240f2bbf86960,0+1+2,track-shape-incompatible,34,26.32929307105951,1412253080.4058702
193,a3b8208825bf516a98ce91e113262ee46ee274f0a9e14c41905b3e0cb226c704,0+1+2,track-shape-incompatible,20,44.209629973280244,1412526879.6351144
194,6c00d6eb62ab0e36d647e59eb3190f7948ed5fe8190354c8e9d202610d074f32,0+1,track-shape-incompatible,18,41.146751324646175,1412804588.7245371
195,b47822ef070f7c6df492b2002df81f13bc039ad0e8f32a873a6ec75713831900,0+1,track-shape-incompatible,3,27.404603309347294,1411582305.064058
196,0f42f392d34e6a2a48dadf7fd41a590f1d5c7b3995eeff13de693c14db03d1d0,0+1,track-shape-incompatible,11,38.57625632698182,1411899700.7569234
197,c7e884ab0860a844aaf728ebd3c1ff49a391cf170372ac81f2fc55f8f89fbe30,0+1,track-shape-incompatible,19,29.39664416445885,1412200288.0435739
198,c678dd9120df3b85c90dcd810c7ab58036e67acb8e53407ca8d7e3e433a73c5e,0+1,track-shape-incompatible,35,23.30911711533554,1412550808.191067
199,295e3320b871cdd97191cf009a4c294da0150e8994545a90388fdb4836338c95,0+1,track-shape-incompatible,43,22.66493498161435,1412881868.7767596
200,4584b0bc0c8fec1358f6fee112a473028af4152f2643fbcca5cdadf03536a3e7,0+1,supported,47,4.781544528901577,1411720679.9699602
201,eec9c63af27bed3ca62969e61660ccb6ceacdf27f107da3a7e98b34eade56366,0+1,track-shape-incompatible,53,25.250559514504857,1412090604.0364883
202,69d8225de0af18ae707bf0b8936702c74b9253639db634eadafa7fb0a6a9fce3,0+2,supported,57,15.47674428485334,1412390540.7018297
203,f3bf36028b5509327590189cd3e4c71f3c47dc5c399c742611d898103082524d,0+2,supported,59,5.944967737654224,1412801519.6949348
204,224c1a756047f3ed034a75c20c56b17b7e699d1fd1260136e8ae113bfc2ab08e,0+2,track-shape-incompatible,57,23.305698431446217,1413135625.9613173
205,55395d81ca9563f54983dd888d32f2b0d1249ee520785186612d905312da11c1,0+2,track-shape-incompatible,53,59.55529597296845,1412011831.787596
206,12775e33795d7c90a9ffafdd39d96db0150bc542684073ee2e136231211b1781,0+2,supported,49,10.00911039148923,1412385933.6805158
207,40bc8fbde79154725c1d3eebfe0e07b53b667c1376bbe9b1a733eca994954a6c,0+2,track-shape-incompatible,43,42.056746380752884,1412712187.5759501
208,c85221b7cb1bf81d2cbcac33aeaff6af4394982675f0199a3bb1503804d55aa7,0+2,track-shape-incompatible,29,26.529090816155076,1413080501.5589757
209,57d985356b8a9481072abc20b9d75036ebc5880997fe85fb7600ad674231d1f1,0+2,track-shape-incompatible,21,25.839300635503605,1413414411.971219
210,7b0911e71feca5bb480c227e886d7249fc6e4d9c695457a2d0a49ec83bffe0fc,1+2,track-shape-incompatible,9,40.33512267982587,1412212377.0031095
211,1b61bf682e379ca3e397d4c86a7fa36a00ac3453d844106587cb0d51bd28b575,1+2,track-shape-incompatible,0,31.13723802228924,1412504691.0041537
212,799a203d300bf3e5710ee88939125f063f999d35de068ae75ea04b783741c50a,1+2,supported,6,6.3933219036553055,1412794994.4618523
213,c4f07bc72fd8149264b1b31b4c34de7fe5c7bbccd5d254e643541ea55459dbbd,1+2,track-shape-incompatible,18,22.743081484688446,1413084785.1769729
214,2453e8fd8b6c9ba4fb56eba138b69ea1aeebf69953a3410aeb2b12f7f5702471,1+2,track-shape-incompatible,34,32.29010134446435,1413343328.1668856
215,41369d165f65c9ee92dcad3fdd4b08d60eb5346eaf78973f22606a9889c3e5c0,1+2,track-shape-incompatible,42,31.7575136924861,1412087752.8089063
216,ea06e21e8e23b0843e32c02ad703bbdba17af9ab0b861207d387ea46594fc0fc,1+2,supported,48,17.827751396922395,1412341294.3746638
217,9fbc03faece06a58387cbf63bb8e171721d39524aefd8986f548963399486f1b,1+2,track-shape-incompatible,52,29.86775856616441,1412584073.5271661
218,5c8107abd029729eb9f4fdd4e2548a75df98583a42253f8dce9eb944338947c9,0+1+2,track-shape-incompatible,60,30.30619898135774,1412774670.7378154
219,2861110fa7fdcfdc1adc5f100c8a890ffaef5cbd6ea99f72a6392923f7f8d4b5,0+1+2,track-shape-incompatible,58,56.051047345856205,1413033169.7734728
220,e8ce8de12641ce37b3a3af234e24c7d617709e08a21c677acf730a5bcb530720,0+1+2,supported,60,3.6695508451666683,1411768809.9294634
221,5a2c30cb98bbafe7a4a826cfd121f06810416b1bfafc4e80a1b0481653d13bc8,0+1+2,track-shape-incompatible,54,66.0385808092542,1412012474.2733748
222,1db8036ea8485c8bbd0a2e602684614f85ed2020b34c58a80088aec764cf77ec,0+1+2,track-shape-incompatible,50,39.97538376436569,1412219391.900443
223,ca7ce3b7eac4aa2a6d026ddaf90359dd3a1cf1b5f1608782dc0e0cac03ea7d18,0+1+2,track-shape-incompatible,46,53.86462922790088,1412457100.7203
224,3d926fe8db8803d4c284ce864f42c6694922a60f5d88bfdb626cc851875fe0cd,0+1,supported,40,9.224841648712754,1412720120.1701431
225,effd7e9256bc0a08a094282a620fb9863ec69775a91867af8c32ae8d354f8a79,0+1,supported,30,14.870354581391439,1411465228.734603
226,af4d62d90fee387bf9b5334661340aad69d7439523f4382de289f1ca485d9299,0+1,track-shape-incompatible,12,33.6446255488554,1411699848.0778654
227,4cc13c1af1ca2b2936ca23c6ab359d12576b0ee8638c2c1aa1ba230c93f2f9fc,0+1,supported,2,6.007036523311399,1412002411.8117452
228,0f0896376e292eae4cc10790fe4fd0edab411820c018930c43cd015865722541,0+1,track-shape-incompatible,11,40.18504226813093,1412303507.0245364
229,3abe0924b7d29952b44c93b95d89e868a9264df93e80ceff3ac82de81fc2b4ff,0+2,supported,21,15.40087979414966,1412624911.5186315
230,bf156a41cecd6e4c12a3015b16b18d00882c7c6619d495b9f67e94870721c43b,0+2,track-shape-incompatible,27,31.82738995924592,1411425985.9427955
231,366bb2b2ea3dde7fd599d76facd6401a45ab17510719df79fae067dce2191a50,0+2,track-shape-incompatible,41,58.88185298081953,1411774920.9852548
232,2feb6bb8d303a9a635552c12800062079d94f8bc5af53840da35c1631cf94fe2,0+2,track-shape-incompatible,53,26.668629832100123,1412154305.4513733
233,8fc74a81a9ef4dbcdf23dafa8cc1e3c1b608a1073c8a3f01f6c4218878c49c4a,0+2,track-shape-incompatible,57,41.95063475612551,1412464504.1376483
234,7386bfc1302ebaded4733d3598a9ae35ca66b7f82b031a3ef0ecffca2095769e,0+2,supported,61,13.197897429461591,1412877660.5655334
235,cbb98410516f5c3161e97ae936f1d6f869522a3b88cb4c142f523e37192116b6,0+2,track-shape-incompatible,65,40.62511401728261,1411706944.510988
236,38b75fa3d561eb78841c745e2cf9996364885c18ddba4c5158e98dd0e7b75305,0+2,track-shape-incompatible,63,31.931737469742075,1412060345.8850694
237,a6e13f8605c7ccdcc4fe041e939acaee4c140a2c85149b69f3a4bd69db19952a,1+2,track-shape-incompatible,59,24.049048050888814,1412439556.1994388
238,fa72e2c2bdff8fd4484b6028d7903e2b1d017b8949b92c574b2e6257c69d14d4,1+2,supported,53,15.077258723904379,1412823181.8773465
239,35411f46843fd66d01b0febb812a42f41d2f58cc9e3ce677aa03b648112a9744,1+2,track-shape-incompatible,41,43.001386284595355,1413194419.4343953
240,6bb8a6fe890a34403d9042d48a8ae8fa9b38eaf45f1f549400b02e87297d9d61,1+2,supported,35,6.168815381359309,1412014166.9337811
241,ceb60abd2469c8c8d7dd0a73d01c75bafeec48043945cc89b57336a442be298d,1+2,supported,21,16.02851513773203,1412361962.7406425
242,8936bffc7d91596e7fdd0784601ea2b98feb612ad92dacccad60aa1d06299d39,1+2,track-shape-incompatible,11,28.377592239994556,1412673978.845185
243,73cb982bdcaa80eed4ac5d0bc26fc0307e637404b98fa304eacc72cb9a0db7de,1+2,track-shape-incompatible,0,29.30328875069972,1412981363.529053
244,5b5f64969b25170cdc6734eaec1c72030edd87f1bbe74a022f2f6a4a32f100c0,1+2,track-shape-incompatible,10,24.830951971467584,1413275445.268659
245,27f90e31c0857f03a66fd123f2300ac246d16bb6758043b93c37ac81dca12106,0+1+2,track-shape-incompatible,24,23.265213551116176,1412036829.6712723
246,d615d20bdfe89b2773e04d049958b3d64f61e3033100eafa9d6735689d34b2e3,0+1+2,supported,30,13.661178003647365,1412322096.3175547
247,2e457b6bea9aa569eaaefc0ebbb434f2faff23a4466f9b4dfe3399dfeb5113c2,0+1+2,track-shape-incompatible,48,20.524891023989767,1412530643.0515213
248,59e454394509b6efca066345a939af5cfeb279749027714de87e91bdecfe627a,0+1+2,track-shape-incompatible,48,27.40979185164906,1412818570.822129
249,6ddb58e5ebb6ead28c6fcb83b2e1f5e71f248c412c7c9cfc206ec4289db693ac,0+1+2,track-shape-incompatible,58,30.808466699556448,1413024576.7941203
250,c6faf130a8e893b9e7ddb2953cf4f55745cd91bb150a5e9e503f65bfa37c8cf4,0+1+2,track-shape-incompatible,62,60.2629545632517,1413275086.0608382
251,7ee5f635272fb2d7ce7edf4fc89ff17120392308ebc361c528a5fb9e8d769d9a,0+1+2,track-shape-incompatible,62,64.4238970723236,1411965762.5118945
252,2306b6cdba20a4cd4a344f9c1774c5da28f7086f167006c15e7f1dc1bfe0018e,0+1+2,supported,62,4.538796981563792,1412201868.4879816
253,615a643544482bd906e9287956cab4a896d2b41e037ee0832f43c45eaa4376f8,0+1,supported,62,2.4711736688623205,1412436567.6010623
254,8588d1147eab124d12354b537b861344cf7b4989f54a36face8c2afb15d19f67,0+1,supported,52,6.0813188856700435,1412634644.9777427
255,13866f5932db055dfc4aa3846658ab6612368efcdcef8de96b0a30e6e84e8fcb,0+1,track-shape-incompatible,42,27.0286036193138,1412871943.6995704
256,91864bc04f1805bfaad0b23d857e9a42538a69009a345f79bfaba572a1d8c693,0+2,supported,38,18.613123739603907,1411596017.3420496
257,8766fc8634b69b62cde60b2ba02fcbcfcf26502e204833a322f0281353ca8a00,0+2,track-shape-incompatible,24,44.767412941437215,1411845660.5242696
258,2adf33b10a3af217000ea80c0a999924a02ddc983b660625f6263d942d80eb93,0+2,track-shape-incompatible,16,39.71698190248571,1412146290.7300863
259,07c3a8d7b6eab502003d8ff3842f8eacc3cd12259881a01bdcc8b8d96af3bec1,0+2,track-shape-incompatible,2,26.83742352447007,1412415499.6890981
260,1f9b12028f9bdb319b81d99c4050c342857ff9cd0f0fceb98eed4b71a520cd59,0+2,track-shape-incompatible,11,71.50882713031024,1412723628.9915042
261,753047b5bc0f8563288e85f44bcdbe0bcb5c9da54c1ddbf7853982746c9549e7,0+2,track-shape-incompatible,23,63.868284095893614,1411525937.2878728
262,8098c697e50e639b949d33763a58bc187009f8ebb253a5be6b8ac9ae7d88d5d0,0+2,track-shape-incompatible,37,52.584453907911666,1411855578.940696
263,9a02d61e7d203b374c7b0d45f3fee968016612c2aad0975c5858473df87dfeaa,0+2,supported,43,16.118686600239016,1412205184.3650346
264,dbb4416b4e1631031d65475c2870eac51b5f84a3823629225617ae4eec1a87ee,1+2,track-shape-incompatible,51,41.080100476858206,1412550382.234375
265,b12e4aa77337a847cbfa20ecb7be339859894d683284cc718cc25d2a489bb420,1+2,supported,57,18.471432828111574,1412903646.719979
266,2f81389c6d4198cb5b72e0fb5ac9122a184f17e53f6fad27a825c52bf67f0308,1+2,supported,65,1.7048220130382106,1411799215.6389577
267,c921c6dfe054a3b14dd7288703dbbb22f5c552bc5127fe58bdbc1528f75e39f8,1+2,supported,69,16.455950047122315,1412157457.843019
268,fd4a82140e4368a6f4db1011bd36216783b5d3d499a72c569bd829479c52e271,1+2,supported,67,1.9035914957057685,1412568461.9332047
269,299f00f80990e17c455d8e55225aa0dfaa4fcccb595b33a65a2ab762adf5d361,1+2,supported,59,15.159556046011858,1412936658.7901745
270,851ee3f029482a2b3eb1782d023e58d05ab2d366094c1186392dff5a71c1b4b3,1+2,track-shape-incompatible,55,42.30228777136654,1413290509.6789038
271,12286762fd70c919d9647b7a50ae09b2443bcee175834b4e81996336ea233480,1+2,supported,43,11.30560374201741,1412150966.67231
272,1cf453054420c794fed52d2ea81b997a2822b4f55782213cd314755a9c3023c5,0+1+2,track-shape-incompatible,41,35.679552333662286,1412461436.5292046
273,ec01538b0e747754738663e80d47e4b995ac0975f6f657175512a32701442361,0+1+2,track-shape-incompatible,27,59.77112389332615,1412809957.827548
274,77754955c18dca94bd87289ca965b8b07d61f28e7101dcfb033704abb80e839b,0+1+2,track-shape-incompatible,17,23.90813451644499,1413126243.5699613
275,e465a88f615e309cf0edb1ec54a432aeb36306724643d011a1a54f96f38774dc,0+1+2,track-shape-incompatible,7,22.529814216308296,1413449824.297017
276,29eb34fe383c812025030df0f13af4a0e844033cae58fa8f91ddd8cd10594b09,0+1+2,track-shape-incompatible,8,65.33196914324071,1412226988.9705892
277,4699403f17518116fe3e523e1ccba2a1a48abbbb91c9510409815b13b7988c85,0+1+2,track-shape-incompatible,18,73.5261268109316,1412520333.8261223
278,6ccc4c3b2be3ae59815082ac1c7e39db5224b0bc3afa70d28cccaee47121161b,0+1+2,track-shape-incompatible,38,41.49183577252552,1412757288.5052035
279,982e1f3376b30c18fa64f8dd54b1d77f967a0f3d7e8efdd9eb90973d94fd6346,0+1+2,track-shape-incompatible,50,26.92061816365458,1413004148.6238608
280,91bc8d14cee1b777b074a12783050dae80e5dabe6d2af8bb344cee420582269b,0+1,supported,52,11.862702033831738,1413279091.836327
281,beb24dbf4c2cbb959b98081f4329047e57ffa477f6e17555f3ee6a8ae298c912,0+1,supported,62,13.365540354396217,1411994985.93708
282,e622653e8cf9183f846ee93d5bddaa131a0f4a5a37f4da3dd705671e684a5104,0+1,track-shape-incompatible,66,43.146628816612065,1412169790.5396922
283,e4f9c83309c5376b90303983263a1bb35095959b5721704f98f90b5cc2e15ef4,0+1,supported,68,4.742928969673812,1412375274.766338
284,0fb968bab243a6e3f77c44e501e27a76c3595f68a539e9eab797d5e0a6b064cb,0+1,supported,66,5.7928706164238974,1412645690.229437
285,7827403977c54b06b92fd821afd2b9c5ab672722ab2efbe29b113557f3b5f336,0+1,track-shape-incompatible,64,27.037955249659717,1412873088.821969
286,6b31b7efe6428ded58c055697bc44c8110641c904821f753b57ef1843ace21d8,0+1,track-shape-incompatible,56,32.783202837454155,1411568124.7659855
287,fe351434c62d21c64d933c0a666c860687ca167d1293fee690f9d73ccaa33f88,0+1,supported,46,8.156944755697623,1411802243.8465936
288,320ccfe3b53abd59185cbfd3f9ffb21b946d1c5ce21916eca085b5692e0e9524,0+2,track-shape-incompatible,44,29.19525294296909,1412033177.97226
289,00134a2b7cd15d16939bc9849e5f77dcf03c1ddd97acb90f51d871b732ad6060,0+2,supported,26,17.641456409008242,1412287615.8888688
290,40e212fd07a49e52f5da762c4346cb792282e39091ee7e6331b7c697a51f2ecb,0+2,track-shape-incompatible,12,54.347114967298694,1412556941.7768626
291,04eb62e19546f87485b249847eb09b830404ea4eec0d65bb49f39b8820ffa314,1+2,outside-carrier-range,1,10.314973425585777,1411338355.3156564
292,303bee67fe727e7f4e5e679353bbb09bda908b95698670a17bc62cbde86188ab,1+2,supported,13,6.628462306107394,1411629498.4240677
293,1baf2a23e24eee3a19b13a7824d674489651909f02945487b883a566726b19e2,1+2,supported,27,14.209379593259655,1411969286.436713
294,2075cf3ccb51c34f3eef178036164cd4624bebf96495c031ab9f2fa0942b2915,1+2,supported,31,8.370468591456302,1412278569.8716168
295,87dee7ebf3a3c719d74ec1941f0fc2f04cbffefa37d5ef7033394147a1a83732,1+2,supported,47,14.185249457368627,1412642405.5586364
296,c349b012edb87ebd69a64f7714ca187bd4dd0d31425818cd4fee18a6edf0a1a7,1+2,track-shape-incompatible,53,34.850589084555395,1411470709.9198697
297,2c86e082bb692214d0d0fe5b12ccda694266c9143873b01067bc9c945a9d95ac,1+2,track-shape-incompatible,65,29.26833508897107,1411871680.0976474
298,cbf7da269ff33a8b8b3b8f7eec6e38344bb6b05e529ba60bdc6452b8f27c8a58,1+2,supported,69,9.818423205520958,1412239835.9542704
299,dfc23ac52e5e749bb73a58301a728da4ca60559002f4a38571793246ef248429,0+1+2,track-shape-incompatible,73,63.28933085035533,1412588790.9187644
300,8feaa9554c1a4882d9233607d97cf024e7e12a8e57e88898dee7b19c69bf3649,0+1+2,supported,69,16.31011415051762,1412996054.856735
301,5f515244d37a6170281fdd5eb089de0a94248e64ce64bb38cd0f7741236d2454,0+1+2,track-shape-incompatible,65,26.800294389249757,1411854321.076415
302,ee06b741acde305cf19ac448c7a6c24b1ee9a7f05dfbc16344966f60456589db,0+1+2,track-shape-incompatible,59,59.511916037648916,1412233121.1501381
303,a3e884b8ae5438c1ba31fde6a57cbc8d67d12f98ffb7fcf94edaec88218e4ad8,0+1+2,supported,55,17.689683613018133,1412566353.3883233
304,1a391893fd55d1017462e08282d3188a0906c01ab6b88c76a0d55332bea25c04,0+1+2,track-shape-incompatible,41,62.7753751759883,1412948669.1217306
305,df13c40a4c4bd5a5626538ec829a4fc82e3e6d40b06897e8a90b38b4d778bc87,0+1+2,track-shape-incompatible,29,22.69335168285761,1413286868.139386
306,ad11118302752117c55716c3e34b3fb491e18a17df681d6544e719ba7aa207fd,0+1+2,track-shape-incompatible,15,38.52890251169447,1412089565.6929212
307,f6709724a8cf5a2ba477c953fa4cb833d851b08f53d3ecd0aa1755da7ef8e2c5,0+1,supported,5,9.344786425703205,1412398066.197796
308,23e6739843f1d20001904a98cf4bbf21fb7800faac81d5b78fb914dab45d7d99,0+1,track-shape-incompatible,12,26.63111981935799,1412703706.6857855
309,f3e7498426a300b319021cefd35e49ffc61e81dd4df695af20d90274b0494c80,0+1,supported,32,5.320181868155487,1412960487.036982
310,c93975ab2362a771bc8272eacf9b94b5fdde7cfbb6228cc31a1d1520e1a41a4f,0+1,track-shape-incompatible,44,35.343990120338276,1413214589.0232265
311,7e7fdcfcc48564797789a47112e849f0a9acb83bf724a26a765de6c9ef981eab,0+1,carrier-grid-gap,52,19.82162390789017,1413477907.933508
312,3fff3c647771af6fe6e20786f8cf706f18bc4359c6f0b24b1b79a54ab01abd56,0+1,track-shape-incompatible,56,34.2374634599546,1412213389.0737896
313,bad4d5e84e2165ee11e3c86f0aa58026cd86e214f956be147d9c1425d0754dc8,0+1,track-shape-incompatible,66,40.60826845653355,1412387350.7046688
314,a8ced5b498f3b5b8193e0a9a621fbdf82ebc197154562f3fc6acd57c9f4e1e72,0+1,track-shape-incompatible,70,27.5533910804661,1412678749.777219
315,a4625c559dd93a6e33a1e6a491c708d55791c8401d1c3829bb4726fd048d304e,0+2,track-shape-incompatible,70,73.50711957842577,1412859540.1236608
316,8f9e0af4afdf5b2c657364c5e344ee78219956742f968a3fae3c816280da7445,0+2,supported,68,9.507841901271604,1413036322.2782912
317,bec5eebb8ff7ce80f2a77ce3c3b22078ff34056e2fc4094d5f217e575e838bc5,0+2,track-shape-incompatible,70,29.032325780019164,1411806468.0287402
318,fecfda1e48ff74258f1b47d510ed298346592bf5df8c0b9b18a9f03f762455a8,0+2,track-shape-incompatible,58,49.51099768222775,1411964751.7273548
319,d8f12ca0907c51440531072116650cf7e33034e4d3dd7c876deb91ca2f231897,0+2,track-shape-incompatible,50,70.89369276969228,1412201291.6084394
320,163a84709d71a18e210637d5735c62228beff3fcbc0aaca1bedde1b19a783d38,1+2,track-shape-incompatible,42,22.39748174592387,1412442697.1120222
321,f0926f4db8fef50e54dfe5aaa6d168e9125fc530893d12d76460549d5a97b955,1+2,supported,34,12.3299667944666,1412709929.1050382
322,e5faea25cba7427a5b36a368ab82480ec0fb4c7964c007423b5afbea89fc3beb,1+2,track-shape-incompatible,18,30.811298641492613,1411460908.7008762
323,4caa6ba206d35947968353f492f34a4909a4a79c797c376f9924420737d547b9,1+2,track-shape-incompatible,1,21.21079659392126,1411746019.755979
324,97dd8c294e8567a6dea007580110cf4676a5f572dc31669220301ddc8636b1f4,1+2,track-shape-incompatible,5,43.148865771945566,1412053962.3372624
325,3274aeb6d1465edcbeb84922a123356833bfbc3f47cd0036e9bd2ca497443992,1+2,track-shape-incompatible,19,36.025510401465,1412367537.8269184
326,fd5926305b456640abec633de8da2d5f0edcab4be33691b498d93a20ce5eb9f6,0+1+2,track-shape-incompatible,33,61.27917206392158,1412708180.7698548
327,a14be27dd0e210223d0c2d6e8ef3c0698e14d97abe50b1e4cc89f35bf481310f,0+1+2,track-shape-incompatible,47,24.113051313208416,1411546863.9441788
328,70926b32eff979d92242a5d3a98598a6aa80eb5bc9c4deb11c9e71206ef29f72,0+1+2,track-shape-incompatible,61,25.96624954242725,1411933809.4386926
329,d053043b17b56cc93b38c9f9098a4ee9f68e132c614eb2687923ccda395b4458,0+1+2,track-shape-incompatible,69,40.263304226566106,1412278345.526623
330,bd0df7bf586a30ad188672f53c3fbf3cc8a1bcc209e687f892c90edff756cef5,0+1+2,track-shape-incompatible,73,68.5064490212826,1412703009.6784055
331,f071327004063813803f357fcb0fef5273b5013f7eab04b4b7526b48e4e75419,0+1+2,track-shape-incompatible,73,26.054690851364285,1413059747.3514054
332,346861969d88576ead588f340e38b879d52aa900e29b9f257e4e4a5a3eb9be85,0+1+2,supported,75,2.1665990344481543,1411892835.1678421
333,72175f4a227b76359441427db43ab1efb0c3ad9126637c10c6a659ba5d300483,0+1+2,track-shape-incompatible,67,20.318425774923526,1412314583.0542254
334,790d7b3aaadd47dfa61d77793770690c2e1e01106a1d621b49e3267518d46e04,0+1,track-shape-incompatible,59,39.186237184214406,1412695915.1544242
335,37eec89bb598e285deb3139140bba4f8a93049f2e2559dd60c5a56038312e781,0+1,supported,57,13.655913464725018,1413044967.4747245
336,928e50dfffe57e67661beae49d99014ece68daafae94de08da8e5fae53af4c4c,0+1,track-shape-incompatible,43,25.376654148334637,1413413487.3224034
337,a8393a5e86e1ec587526e3cc57faaa2e5a7d16534f5e38eefe6be5b366a8cfe2,0+1,track-shape-incompatible,27,37.76132801885251,1412237989.4244044
338,dadf7984b302cd8b2f2e52bc3e0b923f4f0452a37f4d93bec7bfa0ac14bfac3d,0+1,supported,13,5.946913547348231,1412562780.535963
339,fc4b65d4c2c4be33d9f32e4a1671db66bdc91139f772df6d90040d64c7c11ef8,0+1,supported,3,18.733432242879644,1412861280.3302076
340,17a022973cf54c549975f5794e26dccb3d9e114f21cccb950d032184b167cf31,0+1,supported,14,15.670028812251985,1413163720.3662634
341,42c7e40fba40a18f31cdf76dbff9aca9dcfba87ca1e150ea18c0ed8e27a05bfa,0+1,supported,28,12.95646364823915,1413441263.263213
342,6d354d5356329362ef6659eadc1be34cdbe0fe7c5727cb4dfa5a3038c2eff464,0+2,supported,40,16.628059746930376,1412184227.406697
343,8ee8f274c4aa29179413b6c4107ee35f83d0034061aa2b136735d68ac0adec51,0+2,supported,54,8.59620271390304,1412399566.899015
344,371546964c6c6a10fa31e8401dafc64e4f10ed778f4aa5c29ceb95790f4486dd,0+2,track-shape-incompatible,64,23.145811087684706,1412651891.5886521
345,70f48b50c25a9fe604575d5710da1ffa54300f833212544e134ba53f8a37a993,0+2,track-shape-incompatible,70,58.290030525182374,1412847928.1038015
346,61f3b543ae6dd239dd60183189f434ac87c0ade5111b43d0e7e78c80a9267ee9,0+2,track-shape-incompatible,72,32.10517631925177,1413113205.799331
347,c514666d200b17c34499511fe617f6239569720e7bcbe1d3fa3c7d1e54f4e8e7,0+2,track-shape-incompatible,74,41.96454196702689,1411809355.2548368
348,0a0aaf8b64127558ba7ce20d5bfe1cec1e986027623e3a4f6c41189798cc7b33,0+2,track-shape-incompatible,72,36.97039258782752,1411963415.2566974
349,5a6a60c2e257376f3ef38e85d986a566daad333787d8899a85a23fbe6b9f204d,0+2,supported,72,7.975083631463349,1412236307.8607044
350,43467ea0e8fe0a0bab675b95dad67feb66767f0ec0d19258f9d8319aa8403298,1+2,supported,66,10.898916963022202,1412436691.7937477
351,66318600f07e51ba64de439360712610eea98844a633e0eb174623af22d5d985,1+2,track-shape-incompatible,60,26.592102659633383,1412677016.8112962
352,9653ec3e49dbcfc341dc98ff839ee9840b093a9839df34b5364319ada4a313e6,1+2,track-shape-incompatible,50,42.18828590353951,1411405340.1924884
353,c645b1675e6b18c44c1bc71e8b75f5a560e780371e5ad7cee41ff163b0fd6eed,0+1+2,track-shape-incompatible,36,42.866478733485565,1411641721.2205107
354,3e88ea001b6e492a2ffff7196c4f96e3949a740443864983eb937fc00b29e63d,0+1+2,track-shape-incompatible,22,27.747019225615077,1411903617.475275
355,39280d949ccdf31f0d431d2f2727ef9714ba57266f48070a886782b68b124d55,0+1+2,track-shape-incompatible,1,72.22579933970701,1412173625.5780811
356,fda33b83a1b7513e443a2b42854f8e6e71d7e6c26ea56b44f5d11ed6f3854936,0+1+2,track-shape-incompatible,13,70.93646116589662,1412478809.780221
357,1ab3feb38be899c34407618b59520572abc77f09ae3db0eaee7387f62d8dbab3,0+1+2,track-shape-incompatible,31,40.730862331110984,1411292490.2467985
358,30f4825297c7f05f47ef4468f8f3f3382fb0bdf736c43d29c4eecf335e54f045,0+1+2,track-shape-incompatible,37,66.42284131410997,1411623096.2642574
359,448fe2d136a2365dfa958a604c8b478ed7d3a64db34020e6ba7318d8f40c3a07,0+1+2,track-shape-incompatible,57,28.902114365482703,1412011541.8527095
360,0164f24016a28d2efaff1e55c1b1c89e606464bfc43db09f750e41c81ff7fe73,0+1+2,track-shape-incompatible,61,42.13767166645266,1412315420.083658
361,7d2be0dc1b48995e2ca78c39d6ea29d74c8f121a4aa072fd941b7ed6c6e5abd8,0+1,supported,73,18.919488667626865,1412726726.0732772
362,1cca51168a5fe7d4e126d4f452248b82ba3c6b9050574506451e256284767df2,0+1,track-shape-incompatible,75,40.09079206257593,1411575674.7900186
363,cd9ff820e8167dd1709234cf6307c224ad68c61151a46e4841b9c62e8f2407da,0+1,supported,77,13.844131430261768,1412003205.9043853
364,62ab11050b657e41bcee5aae8f0bce12e175521ac2bfe685a7fbc9c9edddbb99,0+1,carrier-grid-gap,79,19.30828423204366,1412333954.2283843
365,77a3c4bdcb32b1b4015d1c5396b2bd6173e8e76a607852b54b75d7338b585671,0+1,supported,73,14.26136067789048,1412783608.4182975
366,55527a250f953d300985be6da59631243928cb623164a20481099d575c295caf,0+1,supported,65,4.325961436610669,1413150257.495948
367,57db2c68d422645e52993e293e2687ba0fdf7fe5aceb1ebe02f4b8885de2c8c0,0+1,supported,59,13.855320506147109,1411996424.5373735
368,3554606932ad1eb7fe1c9150c7a9c31182dbb653fffcb3bbf39397426abe572b,0+1,supported,49,11.345289781340398,1412344071.0651634
369,61e9db4bf9ea6f512a5f112d38faec2ce5b52c1af96413ebecb67ca5ca52e1b4,0+2,track-shape-incompatible,25,30.69479001639411,1412708151.0861986
370,35f5aa6ad3943c8adab6fe97c077821013ea1ad31f56bc2c132b9069db7473b8,0+2,track-shape-incompatible,17,52.60610109556001,1413025180.80409
371,d9be9c8442f570b984f1e3dff60f9137bbe437db535b00d1f067dbab63d10be8,0+2,track-shape-incompatible,2,62.380595599650405,1413336212.1414013
372,89c1ace7d5d54629c561eb553c5f4ceae5f809da96209765eb3e1dad31e7daae,0+2,track-shape-incompatible,10,69.08591739123221,1413622704.5771103
373,56827ccde0e1e7a57db67ad31182bf91bb7e47b096b98de453b9d63305d237f5,0+2,track-shape-incompatible,26,26.64930873189587,1412394018.7671654
374,e1d9061f625e8200a21056c1998937be266696bd5ae0f918c5596094391b9e2a,0+2,track-shape-incompatible,48,45.63850849471055,1412630107.38738
375,68ff8ba4bae76c667c2789d6f1a6edadaa6f0efb534348fcf8c38bd0a398d775,0+2,track-shape-incompatible,58,29.160058756940998,1412860014.0063064
376,691172e081691ba414d41aad7ee715a9aaed7c4c3d046cb5528ff0cd69880bed,0+2,track-shape-incompatible,64,65.0056221006671,1413130924.3464339
377,c507461747a26ec6edfb4e7b2a1cb78fead0e10c4391e8cccd03e53cf8975156,1+2,supported,68,13.589434414170682,1413369983.8025465
378,b06c7b56cd6af1c83e46f96d9709dd8fb4de64514e3f6486462a89b258001db3,1+2,track-shape-incompatible,78,36.72641895117704,1411987530.757332
379,0717d97081021a4d59f409bd0f630ed9ba4c5efd15c711ed3bd00da2ed7e102b,1+2,supported,78,18.214151512947865,1412274271.5248551
380,15505053afa4134d0518bbc4a4f2c46a7d25a083065282478f1b56fdc9b7e322,1+2,track-shape-incompatible,80,25.432534302817658,1412462647.0657358
381,2c860319c2d34222e23c308856ed1d2a727ea2d43e0f7ab256c113ca5605e7c9,1+2,supported,74,9.00292294297833,1412653373.3446753
382,7dfb0fba8a0ef54077988f46761963f981f273cc0d5b0bfd243d179f5d959184,1+2,supported,66,9.727230873773806,1412866734.5213177
383,f3735ef00ea0f45079a8e72f4b69242f29e63ac9c42bd0cc5d3ca368ec75a8e8,1+2,track-shape-incompatible,56,28.606969779124483,1411565552.1499286
384,8847d726f7be3a01ae9c016f519f8c3f7c93bef352242dbd24712db197046f97,0+1+2,track-shape-incompatible,42,51.17118641443085,1411772475.914519
385,82a12ac7f9a0f5fb48c513c958de67b116e798373c09daa88886a9403da9a401,0+1+2,track-shape-incompatible,30,67.19217214139644,1412035086.6759171
386,8bb28c15ecc7e2613d5fa5fc2a3103f4394cd97e6524887ab4c66d75de601c68,0+1+2,track-shape-incompatible,20,41.11958371009678,1412311938.6637712
387,166933f9c40691a708d810ca87d465fa3423b029609a2072f2419eb72d331318,0+1+2,track-shape-incompatible,4,52.0352984481724,1412607850.661459
388,fd8dc93593fdff56bc46c5f251058e31a4c3be4a967f1aab04e85a8b5e0838de,0+1,outside-carrier-range,7,7.559990605222993,1411385545.1167676
389,8d3444a1c66f4eb10ee082fa25f0d89d59b0fa653e73518956abcd34d9e3d3fc,0+1,track-shape-incompatible,23,27.579873795388266,1411705649.135514
390,702c5367633de20f314841aa2386034b15c9a03ab2ca75a9ecc0f2ac5007a23c,0+1,supported,43,11.96300047787372,1412063616.8309796
391,5e8169aec492798218bf8950645e939a1c18a30d45464edf748ff711b8472404,0+1,track-shape-incompatible,53,29.18838282476645,1412382603.7979174
392,262dfcca1d23397a1b0282a9471dbd37aa8f98d0d6fd087fe011d849dcc74dd4,0+1,supported,65,12.306466022622772,1412776033.3254797
393,0eed9be47471f89f2821870779e2ec6eaaa4765082975379a51ff890d1dfa6c4,0+1,track-shape-incompatible,73,32.15279314829968,1411658280.5428123
394,75d94a9f46d7396fe9b30bb15fc92f97cd3d86e1dcfd1ab7a8a6bad75efb6c1f,0+1,supported,77,3.0997187859611586,1411996603.5476956
395,bf24516cb9e66672f3de4e21b7d9e3f417d12f2f3a0ec3ba69f3977e2b07b77c,0+1,track-shape-incompatible,81,21.9280557151651,1412402223.4457047
396,985d4eca00c7a260d9ac9e77b778ff701327de48abfd4898ce9caa202f605299,0+2,track-shape-incompatible,81,45.31393572455272,1412824900.6487722
397,1e460395a98195c1da84320b4014a0a2dd183421e87094bec301eb7d1d3e383a,0+2,track-shape-incompatible,75,23.371756196254864,1413227377.3648744
398,6e711a87559e56a9b175f41ee07d5d37c8cd20e5185eecf0aaf9e78815668eb9,0+2,track-shape-incompatible,69,27.468215932603925,1412074663.5107744
399,52f4e98746d0f62f97027b677ac6f8e7691c4659239304415a40b47f1e6fa8f5,0+2,track-shape-incompatible,61,73.6599297724897,1412442108.6928608
400,c23bcf0f0341a9f92ead154880d4ce5177e566833d154940d059448c068b5475,0+2,supported,53,15.616807572427206,1412794594.9154272
401,9fc288e02020b9f91ed6da6681146d3112a35f78c6a8346f10b831b64ca54e0d,0+2,track-shape-incompatible,29,54.504202546551824,1413174827.892268
402,c26ba4249b68bbe1f9050493c93403aacf4a26cb6121bbd010e19be857ac4df6,0+2,track-shape-incompatible,23,42.954066116246395,1413491852.4631267
403,1c8b6b9b4309d11387f3944914c70511c94ce69b99aeedb62c60f35e41239430,0+2,track-shape-incompatible,6,64.03673090832308,1412282792.8856013
404,558f6804c4055f51674bf98297db0a8605931453d77ec0cdafc538913a7ccc17,1+2,track-shape-incompatible,14,27.382137390901335,1412587811.524832
405,c6d7bc3c036d0cb87b72d792d9868daf64b3cd35de35b7b62ee8c94b1c4b5b5f,1+2,supported,30,16.685379853472114,1412840922.5572233
406,73f6472cdf5d4bf30b36cb88b9bddedc1589b9782f01dc2eaafe5d0887708861,1+2,supported,42,7.343426078557968,1413119015.2850473
407,c08fc49d66289eb11b25c30ee05b87d9d20f7b6f750714d3960f168c52dd3e80,1+2,supported,62,14.761971150175668,1413320396.0575342
408,497045581c4f7d972460c18c5737777d0cb63b77dac40536848cbbcc136090e1,1+2,supported,64,4.923540302901529,1412095396.6140327
409,15376f1f44cad9b80048b93d4c862a7e8e8289e802f8850fb6a78b37002570e9,1+2,track-shape-incompatible,72,25.089478482259437,1412307553.434354
410,c306a1ec353fc8b9a5ae365fd2555d4b50528c8673e04567d0c3f0fe8b2ae351,1+2,track-shape-incompatible,80,39.953412147122435,1412515393.8549988
411,e97019a2e1d52b0fcc396b4a3f70ef0b5d62ffa2ecc463b4c20930e6a526b298,1+2,track-shape-incompatible,84,40.15754239948001,1412675782.9495897
412,acef3768dd86a02bf4ae6e66dcfd047fc2b94c5dc29467c59e42b414a594fc6b,0+1+2,supported,80,9.00160364585463,1412845974.8434916
413,97f5dad5dbf30a0698a318bbc9afcafe8090a468c3c49226735924dded53ee1b,0+1+2,supported,76,13.813018024433404,1411552997.6068063
414,eea50a1677d43c5be111a1d33fd9c4f7312f20aeaed8f5bb0bd320ecf19a9740,0+1+2,track-shape-incompatible,68,23.46597141493112,1411774963.8457928
415,aa8fbb9a258504a1fead9173b7a5b06920dae9a7318ae84421d82839b307802d,0+1+2,track-shape-incompatible,62,68.86846143729053,1412049174.9285002
416,38d68eb617afbe641a9fd3c3ee65c8cbcdd66927ed1e13ef14423e5c1137aeb0,0+1,supported,54,4.494047802872956,1412261441.9630394
417,e8573d607e641193e3775d1f367fb65f9c3357fcae8efd3554f292212d3b3714,0+1,track-shape-incompatible,30,41.36449438135605,1412477838.237429
418,fd6325d6eacfea2e82910c3d7f3f74c01edc107950f7eb4426209263391e1385,0+1,track-shape-incompatible,22,21.9330639942782,1411245641.995557
419,3c507e13003433ce51f17cc5e1323c22857728a06977aab568adfc11e919408d,0+1,supported,10,7.877946599619463,1411527386.662193
420,63910ebeabd5223c5e64c9220a2e6d383dfff95ad13e86d3780c9dce05c5c8b1,0+1,track-shape-incompatible,15,23.279045193921775,1411831810.6574583
421,0f28a66c426437e52f144da0f037e0b2b6ff9ad3d3307ff7580a1bf51acc9bc0,0+1,track-shape-incompatible,29,31.133906547678635,1412143197.4346588
422,830ba15bbeebed94d2b0f489716ac658ef749834ac91a5879c129c50fee41794,0+1,supported,39,15.848203460336663,1412457955.5810213
423,236a539142e22f49051f7a886285228b03135619818247106c025ff717e7913a,0+2,outside-carrier-range,63,9.829650705563836,1411365438.41697
424,241977d0409346afe887286ea53f5ddca0456ea9a7eef7939edc8f78a9f64b5d,0+2,track-shape-incompatible,71,72.17185588018037,1411731711.9096274
425,155d4022a774e9d1dc70808ad51886f2a682453a4c9c97e79041d080a7227516,0+2,track-shape-incompatible,79,59.91338923864532,1412129249.0461035
426,30baf3f66df4829c439910fad726847a79f244506faabd30568080b66cc1bf53,0+2,track-shape-incompatible,83,42.00504151300993,1412519926.244773
427,e38b29aaf3eec6f26b333da7f0299005bcfed76a3d800fca88811cdb050174cd,0+2,supported,83,16.196261031669565,1412835712.0193543
428,edc944f7b3864ed2cdf8b1c4367fa512d9205a4fffe2e880cf7fc4d4f19a7ca2,0+2,track-shape-incompatible,81,25.27234796981793,1411801848.6267893
429,be1c218e303c67dd8b60f7a9b2c60802518ed60a7c0d2934900e01791a70e1f5,0+2,supported,79,17.015460522728972,1412139484.0347748
430,2b078ffa0bba7684c79c0959337cb3bb5fa3a459a9be5b87621ae905ea91507d,0+2,track-shape-incompatible,73,46.014875637716614,1412538305.6719627
431,e716d364a9f86c6d8735fcff376ef7747ec01c96ee55408a16bcd3c227a1d9e0,1+2,track-shape-incompatible,59,26.928947585867718,1412927409.2644255
432,7c879cf652f14788ead15d4f28bb274f92b6e1546725d334d9c76552c3873f56,1+2,carrier-grid-gap,45,19.859772774623707,1413287497.8326926
433,b742271d969aeb5426f61e641668d969d8e3fbe10e087b1a7eb6d65c8a4c3ef1,1+2,outside-carrier-range,35,8.196058666799217,1413631876.6383545
434,448e349672e7f233819cabdbf1f7c3fc0b7adb25e6bbaec717b23c1c055629cc,1+2,track-shape-incompatible,19,26.311754938447848,1412443610.2363377
435,b0d1f474b4137e1a7570a373418079cd569a6661d221c5ec78cef33e4c46d01b,1+2,supported,3,17.31257038039621,1412757750.8058095
436,e044a831224d23db5eea4182f21dd935a397b05806add5f06e99a83cbf5f73e5,1+2,supported,8,12.603056516265497,1413057090.5496502
437,74b090c9a1c1a05fbb9f9aa3af64f0fc12c2de787f99b2d281feaf6462abc3e3,1+2,track-shape-incompatible,28,30.110793454339728,1413307334.266579
438,0c70f65d119b183f71c03d559cf8732c498bae22450f82438ea49f770dfe8278,1+2,outside-carrier-range,42,12.458301383419894,1413574992.6941304
439,292ca39a7e3f29bcdee99a3f71bb9fbda4fff19fd15011929496956cc06833d5,0+1+2,supported,58,16.7876534613315,1412291733.3916788
440,151f1d36c8a8f085bb63c995ad2db2180bf2398187d010d2a3b99a186ababc78,0+1+2,track-shape-incompatible,68,51.45751801296137,1412534152.0769758
441,6b9b69df1e00c567790da779bf13dbf04676d0028b1bf8222e48b15ea41be979,0+1+2,supported,78,14.766913917497732,1412730539.5295382
442,a8665cefa16398c95f066b270dd3a46c649739de91e4c73b25985c5f1704803d,0+1+2,supported,84,5.756659513921477,1412890215.5592313
443,10b15dda30f29f1e1cd809bedf632ec31eba8d95afd4eb674c67efd1c5b6645e,0+1+2,track-shape-incompatible,86,25.71710267337039,1413077989.6943877
444,6131376bfb7b5b638f129df05ed61272920af6d01e9cae2198983d3058b1b8ef,0+1+2,track-shape-incompatible,84,68.7644454255933,1411801740.814902
445,3d51dcd608cfe28107915c481c7abea48612164c0ab19f8ba04dc17c2e0d9070,0+1+2,track-shape-incompatible,78,25.407286283094436,1411973321.4570968
446,77b6506b9469eec92ab666c364a4763cc3c524dc09bd3f25a6e495c24574ecb2,0+1+2,track-shape-incompatible,72,51.319240433047526,1412228392.9295838
447,e27e35f8aba00776138ac258e98578b87bcb992b76ae62ec74c0ca68d1a68df1,0+1,track-shape-incompatible,64,40.65463585953694,1412460366.1404843
448,26efbf0f3f66e3400c67b6caa67ffd60b374e1080adcb3dcdbf2aa010232a38a,0+1,track-shape-incompatible,50,37.32832523260731,1412659577.7073283
449,c69220049536273ecee7c72cb75fe0f74c5df9169f4ea0104864433c37abc8ba,0+1,outside-carrier-range,42,5.929795838193968,1411408078.9101653
450,305b159dc03b55c2dac680cf0b4f3c76dffb2d4c256356acd79959c78e43876c,0+2,supported,24,15.046436450909823,1411672503.2528112
451,8a74f3e6d663c77268aaef0186b2d987fc30ad0b9f205fe26a564191d078443c,0+2,track-shape-incompatible,1,56.44585034705233,1411940546.3880012
452,4ce8420168aedafe0c012aa3780db674c333e5387d06417dabf5838ef6e28c51,0+2,supported,13,18.120194498449564,1412244498.8645668
453,9cdbb56b075d1f6b0d9b9fe267e61038df922fd797fc65e63335f56e7375142d,0+2,track-shape-incompatible,31,29.238706065225415,1412563002.2244644
454,1cf718f91edeee659e7c82b016862dfadacebeff09a0463709c600028d26804f,0+2,track-shape-incompatible,39,41.757225203327835,1411388304.006219
455,c57f668166b522b592507860a862bb97c5fac4223d032b8c4c44a6be60ccf603,0+2,track-shape-incompatible,65,39.09430195274763,1411792892.3408613
456,c7f10a4b328b72110e196e2c6323f3d1c500dc4738282946f327205fd4ab0c31,0+2,supported,71,6.7703701668651775,1412145632.960872
457,e06667dafd90e734f4cbcef34302c7178e858e1ce1d7b47e1121fdb636943115,0+2,track-shape-incompatible,81,23.74329187592957,1412540016.6557736
458,97feac72f058ca075c712018c1593cf0952a5c72de0f2d5d9a2cad0019406253,1+2,track-shape-incompatible,87,25.647252531605773,1412954436.3944361
459,d0d2dd6b174701ad19135c1bb3637123f659d9e3d2171d02f2ca5ecd0bbdc87d,1+2,track-shape-incompatible,89,41.7696326195728,1411766402.94811
460,2f9c24e2c1d721227f61ee609e993f6440fcde89766fa3c29975121cf570c6ed,1+2,track-shape-incompatible,87,26.508807555073872,1412219028.4700916
461,b0d90bb191293e9739602dfcc0eef08d2402f67b098d0abd0daa21020a875b03,1+2,supported,81,12.858920467901044,1412631495.615876
462,5b5e5eb59559f0e06d7bb3ac1a45b8ad2e83cc6f359671279f0987268124c8f0,1+2,supported,69,9.407880582730286,1413035106.0049317
463,be87dea3d42f8109279a77f9391571dcd45b7dce3d8b3b60d4b1bc004e92e419,1+2,track-shape-incompatible,67,32.16129643865861,1413342293.570768
464,1bb20e6384ec36324bd38f79795ed7a95d26cfc1bd521cd4938c45f1320f93c3,1+2,track-shape-incompatible,53,25.228250686777756,1412224232.6079862
465,f24b5381e724c06a8552c260c5815e25b5abac5040a4e7e2b9171b9b4f020e97,1+2,supported,43,11.572845912422054,1412554467.5450196
466,01d915b5ff05dc300e5c846870ed32c7f6d4f8df184875c6f663913b513eedd7,0+1+2,track-shape-incompatible,17,56.71897040528711,1412914783.9538107
467,01e6d5022c045580b5fa5d69614a839bc570ebfc10ac5c17da6b2ef08ce7cb7f,0+1+2,track-shape-incompatible,7,30.051238166051917,1413221047.4900854
468,635d09375043add8d1da900b4e62118f9b76230b0e5b76be1e51b2864eed9254,0+1+2,track-shape-incompatible,22,51.17621334514115,1413502323.3696222
469,20d03173c40d8baccebb0063bd76e60c9e4e8642067208fc6498a3f77482cc02,0+1+2,track-shape-incompatible,38,64.57995852129534,1412252848.7973092
470,7ec0309f51c6a83bf99e45e2d46777768ae24bdc8e5666c905ae9ef204e50715,0+1+2,track-shape-incompatible,46,63.46541349950712,1412529626.8519616
471,f23fad96873369b71d46a5739eec7f6e88ebc822bb4c9f7927096c889f030338,0+1+2,track-shape-incompatible,58,36.69726088014431,1412757923.2535117
472,91621480a030ffa5b655a50f77bd1d78d6da2eb4b2ca0dec3fe01e0bba6740bb,0+1+2,supported,68,15.96308125113137,1413008683.2835596
473,c42a6826c504818a6e01c368554f6b69ae7816090732c91babd60266c2429ff0,0+1+2,track-shape-incompatible,82,48.18644755589776,1413144540.751096
474,51b903152ce911474b2f6f3ca61486379922b2525fdd30bc8df85878e2df38a0,0+1,track-shape-incompatible,88,41.764758781995624,1411831893.558544
475,a03defcd6be922b3353c6c9e6455e691e49c2fa66104dbeaa1980cdda9db47b9,0+1,track-shape-incompatible,90,41.92819266568404,1412039619.2454622
476,0dc834b4ea7e6f51f2a39fe8eae9db26790e042c82f14d7d5ca22b969abcca6d,0+1,supported,88,18.726536492351443,1412224638.7820776
477,63105c2cf4d1afec4155d61988b99b34091ce64ba9aa20fd75ee660a8cf91c28,0+1,supported,80,4.924566328874789,1412433704.1959708
478,5a0dc5d44029c84a08c6b0e3ece9da13f6be5ddf0983b2aee359fd1287b4b874,0+1,track-shape-incompatible,76,26.548912503989413,1412650384.1897902
479,77c56530d07629bea9f951cf1cd0763f71e42ce59407152dc6c38bbdfb912302,0+1,outside-carrier-range,64,6.023564469767734,1411357077.2957857
480,ce37390e97ee21005d20f78bfbafe9943b4c4d0db551f975c584b88faf76e7f9,0+2,supported,58,11.501623091287911,1411611949.6323783
481,546997b042c0fab2c54b5a6454f1ce4373f3d794ae2e785fa3a2ab526f40ecef,0+2,supported,34,14.96699882496614,1411807006.9871175
482,fe56a27f34841e0dde6b4ae69e40b33add2646bd42c234914b3b3fbbbc3cc07e,0+2,track-shape-incompatible,28,54.27341327560134,1412090283.774401
483,8495a9e9e9800a96bef06be41493352fdcb8b88d7087f04b4ae09d45e724a211,0+2,track-shape-incompatible,3,67.85319823876489,1412367993.122619
484,cfb8246915325eed01938f1e501fb521deda132e4d83f62ebebb640eea6f88ef,0+2,outside-carrier-range,9,17.400027401163243,1411164945.332203
485,1ad2b9afbd64478f4046fd56c191353a731c35a557a47835daea8d359aa990ee,1+2,track-shape-incompatible,35,35.44894935016055,1411507312.7111979
486,d85dc79c8a60d97fdb2e1249abf90faffd0fa3e08e0e50c6f818dde07f51a48b,1+2,supported,43,12.12558946677018,1411808932.8609228
487,13830e282c38627517a55c0b7ab81cf7567dfe0946aa9d054644d924ea49c17f,1+2,carrier-grid-gap,55,19.250170991406776,1412157067.27998
488,d6f19010c09c16e923b18c7b49db8da9c74e13ed83fd0f17c4eb9291f6524181,1+2,track-shape-incompatible,71,31.7362370780902,1412548261.2358954
489,4723a7257f45c7117a07358d08f9e7c4fbb709ddaac10861cffb7f5a8ae89863,1+2,track-shape-incompatible,83,36.47043429524638,1411470146.2681532
490,3f2a859ffe435517fddeb6a64ad13ff1a79e6390513e285edc262ad9465b9b44,1+2,track-shape-incompatible,91,29.616907333722338,1411883058.0949295
491,10207fc419c9b8aeeaf8d8ab2bc76154254182d84f7a066aec90353f3c2d2e67,1+2,track-shape-incompatible,89,26.42690451547969,1412293321.9314778
492,ca7a3af7ddae70f28e2c53b651f0f2d390bd23466cebb6eae094274d165ea977,1+2,supported,89,7.314501437009312,1412661979.506965
493,850d993ed1b0a558d02c0247907610633aa5a685d13003b329b6dc909a1ecbf1,0+1+2,supported,87,8.925444302498363,1413009598.2236435
494,e260dfa33f523e0437170d836513a03521705bdb3dbdd8e08439da0fdca3a2a7,0+1+2,track-shape-incompatible,77,36.14623571757693,1413447317.6129627
495,30a5c50004682d8867653765fb44e39808b20948840d19a37cb20226fcbb9ee9,0+1+2,track-shape-incompatible,61,40.1582277942216,1412341444.0727243
496,921b430957206ad7a258b14c43d2de43686e49d8eb842f5d6ccbdda1ddbd9e33,0+1+2,track-shape-incompatible,57,48.841169369407,1412652321.3113532
497,5c9828bdf30424573160c61a05fc14c2c631cb1adfaa5bd7df0b727a1ef02c98,0+1+2,track-shape-incompatible,31,33.72128591989167,1413050568.8050241
498,1f000ec29ffdca670c32b4dc66dd7cb2b6dd6aef529e1996e7e3c177e959de02,0+1+2,track-shape-incompatible,17,65.39306452288292,1413370531.1443644
499,d67f445bb12a511c6041ffb0134a89848acfaa9004df123a49ddd3bb769d516c,0+1+2,track-shape-incompatible,3,24.512385744950734,1413679280.3562186
500,7d41a1177eedb2969a1e3d0ea627e20564ff493347f8cae741f427bb4821d619,0+1+2,track-shape-incompatible,14,31.125299124862067,1412465845.5559351
501,bfd7828c449ccae39b3b220a46e70eda6dd4ad40abb066a7899d9df638448615,0+1,supported,38,16.977109342697076,1412714050.8774383
502,9cda921ed4f0f4b4a47b3b89cf7f107a4a24e17fc07528613b3c6cca90fa8987,0+1,track-shape-incompatible,54,24.672666457598098,1412953159.0787542
503,edc5d50c46a89950ed38f802fc621d6d8d2ad3a1156a3c6235457e823a3b19d5,0+1,supported,58,15.988762258784845,1413228747.025791
504,27a33c938a58878c2018c2930fc83bbc7b583eee66a2aba0553f5ca1bbe80aa0,0+1,supported,78,6.882510101189837,1413387729.6949503
505,644bc6a94d05512e0395e9ae944eee61f7d1281bf9968155bf12e128a56a6b6c,0+1,supported,88,8.144806087133475,1412077257.6272674
506,a526847acb47dbbfa732f4de1d77e32986057c0b63e88375b5405d9e113c717d,0+1,supported,88,19.188117974670604,1412362739.5225291
507,c5a9dba9803f563b8b8689ec1bce7759c74d36e333922d61c83345dad17a2af5,0+1,track-shape-incompatible,92,21.732551215565763,1412557831.5134757
508,e95e1ec0270b99d54fc71143f2068859e9eb245dea246d1861cd91e1d5e19b2e,0+1,supported,90,18.396049088332802,1412717094.2734637
509,8e2ddec7830c383f2307df04336c4ebf0be8c0c2aa58441034aff4ce1fb3d15d,0+2,track-shape-incompatible,82,64.3792767636478,1412862235.5715947
510,a21211166b8edcd7662874ebaf1a70c9d5389d19dfbfdd23f2d75085eeadb5b6,0+2,track-shape-incompatible,82,45.102380670257844,1411613474.2514503
511,9817b5d88d5aaef6bb810c199e01cc504e779042e2fb3512d08248d07a7d98e9,0+2,supported,62,9.677530749351718,1411759546.9380376
