group_id,scan_id,source_channel_start,source_channel_stop,carrier_count,representative_source_channel,reference_frequency_hz,saved_score,drift_hz_s,width_channels,maximum_OFF_saved_projection_units,manual_review_flag_all_OFF_below10
epoch1_on_contiguous_0001,epoch1_on,159416353,159416389,36,159416370,1424439181.6576834,54.894028181173226,-0.010498687664042272,3,61.71963621990901,False
epoch1_on_contiguous_0002,epoch1_on,159426058,159426059,1,159426058,1424411711.3005652,10.636252306279427,0.0,1,10.92939907225348,False
epoch1_on_contiguous_0003,epoch1_on,159587259,159587263,4,159587262,1423954616.807497,11.996424184851053,-0.29396325459317607,3,73.34740319735675,False
epoch1_on_contiguous_0004,epoch1_on,159587264,159587306,42,159587283,1423954557.2619252,71.45292238458218,0.0,3,73.34740319735675,False
epoch1_on_contiguous_0005,epoch1_on,159587451,159587473,22,159587458,1423954061.0488272,36.21153730219527,0.020997375328083656,3,29.034733520241307,False
epoch1_on_contiguous_0006,epoch1_on,159587658,159587661,3,159587658,1423953493.9481435,11.109105718433606,-0.010498687664042272,3,9.041293524572438,True
epoch1_on_contiguous_0007,epoch1_on,159631492,159631494,2,159631493,1423829199.6557956,11.806508376836,-3.979002624671916,1,157.12294742295606,False
epoch1_on_contiguous_0008,epoch1_on,159631507,159631508,1,159631507,1423829159.9587476,10.105648053158621,-3.832020997375328,1,157.12294742295606,False
epoch1_on_contiguous_0009,epoch1_on,159631509,159631510,1,159631509,1423829154.287741,10.175565473046715,-3.811023622047244,1,157.12294742295606,False
epoch1_on_contiguous_0010,epoch1_on,159631521,159631522,1,159631521,1423829120.2617,10.44081589415061,-3.6850393700787403,1,157.12294742295606,False
epoch1_on_contiguous_0011,epoch1_on,159631528,159631529,1,159631528,1423829100.4131758,10.541039408727508,-3.611548556430446,1,157.12294742295606,False
epoch1_on_contiguous_0012,epoch1_on,159631532,159631540,8,159631536,1423829077.7291486,11.106890283050406,-3.52755905511811,1,157.12294742295606,False
epoch1_on_contiguous_0013,epoch1_on,159631542,159631543,1,159631542,1423829060.716128,10.70262931091702,-3.4645669291338583,1,157.12294742295606,False
epoch1_on_contiguous_0014,epoch1_on,159631544,159631547,3,159631545,1423829052.2096179,10.859779755674701,-3.4330708661417324,1,157.12294742295606,False
epoch1_on_contiguous_0015,epoch1_on,159631549,159631550,1,159631549,1423829040.8676043,10.517554091716958,-3.391076115485564,1,157.12294742295606,False
epoch1_on_contiguous_0016,epoch1_on,159631554,159631555,1,159631554,1423829026.690087,10.057487597996998,-3.3385826771653546,1,157.12294742295606,False
epoch1_on_contiguous_0017,epoch1_on,159631557,159631559,2,159631557,1423829018.1835768,11.15283218699742,-3.3070866141732282,1,157.12294742295606,False
epoch1_on_contiguous_0018,epoch1_on,159631567,159631570,3,159631569,1423828984.1575358,10.47484974475967,-3.4120734908136483,1,157.12294742295606,False
epoch1_on_contiguous_0019,epoch1_on,159631572,159631573,1,159631572,1423828975.6510255,10.889957486807479,-3.149606299212598,1,157.12294742295606,False
epoch1_on_contiguous_0020,epoch1_on,159631584,159631585,1,159631584,1423828941.6249845,10.05170335319628,-3.79002624671916,1,157.12294742295606,False
epoch1_on_contiguous_0021,epoch1_on,159631592,159631593,1,159631592,1423828918.940957,10.000772839839005,-3.674540682414698,1,157.12294742295606,False
epoch1_on_contiguous_0022,epoch1_on,159631594,159631597,3,159631594,1423828913.2699504,11.038034840823004,-3.6535433070866143,1,157.12294742295606,False
epoch1_on_contiguous_0023,epoch1_on,159631598,159631601,3,159631599,1423828899.0924332,10.495221770627179,-3.590551181102362,1,157.12294742295606,False
epoch1_on_contiguous_0024,epoch1_on,159631602,159631603,1,159631602,1423828890.585923,10.616540491411616,-3.0446194225721785,1,157.12294742295606,False
epoch1_on_contiguous_0025,epoch1_on,159631608,159631611,3,159631610,1423828867.9018955,11.138322316605057,-3.4435695538057742,1,157.12294742295606,False
epoch1_on_contiguous_0026,epoch1_on,159631614,159631615,1,159631614,1423828856.559882,10.396063759962736,-3.391076115485564,1,157.12294742295606,False
epoch1_on_contiguous_0027,epoch1_on,159631618,159631624,6,159631621,1423828836.711358,11.37587874377542,-3.2965879265091864,1,157.12294742295606,False
epoch1_on_contiguous_0028,epoch1_on,159631625,159631626,1,159631625,1423828825.3693442,10.651038190238552,-3.2440944881889764,1,157.12294742295606,False
epoch1_on_contiguous_0029,epoch1_on,159631629,159631631,2,159631630,1423828811.1918273,10.850813556079315,-2.540682414698163,1,157.12294742295606,False
epoch1_on_contiguous_0030,epoch1_on,159631632,159631634,2,159631632,1423828805.5208204,11.643665954593914,-2.5196850393700787,1,157.12294742295606,False
epoch1_on_contiguous_0031,epoch1_on,159631636,159631637,1,159631636,1423828794.1788068,10.042265101512438,-2.6561679790026247,1,157.12294742295606,False
epoch1_on_contiguous_0032,epoch1_on,159631638,159631639,1,159631638,1423828788.5077999,10.98820100764232,-3.695538057742782,1,157.12294742295606,False
epoch1_on_contiguous_0033,epoch1_on,159631641,159631646,5,159631643,1423828774.3302827,11.742229034110395,-3.611548556430446,1,157.12294742295606,False
epoch1_on_contiguous_0034,epoch1_on,159631647,159631648,1,159631647,1423828762.988269,10.641693609663056,-2.9606299212598426,1,157.12294742295606,False
epoch1_on_contiguous_0035,epoch1_on,159631650,159631652,2,159631650,1423828754.4817588,10.608437116983783,-2.9186351706036744,1,157.12294742295606,False
epoch1_on_contiguous_0036,epoch1_on,159631654,159631655,1,159631654,1423828743.1397452,10.188921213812108,-2.456692913385827,1,157.12294742295606,False
epoch1_on_contiguous_0037,epoch1_on,159631656,159631661,5,159631660,1423828726.1267247,10.811780083816771,-2.7821522309711284,1,157.12294742295606,False
epoch1_on_contiguous_0038,epoch1_on,159631664,159631671,7,159631664,1423828714.784711,11.004939990124187,-3.286089238845144,1,157.12294742295606,False
epoch1_on_contiguous_0039,epoch1_on,159631673,159631678,5,159631675,1423828683.5941734,11.694095937045834,-3.454068241469816,1,157.12294742295606,False
epoch1_on_contiguous_0040,epoch1_on,159631679,159631680,1,159631679,1423828672.2521596,10.19971002361769,-2.7611548556430447,1,157.12294742295606,False
epoch1_on_contiguous_0041,epoch1_on,159631684,159631687,3,159631684,1423828658.0746427,10.968165647850181,-3.286089238845144,1,157.12294742295606,False
epoch1_on_contiguous_0042,epoch1_on,159631688,159631693,5,159631689,1423828643.8971255,12.012320835085381,-3.2125984251968505,1,157.12294742295606,False
epoch1_on_contiguous_0043,epoch1_on,159631694,159631696,2,159631695,1423828626.884105,10.89096635073183,-3.0971128608923886,1,157.12294742295606,False
epoch1_on_contiguous_0044,epoch1_on,159631699,159631700,1,159631699,1423828615.5420914,10.832235049065478,-3.0341207349081367,1,157.12294742295606,False
epoch1_on_contiguous_0045,epoch1_on,159631702,159631727,25,159631717,1423828564.5030298,13.287438926616636,-2.7086614173228347,1,157.12294742295606,False
epoch1_on_contiguous_0046,epoch1_on,159631730,159631742,12,159631739,1423828502.1219547,11.683038643221419,-1.5013123359580054,1,157.12294742295606,False
epoch1_on_contiguous_0047,epoch1_on,159631743,159631754,11,159631751,1423828468.0959136,11.204229558544139,-3.800524934383202,1,157.12294742295606,False
epoch1_on_contiguous_0048,epoch1_on,159631755,159631756,1,159631755,1423828456.7539,10.520619943308382,-2.3097112860892386,1,157.12294742295606,False
epoch1_on_contiguous_0049,epoch1_on,159631757,159631953,196,159631872,1423828125.0,143.74685744144588,0.0,1,157.12294742295606,False
epoch1_on_contiguous_0050,epoch1_on,159631954,159631956,2,159631955,1423827889.6532164,12.142207613659277,1.8582677165354333,1,157.12294742295606,False
epoch1_on_contiguous_0051,epoch1_on,159631957,159631989,32,159631975,1423827832.943148,12.241217812622356,3.254593175853018,1,157.12294742295606,False
epoch1_on_contiguous_0052,epoch1_on,159631990,159631996,6,159631993,1423827781.9040864,11.749314383805704,2.120734908136483,1,157.12294742295606,False
epoch1_on_contiguous_0053,epoch1_on,159631997,159632000,3,159631997,1423827770.5620728,10.6220977241809,1.9632545931758525,1,157.12294742295606,False
epoch1_on_contiguous_0054,epoch1_on,159632001,159632002,1,159632001,1423827759.220059,10.66261150932052,3.380577427821522,1,157.12294742295606,False
epoch1_on_contiguous_0055,epoch1_on,159632004,159632012,8,159632008,1423827739.371535,10.923456122040886,3.0656167979002626,1,157.12294742295606,False
epoch1_on_contiguous_0056,epoch1_on,159632013,159632015,2,159632013,1423827725.194018,10.870824220474095,3.7165354330708658,1,157.12294742295606,False
epoch1_on_contiguous_0057,epoch1_on,159632016,159632021,5,159632019,1423827708.1809974,11.435888155672107,2.5721784776902883,1,157.12294742295606,False
epoch1_on_contiguous_0058,epoch1_on,159632022,159632047,25,159632037,1423827657.1419358,11.938284936628698,2.8871391076115485,1,157.12294742295606,False
epoch1_on_contiguous_0059,epoch1_on,159632048,159632059,11,159632058,1423827597.596364,11.094087626182674,3.6745406824146984,1,157.12294742295606,False
epoch1_on_contiguous_0060,epoch1_on,159632060,159632063,3,159632062,1423827586.2543504,11.270626228153152,3.3280839895013123,1,157.12294742295606,False
epoch1_on_contiguous_0061,epoch1_on,159632065,159632066,1,159632065,1423827577.7478402,10.071712984364549,2.530183727034121,1,157.12294742295606,False
epoch1_on_contiguous_0062,epoch1_on,159632069,159632072,3,159632070,1423827563.570323,10.803915848733656,2.078740157480315,1,157.12294742295606,False
epoch1_on_contiguous_0063,epoch1_on,159632074,159632075,1,159632074,1423827552.2283094,10.396076024101127,2.6561679790026247,1,157.12294742295606,False
epoch1_on_contiguous_0064,epoch1_on,159632076,159632078,2,159632076,1423827546.5573025,11.12594254197021,3.2230971128608923,1,157.12294742295606,False
epoch1_on_contiguous_0065,epoch1_on,159632079,159632080,1,159632079,1423827538.0507922,10.447660793392881,3.622047244094488,1,157.12294742295606,False
epoch1_on_contiguous_0066,epoch1_on,159632081,159632095,14,159632087,1423827515.366765,11.427894911975656,3.7690288713910762,1,157.12294742295606,False
epoch1_on_contiguous_0067,epoch1_on,159632096,159632101,5,159632098,1423827484.1762273,10.783939375926472,3.5695538057742784,1,157.12294742295606,False
epoch1_on_contiguous_0068,epoch1_on,159632108,159632109,1,159632108,1423827455.8211932,10.331494752248961,3.0971128608923886,1,157.12294742295606,False
epoch1_on_contiguous_0069,epoch1_on,159632110,159632112,2,159632111,1423827447.314683,10.460911773901046,2.6876640419947506,1,157.12294742295606,False
epoch1_on_contiguous_0070,epoch1_on,159632113,159632114,1,159632113,1423827441.643676,10.51509304931508,2.7191601049868765,1,157.12294742295606,False
epoch1_on_contiguous_0071,epoch1_on,159632119,159632120,1,159632119,1423827424.6306555,11.166174552765654,3.244094488188976,1,157.12294742295606,False
epoch1_on_contiguous_0072,epoch1_on,159632121,159632122,1,159632121,1423827418.9596488,10.158853740646023,2.6141732283464565,1,157.12294742295606,False
epoch1_on_contiguous_0073,epoch1_on,159632123,159632129,6,159632127,1423827401.9466283,11.8507604975302,2.6771653543307083,1,157.12294742295606,False
epoch1_on_contiguous_0074,epoch1_on,159632130,159632134,4,159632130,1423827393.440118,10.607870709939878,2.7086614173228343,1,157.12294742295606,False
epoch1_on_contiguous_0075,epoch1_on,159632137,159632138,1,159632137,1423827373.591594,10.478860867857634,3.21259842519685,1,157.12294742295606,False
epoch1_on_contiguous_0076,epoch1_on,159632139,159632143,4,159632142,1423827359.414077,10.759885414787213,3.863517060367454,1,157.12294742295606,False
epoch1_on_contiguous_0077,epoch1_on,159632144,159632145,1,159632144,1423827353.7430701,10.660988140433219,2.8556430446194225,1,157.12294742295606,False
epoch1_on_contiguous_0078,epoch1_on,159632169,159632170,1,159632169,1423827282.8554847,10.022882547766887,3.349081364829396,1,157.12294742295606,False
epoch1_on_contiguous_0079,epoch1_on,159632174,159632175,1,159632174,1423827268.6779675,10.041117373368404,3.664041994750656,1,157.12294742295606,False
epoch1_on_contiguous_0080,epoch1_on,159632177,159632178,1,159632177,1423827260.1714573,10.19268121832,3.4330708661417324,1,157.12294742295606,False
epoch1_on_contiguous_0081,epoch1_on,159632189,159632191,2,159632189,1423827226.1454163,10.606095735535764,3.3280839895013123,1,157.12294742295606,False
epoch1_on_contiguous_0082,epoch1_on,159632192,159632193,1,159632192,1423827217.638906,10.49091634850302,3.3595800524934383,1,157.12294742295606,False
epoch1_on_contiguous_0083,epoch1_on,159632194,159632195,1,159632194,1423827211.9678993,10.161047338263954,3.380577427821522,1,157.12294742295606,False
epoch1_on_contiguous_0084,epoch1_on,159632200,159632201,1,159632200,1423827194.9548788,10.520815885871723,3.443569553805774,1,157.12294742295606,False
epoch1_on_contiguous_0085,epoch1_on,159632202,159632203,1,159632202,1423827189.283872,10.390556066164368,4.0,1,157.12294742295606,False
epoch1_on_contiguous_0086,epoch1_on,159632212,159632213,1,159632212,1423827160.9288378,10.062302060590463,3.5695538057742784,1,157.12294742295606,False
epoch1_on_contiguous_0087,epoch1_on,159632214,159632215,1,159632214,1423827155.2578309,10.884885774401011,3.590551181102362,1,157.12294742295606,False
epoch1_on_contiguous_0088,epoch1_on,159632221,159632222,1,159632221,1423827135.409307,10.150247979386261,3.926509186351706,1,157.12294742295606,False
epoch1_on_contiguous_0089,epoch1_on,159632229,159632230,1,159632229,1423827112.7252796,10.02835801459575,3.7480314960629917,1,157.12294742295606,False
epoch1_on_contiguous_0090,epoch1_on,159632238,159632239,1,159632238,1423827087.2057488,10.151450729102393,3.8425196850393704,1,157.12294742295606,False
epoch1_on_contiguous_0091,epoch1_on,159632250,159632251,1,159632250,1423827053.1797078,10.194981079361764,3.968503937007874,1,157.12294742295606,False
epoch1_on_contiguous_0092,epoch1_on,159632252,159632253,1,159632252,1423827047.5087008,10.053825300892946,3.9895013123359577,1,157.12294742295606,False
epoch1_on_contiguous_0093,epoch1_on,160066319,160066332,13,160066324,1422596234.8688464,24.12196121310923,0.0,3,22.691574581937964,False
epoch1_on_contiguous_0094,epoch1_on,160074500,160074501,1,160074500,1422573051.7928972,10.266522228521842,0.0,1,9.394240405024258,True
epoch2_on_contiguous_0001,epoch2_on,159416349,159416387,38,159416370,1424439181.6576834,58.447570298908715,0.0,3,61.71963621990901,False
epoch2_on_contiguous_0002,epoch2_on,159416391,159416392,1,159416391,1424439122.1121116,10.422066899517327,0.2939632545931756,3,61.71963621990901,False
epoch2_on_contiguous_0003,epoch2_on,159587255,159587257,2,159587255,1423954636.656021,10.113076128366181,-0.3569553805774279,3,73.34740319735675,False
epoch2_on_contiguous_0004,epoch2_on,159587259,159587308,49,159587282,1423954560.0974288,78.73129712321274,0.0,3,73.34740319735675,False
epoch2_on_contiguous_0005,epoch2_on,159587448,159587474,26,159587458,1423954061.0488272,38.79294820827812,-0.010498687664042272,3,29.034733520241307,False
epoch2_on_contiguous_0006,epoch2_on,159631518,159631519,1,159631518,1423829128.7682102,11.743410846713589,-3.989501312335958,1,157.12294742295606,False
epoch2_on_contiguous_0007,epoch2_on,159631521,159631524,3,159631523,1423829114.590693,12.042428749070117,-3.926509186351706,1,157.12294742295606,False
epoch2_on_contiguous_0008,epoch2_on,159631527,159631528,1,159631527,1423829103.2486794,10.249592564740475,-3.622047244094488,1,157.12294742295606,False
epoch2_on_contiguous_0009,epoch2_on,159631530,159631531,1,159631530,1423829094.7421691,10.026425524983319,-3.853018372703412,1,157.12294742295606,False
epoch2_on_contiguous_0010,epoch2_on,159631532,159631534,2,159631533,1423829086.235659,10.515770904357462,-3.8215223097112863,1,157.12294742295606,False
epoch2_on_contiguous_0011,epoch2_on,159631543,159631545,2,159631544,1423829055.0451212,10.277615690635967,-3.695538057742782,1,157.12294742295606,False
epoch2_on_contiguous_0012,epoch2_on,159631547,159631549,2,159631548,1423829043.7031076,10.543732955281449,-3.6535433070866143,1,157.12294742295606,False
epoch2_on_contiguous_0013,epoch2_on,159631550,159631553,3,159631552,1423829032.361094,11.477448035165647,-3.6010498687664043,1,157.12294742295606,False
epoch2_on_contiguous_0014,epoch2_on,159631554,159631557,3,159631554,1423829026.690087,11.080949389119272,-3.853018372703412,1,157.12294742295606,False
epoch2_on_contiguous_0015,epoch2_on,159631559,159631560,1,159631559,1423829012.51257,10.760845684837582,-3.79002624671916,1,157.12294742295606,False
epoch2_on_contiguous_0016,epoch2_on,159631564,159631566,2,159631565,1423828995.4995494,10.599181619883156,-3.2230971128608923,1,157.12294742295606,False
epoch2_on_contiguous_0017,epoch2_on,159631570,159631578,8,159631572,1423828975.6510255,11.235217929860873,-3.937007874015748,1,157.12294742295606,False
epoch2_on_contiguous_0018,epoch2_on,159631579,159631583,4,159631581,1423828950.1314948,11.353515890187872,-3.2755905511811023,1,157.12294742295606,False
epoch2_on_contiguous_0019,epoch2_on,159631585,159631586,1,159631585,1423828938.7894812,10.487368501450604,-3.7690288713910762,1,157.12294742295606,False
epoch2_on_contiguous_0020,epoch2_on,159631587,159631592,5,159631589,1423828927.4474673,11.851284502007422,-3.716535433070866,1,157.12294742295606,False
epoch2_on_contiguous_0021,epoch2_on,159631593,159631599,6,159631594,1423828913.2699504,11.83968765344318,-3.6535433070866143,1,157.12294742295606,False
epoch2_on_contiguous_0022,epoch2_on,159631600,159631610,10,159631603,1423828887.7504196,12.837216660450599,-3.5380577427821525,1,157.12294742295606,False
epoch2_on_contiguous_0023,epoch2_on,159631611,159631612,1,159631611,1423828865.0663922,10.065581288526067,-3.4330708661417324,1,157.12294742295606,False
epoch2_on_contiguous_0024,epoch2_on,159631614,159631638,24,159631620,1423828839.5468614,12.021162461180147,-3.3070866141732282,1,157.12294742295606,False
epoch2_on_contiguous_0025,epoch2_on,159631639,159631649,10,159631641,1423828780.0012896,12.066674783343464,-3.0341207349081367,1,157.12294742295606,False
epoch2_on_contiguous_0026,epoch2_on,159631650,159631661,11,159631651,1423828751.6462555,12.320028134570197,-2.9081364829396326,1,157.12294742295606,False
epoch2_on_contiguous_0027,epoch2_on,159631662,159631675,13,159631668,1423828703.4426973,12.03601141684022,-2.677165354330709,1,157.12294742295606,False
epoch2_on_contiguous_0028,epoch2_on,159631677,159631681,4,159631679,1423828672.2521596,10.916328529347645,-3.0446194225721785,1,157.12294742295606,False
epoch2_on_contiguous_0029,epoch2_on,159631682,159631685,3,159631683,1423828660.910146,11.491719374683418,-2.4881889763779528,1,157.12294742295606,False
epoch2_on_contiguous_0030,epoch2_on,159631686,159631692,6,159631687,1423828649.5681324,11.643489283815892,-2.4356955380577427,1,157.12294742295606,False
epoch2_on_contiguous_0031,epoch2_on,159631693,159631701,8,159631699,1423828615.5420914,11.787921752199093,-2.267716535433071,1,157.12294742295606,False
epoch2_on_contiguous_0032,epoch2_on,159631702,159631706,4,159631705,1423828598.5290709,11.997406378558228,-2.194225721784777,1,157.12294742295606,False
epoch2_on_contiguous_0033,epoch2_on,159631709,159631717,8,159631716,1423828567.3385332,11.784289828199256,-2.4671916010498687,1,157.12294742295606,False
epoch2_on_contiguous_0034,epoch2_on,159631718,159631746,28,159631727,1423828536.1479957,12.442203779105812,-1.910761154855643,1,157.12294742295606,False
epoch2_on_contiguous_0035,epoch2_on,159631747,159631841,94,159631796,1423828340.4982598,12.84469189974589,-0.9973753280839897,1,157.12294742295606,False
epoch2_on_contiguous_0036,epoch2_on,159631842,159631928,86,159631872,1423828125.0,145.38110705412046,0.0,1,157.12294742295606,False
epoch2_on_contiguous_0037,epoch2_on,159631929,159631939,10,159631932,1423827954.8697948,12.580071336276998,3.1391076115485568,1,157.12294742295606,False
epoch2_on_contiguous_0038,epoch2_on,159631940,159631956,16,159631945,1423827918.0082505,12.503354199683379,0.955380577427821,1,157.12294742295606,False
epoch2_on_contiguous_0039,epoch2_on,159631957,159631972,15,159631968,1423827852.7916718,11.850074522861563,1.259842519685039,1,157.12294742295606,False
epoch2_on_contiguous_0040,epoch2_on,159631973,159632002,29,159631997,1423827770.5620728,13.610274851599002,1.6482939632545932,1,157.12294742295606,False
epoch2_on_contiguous_0041,epoch2_on,159632003,159632014,11,159632007,1423827742.2070384,11.988366800089363,1.774278215223097,1,157.12294742295606,False
epoch2_on_contiguous_0042,epoch2_on,159632015,159632019,4,159632016,1423827716.6875076,11.122281618494503,1.8897637795275593,1,157.12294742295606,False
epoch2_on_contiguous_0043,epoch2_on,159632020,159632029,9,159632028,1423827682.6614666,11.453187560044782,2.456692913385827,1,157.12294742295606,False
epoch2_on_contiguous_0044,epoch2_on,159632030,159632032,2,159632030,1423827676.99046,11.279267078125704,2.4881889763779528,1,157.12294742295606,False
epoch2_on_contiguous_0045,epoch2_on,159632033,159632034,1,159632033,1423827668.4839497,10.380522287088288,1.952755905511811,1,157.12294742295606,False
epoch2_on_contiguous_0046,epoch2_on,159632035,159632036,1,159632035,1423827662.8129427,10.119188527300903,2.1417322834645667,1,157.12294742295606,False
epoch2_on_contiguous_0047,epoch2_on,159632037,159632041,4,159632038,1423827654.3064325,11.448968168175782,2.183727034120735,1,157.12294742295606,False
epoch2_on_contiguous_0048,epoch2_on,159632042,159632043,1,159632042,1423827642.964419,10.779009203350485,3.349081364829396,1,157.12294742295606,False
epoch2_on_contiguous_0049,epoch2_on,159632044,159632051,7,159632048,1423827625.9513984,11.939272832335032,2.3097112860892386,1,157.12294742295606,False
epoch2_on_contiguous_0050,epoch2_on,159632052,159632064,12,159632060,1423827591.9253573,11.945125570734952,2.467191601049869,1,157.12294742295606,False
epoch2_on_contiguous_0051,epoch2_on,159632065,159632067,2,159632066,1423827574.9123368,10.817285386481736,3.0656167979002626,1,157.12294742295606,False
epoch2_on_contiguous_0052,epoch2_on,159632068,159632076,8,159632074,1423827552.2283094,12.783406489369918,2.6561679790026247,1,157.12294742295606,False
epoch2_on_contiguous_0053,epoch2_on,159632077,159632078,1,159632077,1423827543.7217991,11.921051850572168,2.6876640419947506,1,157.12294742295606,False
epoch2_on_contiguous_0054,epoch2_on,159632079,159632096,17,159632080,1423827535.2152889,11.68343287185737,2.729658792650919,1,157.12294742295606,False
epoch2_on_contiguous_0055,epoch2_on,159632097,159632110,13,159632106,1423827461.4922,12.155070727486336,2.456692913385827,1,157.12294742295606,False
epoch2_on_contiguous_0056,epoch2_on,159632113,159632118,5,159632115,1423827435.9726694,12.024319010283602,3.1916010498687664,1,157.12294742295606,False
epoch2_on_contiguous_0057,epoch2_on,159632120,159632125,5,159632121,1423827418.9596488,11.84232836845586,3.2650918635170605,1,157.12294742295606,False
epoch2_on_contiguous_0058,epoch2_on,159632129,159632143,14,159632141,1423827362.2495804,12.625437079105662,3.5380577427821525,1,157.12294742295606,False
epoch2_on_contiguous_0059,epoch2_on,159632144,159632159,15,159632148,1423827342.4010565,12.721320052863103,3.622047244094488,1,157.12294742295606,False
epoch2_on_contiguous_0060,epoch2_on,159632160,159632161,1,159632160,1423827308.3750155,10.193519345325797,3.79002624671916,1,157.12294742295606,False
epoch2_on_contiguous_0061,epoch2_on,159632162,159632164,2,159632163,1423827299.8685052,11.136489745321576,3.821522309711286,1,157.12294742295606,False
epoch2_on_contiguous_0062,epoch2_on,159632167,159632177,10,159632176,1423827263.0069609,12.187748280173754,4.0,1,157.12294742295606,False
epoch2_on_contiguous_0063,epoch2_on,159632199,159632200,1,159632199,1423827197.7903821,10.308964242296494,3.68503937007874,1,157.12294742295606,False
epoch2_on_contiguous_0064,epoch2_on,159632202,159632203,1,159632202,1423827189.283872,10.2732983176763,4.0,1,157.12294742295606,False
epoch2_on_contiguous_0065,epoch2_on,159632208,159632209,1,159632208,1423827172.2708514,10.249235756016999,3.7795275590551176,1,157.12294742295606,False
epoch2_on_contiguous_0066,epoch2_on,159632212,159632213,1,159632212,1423827160.9288378,10.010571905055963,3.832020997375328,1,157.12294742295606,False
epoch2_on_contiguous_0067,epoch2_on,159632214,159632216,2,159632214,1423827155.2578309,10.213762511118318,3.8530183727034117,1,157.12294742295606,False
epoch2_on_contiguous_0068,epoch2_on,159632218,159632219,1,159632218,1423827143.9158173,10.416416338016079,3.89501312335958,1,157.12294742295606,False
epoch2_on_contiguous_0069,epoch2_on,159632223,159632224,1,159632223,1423827129.7383,10.063135601003445,3.68503937007874,1,157.12294742295606,False
epoch2_on_contiguous_0070,epoch2_on,159632235,159632236,1,159632235,1423827095.712259,10.206579805110444,3.8110236220472444,1,157.12294742295606,False
epoch2_on_contiguous_0071,epoch2_on,159632240,159632241,1,159632240,1423827081.5347419,10.615594275645485,3.863517060367454,1,157.12294742295606,False
epoch2_on_contiguous_0072,epoch2_on,159632244,159632245,1,159632244,1423827070.1927283,10.011796655616264,3.905511811023622,1,157.12294742295606,False
epoch2_on_contiguous_0073,epoch2_on,159632246,159632247,1,159632246,1423827064.5217214,10.262749507386651,3.926509186351706,1,157.12294742295606,False
epoch2_on_contiguous_0074,epoch2_on,160066319,160066331,12,160066324,1422596234.8688464,24.155079079803503,0.0,3,22.691574581937964,False
epoch3_on_contiguous_0001,epoch3_on,159416356,159416389,33,159416371,1424439178.8221798,56.618708494106,0.0,3,61.71963621990901,False
epoch3_on_contiguous_0002,epoch3_on,159587246,159587247,1,159587246,1423954662.175552,10.360272617531189,-2.8031496062992125,3,73.34740319735675,False
epoch3_on_contiguous_0003,epoch3_on,159587259,159587308,49,159587282,1423954560.0974288,75.63657684490094,0.0,3,73.34740319735675,False
epoch3_on_contiguous_0004,epoch3_on,159587448,159587471,23,159587458,1423954061.0488272,36.00258193198207,-0.010498687664042272,3,29.034733520241307,False
epoch3_on_contiguous_0005,epoch3_on,159587524,159587525,1,159587524,1423953873.9056015,10.122894077809933,2.5406824146981624,1,73.34740319735675,False
epoch3_on_contiguous_0006,epoch3_on,159631494,159631495,1,159631494,1423829196.820292,10.23243485944105,-3.968503937007874,1,157.12294742295606,False
epoch3_on_contiguous_0007,epoch3_on,159631496,159631497,1,159631496,1423829191.1492853,10.77743970412977,-3.94750656167979,1,157.12294742295606,False
epoch3_on_contiguous_0008,epoch3_on,159631500,159631501,1,159631500,1423829179.8072715,10.950342705145886,-3.905511811023622,1,157.12294742295606,False
epoch3_on_contiguous_0009,epoch3_on,159631509,159631510,1,159631509,1423829154.287741,10.460122384257097,-3.811023622047244,1,157.12294742295606,False
epoch3_on_contiguous_0010,epoch3_on,159631514,159631515,1,159631514,1423829140.1102238,10.828461667313011,-3.758530183727034,1,157.12294742295606,False
epoch3_on_contiguous_0011,epoch3_on,159631520,159631522,2,159631520,1423829123.0972033,10.337113137620522,-3.968503937007874,1,157.12294742295606,False
epoch3_on_contiguous_0012,epoch3_on,159631523,159631524,1,159631523,1423829114.590693,10.188629884802571,-3.926509186351706,1,157.12294742295606,False
epoch3_on_contiguous_0013,epoch3_on,159631525,159631527,2,159631525,1423829108.919686,10.845666302731894,-3.905511811023622,1,157.12294742295606,False
epoch3_on_contiguous_0014,epoch3_on,159631532,159631541,9,159631534,1423829083.4001555,12.345786497163523,-3.811023622047244,1,157.12294742295606,False
epoch3_on_contiguous_0015,epoch3_on,159631543,159631549,6,159631548,1423829043.7031076,10.957544302134009,-3.643044619422572,1,157.12294742295606,False
epoch3_on_contiguous_0016,epoch3_on,159631550,159631554,4,159631550,1423829038.0321007,12.36120287203006,-3.622047244094488,1,157.12294742295606,False
epoch3_on_contiguous_0017,epoch3_on,159631555,159631556,1,159631555,1423829023.8545837,10.899080519478922,-3.84251968503937,1,157.12294742295606,False
epoch3_on_contiguous_0018,epoch3_on,159631558,159631560,2,159631558,1423829015.3480735,11.041612364003525,-3.811023622047244,1,157.12294742295606,False
epoch3_on_contiguous_0019,epoch3_on,159631561,159631565,4,159631562,1423829004.0060596,11.5102937869568,-3.758530183727034,1,157.12294742295606,False
epoch3_on_contiguous_0020,epoch3_on,159631566,159631567,1,159631566,1423828992.664046,10.691682345219371,-3.7060367454068244,1,157.12294742295606,False
epoch3_on_contiguous_0021,epoch3_on,159631568,159631583,15,159631577,1423828961.4735084,12.019298265697639,-3.58005249343832,1,157.12294742295606,False
epoch3_on_contiguous_0022,epoch3_on,159631586,159631588,2,159631587,1423828933.1184742,10.999611556182138,-3.454068241469816,1,157.12294742295606,False
epoch3_on_contiguous_0023,epoch3_on,159631589,159631592,3,159631591,1423828921.7764606,12.61080514641193,-3.4120734908136483,1,157.12294742295606,False
epoch3_on_contiguous_0024,epoch3_on,159631593,159631596,3,159631595,1423828910.4344468,10.257858379484675,-3.3595800524934383,1,157.12294742295606,False
epoch3_on_contiguous_0025,epoch3_on,159631598,159631608,10,159631602,1423828890.585923,12.047384562062167,-3.0446194225721785,1,157.12294742295606,False
epoch3_on_contiguous_0026,epoch3_on,159631609,159631614,5,159631613,1423828859.3953853,12.141930187110475,-3.716535433070866,1,157.12294742295606,False
epoch3_on_contiguous_0027,epoch3_on,159631615,159631622,7,159631617,1423828848.0533717,11.651530937166957,-3.0866141732283463,1,157.12294742295606,False
epoch3_on_contiguous_0028,epoch3_on,159631623,159631624,1,159631623,1423828831.0403512,10.405507184432993,-3.0236220472440944,1,157.12294742295606,False
epoch3_on_contiguous_0029,epoch3_on,159631625,159631648,23,159631640,1423828782.836793,11.60084943956836,-2.4356955380577427,1,157.12294742295606,False
epoch3_on_contiguous_0030,epoch3_on,159631649,159631655,6,159631654,1423828743.1397452,11.817972013502388,-2.6456692913385824,1,157.12294742295606,False
epoch3_on_contiguous_0031,epoch3_on,159631656,159631661,5,159631658,1423828731.7977314,12.070009256521091,-3.0656167979002626,1,157.12294742295606,False
epoch3_on_contiguous_0032,epoch3_on,159631662,159631667,5,159631663,1423828717.6202145,11.064114287278812,-2.351706036745407,1,157.12294742295606,False
epoch3_on_contiguous_0033,epoch3_on,159631668,159631673,5,159631669,1423828700.607194,11.846784425034414,-2.456692913385827,1,157.12294742295606,False
epoch3_on_contiguous_0034,epoch3_on,159631674,159631689,15,159631686,1423828652.4036357,12.372918902993078,-2.666666666666667,1,157.12294742295606,False
epoch3_on_contiguous_0035,epoch3_on,159631690,159631950,260,159631872,1423828125.0,148.08463228337357,0.0,1,157.12294742295606,False
epoch3_on_contiguous_0036,epoch3_on,159631951,159632042,91,159632032,1423827671.319453,12.407839726716848,1.9422572178477688,1,157.12294742295606,False
epoch3_on_contiguous_0037,epoch3_on,159632043,159632081,38,159632059,1423827594.7608607,12.26047257725309,2.2677165354330704,1,157.12294742295606,False
epoch3_on_contiguous_0038,epoch3_on,159632082,159632084,2,159632083,1423827526.7087786,10.373556755138095,2.561679790026247,1,157.12294742295606,False
epoch3_on_contiguous_0039,epoch3_on,159632085,159632095,10,159632094,1423827495.518241,11.865143182689476,2.6876640419947506,1,157.12294742295606,False
epoch3_on_contiguous_0040,epoch3_on,159632096,159632166,70,159632139,1423827367.9205873,12.621461125054417,2.803149606299213,1,157.12294742295606,False
epoch3_on_contiguous_0041,epoch3_on,159632167,159632171,4,159632169,1423827282.8554847,11.283879592865832,3.6010498687664043,1,157.12294742295606,False
epoch3_on_contiguous_0042,epoch3_on,159632172,159632184,12,159632178,1423827257.335954,13.020246978594034,3.7060367454068244,1,157.12294742295606,False
epoch3_on_contiguous_0043,epoch3_on,159632185,159632186,1,159632185,1423827237.48743,10.377232719170673,3.79002624671916,1,157.12294742295606,False
epoch3_on_contiguous_0044,epoch3_on,159632187,159632189,2,159632188,1423827228.9809198,11.362285177169971,3.832020997375328,1,157.12294742295606,False
epoch3_on_contiguous_0045,epoch3_on,159632191,159632194,3,159632193,1423827214.8034027,11.372354998132177,3.6115485564304457,1,157.12294742295606,False
epoch3_on_contiguous_0046,epoch3_on,159632195,159632199,4,159632197,1423827203.461389,11.587579374910474,3.937007874015748,1,157.12294742295606,False
epoch3_on_contiguous_0047,epoch3_on,159632202,159632203,1,159632202,1423827189.283872,10.991754669838047,4.0,1,157.12294742295606,False
epoch3_on_contiguous_0048,epoch3_on,159632207,159632208,1,159632207,1423827175.1063547,10.293260726931885,3.517060367454068,1,157.12294742295606,False
epoch3_on_contiguous_0049,epoch3_on,159632209,159632217,8,159632215,1423827152.4223275,11.412244993103116,3.6010498687664043,1,157.12294742295606,False
epoch3_on_contiguous_0050,epoch3_on,159632219,159632221,2,159632219,1423827141.0803137,10.461193049807,3.6430446194225716,1,157.12294742295606,False
epoch3_on_contiguous_0051,epoch3_on,159632222,159632227,5,159632223,1423827129.7383,10.884006284760227,3.9475065616797895,1,157.12294742295606,False
epoch3_on_contiguous_0052,epoch3_on,160066320,160066331,11,160066325,1422596232.0333428,22.69819407852769,0.0,3,22.691574581937964,False
