track_id,frequency_MHz,drift_Hz_s,width_channels,scan_id,role,fixed_track_best_shift_score,best_source_channel_shift,largest_positive_row_fraction
epoch1_on_rank_01,1423.0505845946054,-0.38845144356955386,1,epoch1_on,ON,5.249880566452877,0,0.17226249446017144
epoch1_on_rank_01,1423.0505845946054,-0.38845144356955386,1,epoch1_off,OFF,-0.0904148394408244,0,0.2657648038260995
epoch1_on_rank_01,1423.0505845946054,-0.38845144356955386,1,epoch2_on,ON,0.24368645825853008,0,0.30038847632782645
epoch1_on_rank_01,1423.0505845946054,-0.38845144356955386,1,epoch2_off,OFF,0.2729333020519661,-1,0.23178296710519422
epoch1_on_rank_01,1423.0505845946054,-0.38845144356955386,1,epoch3_on,ON,1.5877317248674525,0,0.16092326091144266
epoch1_on_rank_01,1423.0505845946054,-0.38845144356955386,1,epoch3_off,OFF,0.64036153942654,0,0.2628151898533451
epoch1_on_rank_02,1423.0483842439528,3.4330708661417324,3,epoch1_on,ON,5.064608031551533,0,0.17058767342299205
epoch1_on_rank_02,1423.0483842439528,3.4330708661417324,3,epoch1_off,OFF,1.8072402058627222,1,0.17201373556506383
epoch1_on_rank_02,1423.0483842439528,3.4330708661417324,3,epoch2_on,ON,0.5827825323160197,-1,0.1918220605413048
epoch1_on_rank_02,1423.0483842439528,3.4330708661417324,3,epoch2_off,OFF,1.3303057565369176,-1,0.1756908245926896
epoch1_on_rank_02,1423.0483842439528,3.4330708661417324,3,epoch3_on,ON,1.6712160643294496,0,0.183237313335373
epoch1_on_rank_02,1423.0483842439528,3.4330708661417324,3,epoch3_off,OFF,0.5657238477686823,1,0.25116730445247515
epoch1_on_rank_03,1423.048086516094,-1.7007874015748032,3,epoch1_on,ON,4.9836730770930435,0,0.2332123860292675
epoch1_on_rank_03,1423.048086516094,-1.7007874015748032,3,epoch1_off,OFF,1.1696558431246569,-1,0.16053311823383426
epoch1_on_rank_03,1423.048086516094,-1.7007874015748032,3,epoch2_on,ON,1.5290423709142436,1,0.2688570131869337
epoch1_on_rank_03,1423.048086516094,-1.7007874015748032,3,epoch2_off,OFF,0.35084157137608646,1,0.20364776849040567
epoch1_on_rank_03,1423.048086516094,-1.7007874015748032,3,epoch3_on,ON,0.0535957245260994,1,0.25739422017706076
epoch1_on_rank_03,1423.048086516094,-1.7007874015748032,3,epoch3_off,OFF,0.43902748543844183,1,0.3436969451790423
epoch1_on_rank_04,1423.0512282538814,2.834645669291339,1,epoch1_on,ON,4.979660771633327,0,0.17871497512795587
epoch1_on_rank_04,1423.0512282538814,2.834645669291339,1,epoch1_off,OFF,1.2153819953325014,-1,0.20846856919317147
epoch1_on_rank_04,1423.0512282538814,2.834645669291339,1,epoch2_on,ON,-0.33370845687791384,0,0.37863919076935226
epoch1_on_rank_04,1423.0512282538814,2.834645669291339,1,epoch2_off,OFF,-0.01505163172737145,0,0.23308169283029093
epoch1_on_rank_04,1423.0512282538814,2.834645669291339,1,epoch3_on,ON,0.5194639031758732,0,0.28502454907685304
epoch1_on_rank_04,1423.0512282538814,2.834645669291339,1,epoch3_off,OFF,1.333523759440273,1,0.275524947541318
epoch1_on_rank_05,1423.0404249858573,-0.3569553805774279,1,epoch1_on,ON,4.9613166384523595,0,0.20046991795276
epoch1_on_rank_05,1423.0404249858573,-0.3569553805774279,1,epoch1_off,OFF,0.8291614009415198,-1,0.2560469820132114
epoch1_on_rank_05,1423.0404249858573,-0.3569553805774279,1,epoch2_on,ON,1.286224304508277,0,0.22446327298248203
epoch1_on_rank_05,1423.0404249858573,-0.3569553805774279,1,epoch2_off,OFF,0.40538942028408065,-1,0.3065457482226263
epoch1_on_rank_05,1423.0404249858573,-0.3569553805774279,1,epoch3_on,ON,1.113221017167879,-1,0.2647165173732518
epoch1_on_rank_05,1423.0404249858573,-0.3569553805774279,1,epoch3_off,OFF,1.7157409173788123,-1,0.23497745072787637
epoch1_on_rank_06,1423.043356896392,-0.5774278215223099,1,epoch1_on,ON,4.874303514283162,0,0.19192963680716266
epoch1_on_rank_06,1423.043356896392,-0.5774278215223099,1,epoch1_off,OFF,0.3901741850749736,0,0.18393263850933705
epoch1_on_rank_06,1423.043356896392,-0.5774278215223099,1,epoch2_on,ON,0.43911875942990397,-1,0.2351365681417256
epoch1_on_rank_06,1423.043356896392,-0.5774278215223099,1,epoch2_off,OFF,0.7064572237389442,1,0.1972808667441476
epoch1_on_rank_06,1423.043356896392,-0.5774278215223099,1,epoch3_on,ON,-0.3841781513353246,1,0.3303059271575657
epoch1_on_rank_06,1423.043356896392,-0.5774278215223099,1,epoch3_off,OFF,0.37147175389391107,1,0.2770604800059548
epoch2_on_rank_01,1423.0408928439213,-3.391076115485564,1,epoch1_on,ON,1.8472087508675865,1,0.2652350684725658
epoch2_on_rank_01,1423.0408928439213,-3.391076115485564,1,epoch1_off,OFF,0.4686975661972719,-1,0.2683870988826252
epoch2_on_rank_01,1423.0408928439213,-3.391076115485564,1,epoch2_on,ON,5.272076041144019,0,0.19513599376740665
epoch2_on_rank_01,1423.0408928439213,-3.391076115485564,1,epoch2_off,OFF,0.4957835773190572,-1,0.26516308413691236
epoch2_on_rank_01,1423.0408928439213,-3.391076115485564,1,epoch3_on,ON,1.7481902454031513,1,0.2057416058432331
epoch2_on_rank_01,1423.0408928439213,-3.391076115485564,1,epoch3_off,OFF,0.8782529956229874,1,0.27564956342254826
epoch2_on_rank_02,1423.0458663169172,1.7532808398950133,3,epoch1_on,ON,0.7278583823644686,1,0.2522942418332002
epoch2_on_rank_02,1423.0458663169172,1.7532808398950133,3,epoch1_off,OFF,1.9137922017795297,1,0.25698447671346114
epoch2_on_rank_02,1423.0458663169172,1.7532808398950133,3,epoch2_on,ON,5.180176017241068,0,0.14510039559097412
epoch2_on_rank_02,1423.0458663169172,1.7532808398950133,3,epoch2_off,OFF,0.2557365014784322,-1,0.3382466009213856
epoch2_on_rank_02,1423.0458663169172,1.7532808398950133,3,epoch3_on,ON,0.12235953419396955,1,0.18752901649115727
epoch2_on_rank_02,1423.0458663169172,1.7532808398950133,3,epoch3_off,OFF,0.329357969326127,1,0.21077860304378815
epoch2_on_rank_03,1423.051245266902,-3.674540682414698,1,epoch1_on,ON,0.6757198947772747,1,0.38332079848430567
epoch2_on_rank_03,1423.051245266902,-3.674540682414698,1,epoch1_off,OFF,1.6511234407916033,0,0.25879354578509267
epoch2_on_rank_03,1423.051245266902,-3.674540682414698,1,epoch2_on,ON,4.936851944109244,0,0.16010454089479464
epoch2_on_rank_03,1423.051245266902,-3.674540682414698,1,epoch2_off,OFF,2.2594258146426145,1,0.17268686173431028
epoch2_on_rank_03,1423.051245266902,-3.674540682414698,1,epoch3_on,ON,1.9828874445167126,-1,0.2993401191530195
epoch2_on_rank_03,1423.051245266902,-3.674540682414698,1,epoch3_off,OFF,1.9318850001544683,-1,0.2183195446309145
epoch2_on_rank_04,1423.0413805505093,-3.485564304461942,3,epoch1_on,ON,-0.8544668573058487,1,0.24162561434148672
epoch2_on_rank_04,1423.0413805505093,-3.485564304461942,3,epoch1_off,OFF,0.07969040894896862,-1,0.26153547870200083
epoch2_on_rank_04,1423.0413805505093,-3.485564304461942,3,epoch2_on,ON,4.903687557802449,0,0.1807498859029278
epoch2_on_rank_04,1423.0413805505093,-3.485564304461942,3,epoch2_off,OFF,-0.15605691720977383,1,0.2534317826586646
epoch2_on_rank_04,1423.0413805505093,-3.485564304461942,3,epoch3_on,ON,-0.22683071207896977,0,0.30979056570284924
epoch2_on_rank_04,1423.0413805505093,-3.485564304461942,3,epoch3_off,OFF,0.5653086284031404,1,0.3505029010182773
epoch2_on_rank_05,1423.0510297686421,-1.0603674540682415,3,epoch1_on,ON,0.7067290760135131,1,0.22323900693488113
epoch2_on_rank_05,1423.0510297686421,-1.0603674540682415,3,epoch1_off,OFF,2.300317459905326,1,0.1908687692846366
epoch2_on_rank_05,1423.0510297686421,-1.0603674540682415,3,epoch2_on,ON,4.852530835966215,0,0.18982899581116983
epoch2_on_rank_05,1423.0510297686421,-1.0603674540682415,3,epoch2_off,OFF,-0.03860683749803051,-1,0.18879243963197934
epoch2_on_rank_05,1423.0510297686421,-1.0603674540682415,3,epoch3_on,ON,0.32190425578801585,-1,0.3073429469396202
epoch2_on_rank_05,1423.0510297686421,-1.0603674540682415,3,epoch3_off,OFF,1.0439823768615115,-1,0.2755910760709321
epoch2_on_rank_06,1423.0512877994533,-0.9448818897637796,3,epoch1_on,ON,-1.3027448567642135,-1,0.45911558329958835
epoch2_on_rank_06,1423.0512877994533,-0.9448818897637796,3,epoch1_off,OFF,0.627942456749551,-1,0.2645921967309266
epoch2_on_rank_06,1423.0512877994533,-0.9448818897637796,3,epoch2_on,ON,4.746962059944546,0,0.17581306198310065
epoch2_on_rank_06,1423.0512877994533,-0.9448818897637796,3,epoch2_off,OFF,-0.6652004678138461,-1,0.2959472050614976
epoch2_on_rank_06,1423.0512877994533,-0.9448818897637796,3,epoch3_on,ON,0.7559156060933945,-1,0.2682751178714643
epoch2_on_rank_06,1423.0512877994533,-0.9448818897637796,3,epoch3_off,OFF,-0.4238312507725304,-1,0.3005359673715127
epoch3_on_rank_01,1423.0463058199473,1.5433070866141732,3,epoch1_on,ON,-0.435938941520015,0,0.3220865680008593
epoch3_on_rank_01,1423.0463058199473,1.5433070866141732,3,epoch1_off,OFF,-1.0295297897054905,0,0.4525845581011325
epoch3_on_rank_01,1423.0463058199473,1.5433070866141732,3,epoch2_on,ON,-0.7208613828453116,1,0.32440667420390373
epoch3_on_rank_01,1423.0463058199473,1.5433070866141732,3,epoch2_off,OFF,-1.4951933513100228,1,0.37007186064999453
epoch3_on_rank_01,1423.0463058199473,1.5433070866141732,3,epoch3_on,ON,5.340785348663968,0,0.11708413428967408
epoch3_on_rank_01,1423.0463058199473,1.5433070866141732,3,epoch3_off,OFF,0.6567258358976793,1,0.2405508876294719
epoch3_on_rank_02,1423.0481942652236,3.3280839895013123,1,epoch1_on,ON,0.11406961931410287,-1,0.24682878008973963
epoch3_on_rank_02,1423.0481942652236,3.3280839895013123,1,epoch1_off,OFF,1.6183240075476897,1,0.19654598920737698
epoch3_on_rank_02,1423.0481942652236,3.3280839895013123,1,epoch2_on,ON,1.5235752830344425,0,0.20724494871089422
epoch3_on_rank_02,1423.0481942652236,3.3280839895013123,1,epoch2_off,OFF,0.667482217109104,-1,0.26193409170265886
epoch3_on_rank_02,1423.0481942652236,3.3280839895013123,1,epoch3_on,ON,5.3097979180309895,0,0.10428011840832592
epoch3_on_rank_02,1423.0481942652236,3.3280839895013123,1,epoch3_off,OFF,0.2933539127267768,1,0.2616093895981123
epoch3_on_rank_03,1423.050542062054,0.23097112860892377,1,epoch1_on,ON,1.1620539521077426,1,0.3062889687054559
epoch3_on_rank_03,1423.050542062054,0.23097112860892377,1,epoch1_off,OFF,1.1582536806646395,-1,0.23762927218069588
epoch3_on_rank_03,1423.050542062054,0.23097112860892377,1,epoch2_on,ON,1.02283846790381,-1,0.26329193213109775
epoch3_on_rank_03,1423.050542062054,0.23097112860892377,1,epoch2_off,OFF,1.5199899815386027,0,0.2822218024031841
epoch3_on_rank_03,1423.050542062054,0.23097112860892377,1,epoch3_on,ON,4.987970658750886,0,0.13732542706322431
epoch3_on_rank_03,1423.050542062054,0.23097112860892377,1,epoch3_off,OFF,1.5334081657101573,0,0.2571639532872076
epoch3_on_rank_04,1423.0418881056212,-0.9238845144356955,3,epoch1_on,ON,0.48395198621656454,1,0.22349120369752612
epoch3_on_rank_04,1423.0418881056212,-0.9238845144356955,3,epoch1_off,OFF,0.2991104904431568,1,0.27703421721349697
epoch3_on_rank_04,1423.0418881056212,-0.9238845144356955,3,epoch2_on,ON,-1.326902075859541,-1,0.2568098397732446
epoch3_on_rank_04,1423.0418881056212,-0.9238845144356955,3,epoch2_off,OFF,0.7355541948013826,-1,0.23209278029641053
epoch3_on_rank_04,1423.0418881056212,-0.9238845144356955,3,epoch3_on,ON,4.955974841119807,0,0.1566179151360574
epoch3_on_rank_04,1423.0418881056212,-0.9238845144356955,3,epoch3_off,OFF,0.044069512338419325,-1,0.19000484549558566
epoch3_on_rank_05,1423.0473662982256,0.9133858267716537,1,epoch1_on,ON,0.8621075879405802,0,0.18475370189462942
epoch3_on_rank_05,1423.0473662982256,0.9133858267716537,1,epoch1_off,OFF,-0.39698618053415835,-1,0.2986015569012396
epoch3_on_rank_05,1423.0473662982256,0.9133858267716537,1,epoch2_on,ON,2.9244364676923285,0,0.18628991964007988
epoch3_on_rank_05,1423.0473662982256,0.9133858267716537,1,epoch2_off,OFF,0.8490130299587746,1,0.23483387919417884
epoch3_on_rank_05,1423.0473662982256,0.9133858267716537,1,epoch3_on,ON,4.84839222742967,0,0.2519109451564379
epoch3_on_rank_05,1423.0473662982256,0.9133858267716537,1,epoch3_off,OFF,2.864378764154152,0,0.13860794331197224
epoch3_on_rank_06,1423.0414089055432,-3.958005249343832,1,epoch1_on,ON,0.7440863733070202,1,0.2037418591964453
epoch3_on_rank_06,1423.0414089055432,-3.958005249343832,1,epoch1_off,OFF,1.9283099545213582,1,0.18834140630185703
epoch3_on_rank_06,1423.0414089055432,-3.958005249343832,1,epoch2_on,ON,0.05823340297467139,-1,0.26496022198409197
epoch3_on_rank_06,1423.0414089055432,-3.958005249343832,1,epoch2_off,OFF,1.281647161343951,1,0.29170590265557733
epoch3_on_rank_06,1423.0414089055432,-3.958005249343832,1,epoch3_on,ON,4.780317802589849,0,0.16561649672443698
epoch3_on_rank_06,1423.0414089055432,-3.958005249343832,1,epoch3_off,OFF,1.836365837413624,1,0.30189031289701024
