pair_id,track_id,originating_scan,rank,reference_frequency_MHz,drift_Hz_s,width_channels,robust_rank_score,scan,mean_center_minus_flank,first_eight_mean,last_eight_mean
pair154_155,epoch1_on_gap_drift_rank_01,epoch1_on,1,1415.6156366006117,-3.0341207349081367,1,5.211845391319203,epoch1_on,0.14411732487532736,0.17827544886485072,0.10995920088580399
pair154_155,epoch1_on_gap_drift_rank_01,epoch1_on,1,1415.6156366006117,-3.0341207349081367,1,5.211845391319203,epoch1_off,0.01847487181151828,-0.006129032873906579,0.04307877649694314
pair154_155,epoch1_on_gap_drift_rank_01,epoch1_on,1,1415.6156366006117,-3.0341207349081367,1,5.211845391319203,epoch2_on,-0.02052457785549052,0.04040660377838323,-0.08145575948936427
pair154_155,epoch1_on_gap_drift_rank_01,epoch1_on,1,1415.6156366006117,-3.0341207349081367,1,5.211845391319203,epoch2_off,-0.002386153308918483,0.011163346544020417,-0.015935653161857383
pair154_155,epoch1_on_gap_drift_rank_01,epoch1_on,1,1415.6156366006117,-3.0341207349081367,1,5.211845391319203,epoch3_on,-0.01271958226096686,-0.04648411570339872,0.021044951181465002
pair154_155,epoch1_on_gap_drift_rank_01,epoch1_on,1,1415.6156366006117,-3.0341207349081367,1,5.211845391319203,epoch3_off,-0.01173869366402884,-0.03606275166943962,0.012585364341381938
pair154_155,epoch1_on_gap_drift_rank_02,epoch1_on,2,1415.6231705331943,-2.9081364829396326,1,5.201821035055167,epoch1_on,0.14050703609091297,0.1353025864320001,0.14571148574982581
pair154_155,epoch1_on_gap_drift_rank_02,epoch1_on,2,1415.6231705331943,-2.9081364829396326,1,5.201821035055167,epoch1_off,-0.011225959793898593,-0.018313256787863566,-0.004138662799933621
pair154_155,epoch1_on_gap_drift_rank_02,epoch1_on,2,1415.6231705331943,-2.9081364829396326,1,5.201821035055167,epoch2_on,0.00443435382473259,0.04469921276114146,-0.03583050511167628
pair154_155,epoch1_on_gap_drift_rank_02,epoch1_on,2,1415.6231705331943,-2.9081364829396326,1,5.201821035055167,epoch2_off,-0.018901402484386848,-0.03928844198810613,0.0014856370193324364
pair154_155,epoch1_on_gap_drift_rank_02,epoch1_on,2,1415.6231705331943,-2.9081364829396326,1,5.201821035055167,epoch3_on,-0.03754950098443382,-0.056418731157495,-0.018680270811372635
pair154_155,epoch1_on_gap_drift_rank_02,epoch1_on,2,1415.6231705331943,-2.9081364829396326,1,5.201821035055167,epoch3_off,0.0512058678843882,0.08328336385003397,0.01912837191874242
pair154_155,epoch1_on_gap_drift_rank_03,epoch1_on,3,1415.6206214156214,2.5406824146981624,3,5.105260076281811,epoch1_on,0.08450524993733163,0.09077885528636861,0.07823164458829467
pair154_155,epoch1_on_gap_drift_rank_03,epoch1_on,3,1415.6206214156214,2.5406824146981624,3,5.105260076281811,epoch1_off,0.021998506964937353,0.014233052521254397,0.02976396140862031
pair154_155,epoch1_on_gap_drift_rank_03,epoch1_on,3,1415.6206214156214,2.5406824146981624,3,5.105260076281811,epoch2_on,0.043444274493190826,0.01629728487409174,0.07059126411228991
pair154_155,epoch1_on_gap_drift_rank_03,epoch1_on,3,1415.6206214156214,2.5406824146981624,3,5.105260076281811,epoch2_off,-0.0021093521770791865,-0.01997709629691924,0.015758391942760866
pair154_155,epoch1_on_gap_drift_rank_03,epoch1_on,3,1415.6206214156214,2.5406824146981624,3,5.105260076281811,epoch3_on,-0.018256157375081163,-0.02549551335058854,-0.011016801399573783
pair154_155,epoch1_on_gap_drift_rank_03,epoch1_on,3,1415.6206214156214,2.5406824146981624,3,5.105260076281811,epoch3_off,-0.0017075066855228513,0.003174916208913317,-0.00658992957995902
pair154_155,epoch2_on_gap_drift_rank_01,epoch2_on,1,1415.6113011158848,-3.3490813648293964,1,5.841219633477111,epoch1_on,0.02185674178923732,0.05755186511048489,-0.013838381532010252
pair154_155,epoch2_on_gap_drift_rank_01,epoch2_on,1,1415.6113011158848,-3.3490813648293964,1,5.841219633477111,epoch1_off,0.00947094112633063,-5.883088969899086e-06,0.01894776534163116
pair154_155,epoch2_on_gap_drift_rank_01,epoch2_on,1,1415.6113011158848,-3.3490813648293964,1,5.841219633477111,epoch2_on,0.16399490431773125,0.1513552712746017,0.17663453736086082
pair154_155,epoch2_on_gap_drift_rank_01,epoch2_on,1,1415.6113011158848,-3.3490813648293964,1,5.841219633477111,epoch2_off,0.007118057320951214,-0.007323181138345097,0.021559295780247525
pair154_155,epoch2_on_gap_drift_rank_01,epoch2_on,1,1415.6113011158848,-3.3490813648293964,1,5.841219633477111,epoch3_on,-0.01443426913671296,0.0006755437599146874,-0.029544082033340607
pair154_155,epoch2_on_gap_drift_rank_01,epoch2_on,1,1415.6113011158848,-3.3490813648293964,1,5.841219633477111,epoch3_off,-0.0003342430690426654,0.0017391748775777566,-0.0024076610156630873
pair154_155,epoch2_on_gap_drift_rank_02,epoch2_on,2,1415.6054713208564,-3.3490813648293964,1,5.502992005715368,epoch1_on,0.03899984378723163,0.03689596368568428,0.04110372388877899
pair154_155,epoch2_on_gap_drift_rank_02,epoch2_on,2,1415.6054713208564,-3.3490813648293964,1,5.502992005715368,epoch1_off,0.0349099012738819,0.01794621163459123,0.051873590913172576
pair154_155,epoch2_on_gap_drift_rank_02,epoch2_on,2,1415.6054713208564,-3.3490813648293964,1,5.502992005715368,epoch2_on,0.1507408215716344,0.15152844355994033,0.14995319958332848
pair154_155,epoch2_on_gap_drift_rank_02,epoch2_on,2,1415.6054713208564,-3.3490813648293964,1,5.502992005715368,epoch2_off,-0.034378751013320094,-0.007910247112158375,-0.06084725491448181
pair154_155,epoch2_on_gap_drift_rank_02,epoch2_on,2,1415.6054713208564,-3.3490813648293964,1,5.502992005715368,epoch3_on,-0.002636248768466007,-0.007896556786734482,0.0026240592498024684
pair154_155,epoch2_on_gap_drift_rank_02,epoch2_on,2,1415.6054713208564,-3.3490813648293964,1,5.502992005715368,epoch3_off,-0.010944022107825142,-0.01921837753119021,-0.002669666684460073
pair154_155,epoch2_on_gap_drift_rank_03,epoch2_on,3,1415.60403088512,-2.456692913385827,1,5.240327220195061,epoch1_on,0.014138195395299084,0.005981531937345921,0.022294858853252247
pair154_155,epoch2_on_gap_drift_rank_03,epoch2_on,3,1415.60403088512,-2.456692913385827,1,5.240327220195061,epoch1_off,0.009155109291504065,0.05101630164514834,-0.03270608306214021
pair154_155,epoch2_on_gap_drift_rank_03,epoch2_on,3,1415.60403088512,-2.456692913385827,1,5.240327220195061,epoch2_on,0.14649365382975515,0.13403077397247332,0.15895653368703694
pair154_155,epoch2_on_gap_drift_rank_03,epoch2_on,3,1415.60403088512,-2.456692913385827,1,5.240327220195061,epoch2_off,-0.03511409310709909,-0.037059490428489314,-0.03316869578570887
pair154_155,epoch2_on_gap_drift_rank_03,epoch2_on,3,1415.60403088512,-2.456692913385827,1,5.240327220195061,epoch3_on,0.01460214883168525,0.02571010785015751,0.0034941898132129917
pair154_155,epoch2_on_gap_drift_rank_03,epoch2_on,3,1415.60403088512,-2.456692913385827,1,5.240327220195061,epoch3_off,-0.0002765164655912228,0.022801361706022455,-0.0233543946372049
pair154_155,epoch3_on_gap_drift_rank_01,epoch3_on,1,1415.6149248892536,-3.3385826771653546,1,5.320234389518455,epoch1_on,-0.0074712350317119175,0.005835176662948069,-0.020777646726371904
pair154_155,epoch3_on_gap_drift_rank_01,epoch3_on,1,1415.6149248892536,-3.3385826771653546,1,5.320234389518455,epoch1_off,-0.011846364356924238,-0.02578283481167043,0.0020901060978219532
pair154_155,epoch3_on_gap_drift_rank_01,epoch3_on,1,1415.6149248892536,-3.3385826771653546,1,5.320234389518455,epoch2_on,0.0033704965321336086,-0.0038202252780726864,0.010561218342339904
pair154_155,epoch3_on_gap_drift_rank_01,epoch3_on,1,1415.6149248892536,-3.3385826771653546,1,5.320234389518455,epoch2_off,0.03407073225064947,0.046619268367934535,0.02152219613336441
pair154_155,epoch3_on_gap_drift_rank_01,epoch3_on,1,1415.6149248892536,-3.3385826771653546,1,5.320234389518455,epoch3_on,0.14611647538615252,0.11358766573501092,0.17864528503729413
pair154_155,epoch3_on_gap_drift_rank_01,epoch3_on,1,1415.6149248892536,-3.3385826771653546,1,5.320234389518455,epoch3_off,-0.02314833046777231,-0.027536384275745757,-0.01876027665979886
pair154_155,epoch3_on_gap_drift_rank_02,epoch3_on,2,1415.622620445531,-3.3805774278215224,3,5.308267596004121,epoch1_on,-0.026399626045771986,-0.016493269455579537,-0.036305982635964434
pair154_155,epoch3_on_gap_drift_rank_02,epoch3_on,2,1415.622620445531,-3.3805774278215224,3,5.308267596004121,epoch1_off,0.013386272183198489,0.010840704869292783,0.015931839497104194
pair154_155,epoch3_on_gap_drift_rank_02,epoch3_on,2,1415.622620445531,-3.3805774278215224,3,5.308267596004121,epoch2_on,0.0002725345621731323,-0.018040380871480632,0.018585449995826897
pair154_155,epoch3_on_gap_drift_rank_02,epoch3_on,2,1415.622620445531,-3.3805774278215224,3,5.308267596004121,epoch2_off,-0.016871477153320255,-0.015216489033079289,-0.01852646527356122
pair154_155,epoch3_on_gap_drift_rank_02,epoch3_on,2,1415.622620445531,-3.3805774278215224,3,5.308267596004121,epoch3_on,0.08797656050411742,0.10264459619347452,0.07330852481476031
pair154_155,epoch3_on_gap_drift_rank_02,epoch3_on,2,1415.622620445531,-3.3805774278215224,3,5.308267596004121,epoch3_off,0.011147502154293339,0.02067725352578853,0.0016177507827981469
pair154_155,epoch3_on_gap_drift_rank_03,epoch3_on,3,1415.6129542143776,2.8976377952755907,1,5.282315415263481,epoch1_on,0.05019175041939351,0.029038229804385043,0.07134527103440198
pair154_155,epoch3_on_gap_drift_rank_03,epoch3_on,3,1415.6129542143776,2.8976377952755907,1,5.282315415263481,epoch1_off,-0.01515460891340005,-0.034046175835896475,0.003736958009096375
pair154_155,epoch3_on_gap_drift_rank_03,epoch3_on,3,1415.6129542143776,2.8976377952755907,1,5.282315415263481,epoch2_on,-0.07771225352860944,-0.07878368551531915,-0.07664082154189975
pair154_155,epoch3_on_gap_drift_rank_03,epoch3_on,3,1415.6129542143776,2.8976377952755907,1,5.282315415263481,epoch2_off,0.009679567737440609,0.015129595860121012,0.0042295396147602055
pair154_155,epoch3_on_gap_drift_rank_03,epoch3_on,3,1415.6129542143776,2.8976377952755907,1,5.282315415263481,epoch3_on,0.14138466796667304,0.16736359710263873,0.11540573883070732
pair154_155,epoch3_on_gap_drift_rank_03,epoch3_on,3,1415.6129542143776,2.8976377952755907,1,5.282315415263481,epoch3_off,0.0455942279083421,0.06444029277179464,0.026748163044889556
pair157_158,epoch1_on_gap_drift_rank_01,epoch1_on,1,1406.7014773607962,-2.509186351706037,1,5.635329945084219,epoch1_on,0.1383140552550008,0.12474291243344537,0.15188519807655615
pair157_158,epoch1_on_gap_drift_rank_01,epoch1_on,1,1406.7014773607962,-2.509186351706037,1,5.635329945084219,epoch1_off,0.03473518362113314,0.04117614389326814,0.028294223348998143
pair157_158,epoch1_on_gap_drift_rank_01,epoch1_on,1,1406.7014773607962,-2.509186351706037,1,5.635329945084219,epoch2_on,-0.031262058571875855,-0.04036244828349904,-0.02216166886025267
pair157_158,epoch1_on_gap_drift_rank_01,epoch1_on,1,1406.7014773607962,-2.509186351706037,1,5.635329945084219,epoch2_off,0.05454730076799514,0.06310863603071884,0.04598596550527144
pair157_158,epoch1_on_gap_drift_rank_01,epoch1_on,1,1406.7014773607962,-2.509186351706037,1,5.635329945084219,epoch3_on,0.012201033083570081,0.011729944045502746,0.012672122121637416
pair157_158,epoch1_on_gap_drift_rank_01,epoch1_on,1,1406.7014773607962,-2.509186351706037,1,5.635329945084219,epoch3_off,-0.017379771098208992,-0.0030738564750000946,-0.03168568572141789
pair157_158,epoch1_on_gap_drift_rank_02,epoch1_on,2,1406.6912411934557,0.8818897637795278,1,5.509820830767753,epoch1_on,0.1303419976388207,0.16053652724147643,0.10014746803616498
pair157_158,epoch1_on_gap_drift_rank_02,epoch1_on,2,1406.6912411934557,0.8818897637795278,1,5.509820830767753,epoch1_off,-0.006699053362262328,0.0438905568622909,-0.05728866358681556
pair157_158,epoch1_on_gap_drift_rank_02,epoch1_on,2,1406.6912411934557,0.8818897637795278,1,5.509820830767753,epoch2_on,-0.0041306775832092996,0.018337425446268582,-0.02659878061268718
pair157_158,epoch1_on_gap_drift_rank_02,epoch1_on,2,1406.6912411934557,0.8818897637795278,1,5.509820830767753,epoch2_off,-0.02711130724273987,0.008488663016550949,-0.06271127750203069
pair157_158,epoch1_on_gap_drift_rank_02,epoch1_on,2,1406.6912411934557,0.8818897637795278,1,5.509820830767753,epoch3_on,-0.01311994872984229,-0.014138211816338564,-0.012101685643346016
pair157_158,epoch1_on_gap_drift_rank_02,epoch1_on,2,1406.6912411934557,0.8818897637795278,1,5.509820830767753,epoch3_off,0.022050704081121683,0.03557414000042047,0.008527268161822893
pair157_158,epoch1_on_gap_drift_rank_03,epoch1_on,3,1406.6839227591327,0.23097112860892377,1,5.35267244192984,epoch1_on,0.1256934344426917,0.09924740694768358,0.15213946193769984
pair157_158,epoch1_on_gap_drift_rank_03,epoch1_on,3,1406.6839227591327,0.23097112860892377,1,5.35267244192984,epoch1_off,-0.02973160526896946,0.02348661481612456,-0.08294982535406348
pair157_158,epoch1_on_gap_drift_rank_03,epoch1_on,3,1406.6839227591327,0.23097112860892377,1,5.35267244192984,epoch2_on,-0.03579027914436659,-0.08009910788915772,0.008518549600424544
pair157_158,epoch1_on_gap_drift_rank_03,epoch1_on,3,1406.6839227591327,0.23097112860892377,1,5.35267244192984,epoch2_off,-0.008586212995110414,-0.03801822694487618,0.020845800954655352
pair157_158,epoch1_on_gap_drift_rank_03,epoch1_on,3,1406.6839227591327,0.23097112860892377,1,5.35267244192984,epoch3_on,0.022387500858975826,0.005819274774569866,0.038955726943381785
pair157_158,epoch1_on_gap_drift_rank_03,epoch1_on,3,1406.6839227591327,0.23097112860892377,1,5.35267244192984,epoch3_off,0.00035995654948717953,-0.04316565279189229,0.043885565890866646
pair157_158,epoch2_on_gap_drift_rank_01,epoch2_on,1,1406.6977458382976,0.8293963254593173,1,5.481030298260322,epoch1_on,0.029026002928470178,0.041874216239738485,0.01617778961720187
pair157_158,epoch2_on_gap_drift_rank_01,epoch2_on,1,1406.6977458382976,0.8293963254593173,1,5.481030298260322,epoch1_off,-0.01015918303058861,0.02449160793989509,-0.04480997400107231
pair157_158,epoch2_on_gap_drift_rank_01,epoch2_on,1,1406.6977458382976,0.8293963254593173,1,5.481030298260322,epoch2_on,0.12887643230350412,0.14275682179038077,0.11499604281662748
pair157_158,epoch2_on_gap_drift_rank_01,epoch2_on,1,1406.6977458382976,0.8293963254593173,1,5.481030298260322,epoch2_off,-0.030825705315875432,0.022417945236195808,-0.08406935586794667
pair157_158,epoch2_on_gap_drift_rank_01,epoch2_on,1,1406.6977458382976,0.8293963254593173,1,5.481030298260322,epoch3_on,-0.028862349236673697,-0.004684521215713652,-0.05304017725763374
pair157_158,epoch2_on_gap_drift_rank_01,epoch2_on,1,1406.6977458382976,0.8293963254593173,1,5.481030298260322,epoch3_off,-0.008508131604230876,0.008464360725766826,-0.025480623934228577
pair157_158,epoch2_on_gap_drift_rank_02,epoch2_on,2,1406.6913290940615,0.36745406824146976,1,5.299863738451313,epoch1_on,-0.036820514937503844,-0.03598672227217359,-0.0376543076028341
pair157_158,epoch2_on_gap_drift_rank_02,epoch2_on,2,1406.6913290940615,0.36745406824146976,1,5.299863738451313,epoch1_off,0.02053595776805532,0.004702613807950437,0.036369301728160205
pair157_158,epoch2_on_gap_drift_rank_02,epoch2_on,2,1406.6913290940615,0.36745406824146976,1,5.299863738451313,epoch2_on,0.12827833845575837,0.1585421299927986,0.09801454691871814
pair157_158,epoch2_on_gap_drift_rank_02,epoch2_on,2,1406.6913290940615,0.36745406824146976,1,5.299863738451313,epoch2_off,0.036900963524753055,0.08509465189002642,-0.01129272484052031
pair157_158,epoch2_on_gap_drift_rank_02,epoch2_on,2,1406.6913290940615,0.36745406824146976,1,5.299863738451313,epoch3_on,0.025987936357201973,0.03565137324957099,0.016324499464832956
pair157_158,epoch2_on_gap_drift_rank_02,epoch2_on,2,1406.6913290940615,0.36745406824146976,1,5.299863738451313,epoch3_off,-0.01083395819735606,0.001975307351577943,-0.023643223746290062
pair157_158,epoch2_on_gap_drift_rank_03,epoch2_on,3,1406.686432179658,2.8136482939632543,1,5.263212579808881,epoch1_on,0.026337398026698933,0.030620353383630894,0.02205444266976697
pair157_158,epoch2_on_gap_drift_rank_03,epoch2_on,3,1406.686432179658,2.8136482939632543,1,5.263212579808881,epoch1_off,0.009653144452215032,-0.017013384583247013,0.036319673487677076
pair157_158,epoch2_on_gap_drift_rank_03,epoch2_on,3,1406.686432179658,2.8136482939632543,1,5.263212579808881,epoch2_on,0.1235694587401073,0.10856431960969139,0.13857459787052323
pair157_158,epoch2_on_gap_drift_rank_03,epoch2_on,3,1406.686432179658,2.8136482939632543,1,5.263212579808881,epoch2_off,0.024556195737826643,0.05293703548060173,-0.0038246440049484465
pair157_158,epoch2_on_gap_drift_rank_03,epoch2_on,3,1406.686432179658,2.8136482939632543,1,5.263212579808881,epoch3_on,-0.013538333078624974,-0.016894168388528974,-0.010182497768720974
pair157_158,epoch2_on_gap_drift_rank_03,epoch2_on,3,1406.686432179658,2.8136482939632543,1,5.263212579808881,epoch3_off,0.00779016501599742,0.007972045519513096,0.007608284512481744
pair157_158,epoch3_on_gap_drift_rank_01,epoch3_on,1,1406.694286524127,-1.8372703412073492,1,5.458482888207895,epoch1_on,0.08610562489713762,0.10070644733758999,0.07150480245668525
pair157_158,epoch3_on_gap_drift_rank_01,epoch3_on,1,1406.694286524127,-1.8372703412073492,1,5.458482888207895,epoch1_off,0.0597585997894688,0.039332553578525886,0.08018464600041171
pair157_158,epoch3_on_gap_drift_rank_01,epoch3_on,1,1406.694286524127,-1.8372703412073492,1,5.458482888207895,epoch2_on,0.010315986864856193,0.0010658363097268558,0.01956613741998553
pair157_158,epoch3_on_gap_drift_rank_01,epoch3_on,1,1406.694286524127,-1.8372703412073492,1,5.458482888207895,epoch2_off,-0.012887532760207307,-0.022835421532300046,-0.002939643988114568
pair157_158,epoch3_on_gap_drift_rank_01,epoch3_on,1,1406.694286524127,-1.8372703412073492,1,5.458482888207895,epoch3_on,0.12719666891704107,0.1380989096133738,0.1162944282207083
pair157_158,epoch3_on_gap_drift_rank_01,epoch3_on,1,1406.694286524127,-1.8372703412073492,1,5.458482888207895,epoch3_off,-0.01566226421089667,0.037798580058076334,-0.06912310847986967
pair157_158,epoch3_on_gap_drift_rank_02,epoch3_on,2,1406.691181647884,-3.727034120734908,3,5.071943779301365,epoch1_on,-0.0012738579422596485,-0.012353917286557783,0.009806201402038486
pair157_158,epoch3_on_gap_drift_rank_02,epoch3_on,2,1406.691181647884,-3.727034120734908,3,5.071943779301365,epoch1_off,-0.0056196797492669495,0.02056742616758496,-0.03180678566611886
pair157_158,epoch3_on_gap_drift_rank_02,epoch3_on,2,1406.691181647884,-3.727034120734908,3,5.071943779301365,epoch2_on,0.016949901842112453,0.021545972486189724,0.012353831198035181
pair157_158,epoch3_on_gap_drift_rank_02,epoch3_on,2,1406.691181647884,-3.727034120734908,3,5.071943779301365,epoch2_off,0.008097735645549775,0.01963418082085558,-0.003438709529756029
pair157_158,epoch3_on_gap_drift_rank_02,epoch3_on,2,1406.691181647884,-3.727034120734908,3,5.071943779301365,epoch3_on,0.07351090692767523,0.08423495850459103,0.06278685535075941
pair157_158,epoch3_on_gap_drift_rank_02,epoch3_on,2,1406.691181647884,-3.727034120734908,3,5.071943779301365,epoch3_off,-0.0021057652542539607,0.0068654083869263,-0.011076938895434221
pair157_158,epoch3_on_gap_drift_rank_03,epoch3_on,3,1406.6870588259135,0.23097112860892377,1,5.071838006817389,epoch1_on,-0.00344579809315379,0.005179433251320656,-0.012071029437628236
pair157_158,epoch3_on_gap_drift_rank_03,epoch3_on,3,1406.6870588259135,0.23097112860892377,1,5.071838006817389,epoch1_off,0.029970027662735772,0.04779310226416168,0.012146953061309862
pair157_158,epoch3_on_gap_drift_rank_03,epoch3_on,3,1406.6870588259135,0.23097112860892377,1,5.071838006817389,epoch2_on,-0.014766750772880609,0.015810871338153967,-0.045344372883915185
pair157_158,epoch3_on_gap_drift_rank_03,epoch3_on,3,1406.6870588259135,0.23097112860892377,1,5.071838006817389,epoch2_off,0.013140162265706488,0.002603368420675045,0.02367695611073793
pair157_158,epoch3_on_gap_drift_rank_03,epoch3_on,3,1406.6870588259135,0.23097112860892377,1,5.071838006817389,epoch3_on,0.1214481122315658,0.152234095105311,0.0906621293578206
pair157_158,epoch3_on_gap_drift_rank_03,epoch3_on,3,1406.6870588259135,0.23097112860892377,1,5.071838006817389,epoch3_off,-0.0010229460895200895,-0.010987383221611788,0.008941491042571609
