feature_id,scan_id,role,time_row,peak_source_channel,peak_frequency_hz,peak_normalized_excess,adjacent_flank_median_normalized_excess,peak_minus_flank_median
repeated_1424439182,epoch1_on,ON,0,159416370,1424439181.6576834,1.3939528854189134,0.04887937321365443,1.3450735122052588
repeated_1424439182,epoch1_on,ON,1,159416370,1424439181.6576834,1.5988228482661104,0.01360858717123381,1.5852142610948765
repeated_1424439182,epoch1_on,ON,2,159416370,1424439181.6576834,0.887115141447057,0.025662341132864808,0.8614528003141922
repeated_1424439182,epoch1_on,ON,3,159416369,1424439184.4931867,1.1944651159033577,0.012055725652910354,1.1824093902504473
repeated_1424439182,epoch1_on,ON,4,159416370,1424439181.6576834,1.5505350530399156,0.01068756322290465,1.539847489817011
repeated_1424439182,epoch1_on,ON,5,159416370,1424439181.6576834,1.4329360711226355,0.02730398316711735,1.4056320879555182
repeated_1424439182,epoch1_on,ON,6,159416370,1424439181.6576834,2.245608652900175,0.0022396228130013296,2.2433690300871736
repeated_1424439182,epoch1_on,ON,7,159416371,1424439178.8221798,1.0764665752720233,0.0354090157904301,1.0410575594815932
repeated_1424439182,epoch1_on,ON,8,159416370,1424439181.6576834,1.538061546006341,0.0257780510878981,1.5122834949184427
repeated_1424439182,epoch1_on,ON,9,159416370,1424439181.6576834,1.8383702992029063,0.028449461757911965,1.8099208374449942
repeated_1424439182,epoch1_on,ON,10,159416370,1424439181.6576834,1.8427562811366678,0.044609234260334696,1.7981470468763332
repeated_1424439182,epoch1_on,ON,11,159416371,1424439178.8221798,1.6547834863413096,0.028228846082369308,1.6265546402589401
repeated_1424439182,epoch1_on,ON,12,159416370,1424439181.6576834,1.528548498455812,0.03312132015579028,1.4954271783000217
repeated_1424439182,epoch1_on,ON,13,159416371,1424439178.8221798,1.234182737809423,0.02663304861091964,1.2075496891985034
repeated_1424439182,epoch1_on,ON,14,159416370,1424439181.6576834,1.955174282921905,0.042146805728391246,1.9130274771935136
repeated_1424439182,epoch1_on,ON,15,159416370,1424439181.6576834,1.8417732819716592,0.04196098192801423,1.799812300043645
repeated_1424439182,epoch1_off,OFF,0,159416370,1424439181.6576834,1.4300038661267873,0.019463801981016937,1.4105400641457704
repeated_1424439182,epoch1_off,OFF,1,159416370,1424439181.6576834,1.0889159740902845,0.0209539307562171,1.0679620433340675
repeated_1424439182,epoch1_off,OFF,2,159416370,1424439181.6576834,1.470474803655955,0.058703813754713674,1.4117709899012412
repeated_1424439182,epoch1_off,OFF,3,159416370,1424439181.6576834,1.4363040358860926,0.02174320622625492,1.4145608296598375
repeated_1424439182,epoch1_off,OFF,4,159416370,1424439181.6576834,1.4901980641967172,0.03227578493278527,1.457922279263932
repeated_1424439182,epoch1_off,OFF,5,159416370,1424439181.6576834,1.7046088991957662,0.0420394189685972,1.662569480227169
repeated_1424439182,epoch1_off,OFF,6,159416370,1424439181.6576834,1.8980184245914709,0.03047351316905389,1.867544911422417
repeated_1424439182,epoch1_off,OFF,7,159416370,1424439181.6576834,1.4533888063392535,0.012230657680140977,1.4411581486591125
repeated_1424439182,epoch1_off,OFF,8,159416370,1424439181.6576834,1.6892645883133866,0.0219083806139585,1.6673562076994282
repeated_1424439182,epoch1_off,OFF,9,159416370,1424439181.6576834,1.6799656210350866,0.04222317393368791,1.6377424471013988
repeated_1424439182,epoch1_off,OFF,10,159416370,1424439181.6576834,1.5535228039406084,0.015290961691499572,1.5382318422491088
repeated_1424439182,epoch1_off,OFF,11,159416370,1424439181.6576834,2.3438999410716552,0.026124703059201226,2.317775238012454
repeated_1424439182,epoch1_off,OFF,12,159416370,1424439181.6576834,1.3977079393491172,0.047258295533660566,1.3504496438154567
repeated_1424439182,epoch1_off,OFF,13,159416370,1424439181.6576834,1.825546533026034,0.02384489230318232,1.8017016407228517
repeated_1424439182,epoch1_off,OFF,14,159416370,1424439181.6576834,1.8690055262539054,0.026197707140037663,1.8428078191138677
repeated_1424439182,epoch1_off,OFF,15,159416369,1424439184.4931867,1.1676474944641257,0.031317873309293365,1.1363296211548324
repeated_1424439182,epoch2_on,ON,0,159416370,1424439181.6576834,1.5233319920907702,0.02484406419010632,1.4984879279006638
repeated_1424439182,epoch2_on,ON,1,159416369,1424439184.4931867,1.304478813568053,0.025712139360475672,1.2787666742075774
repeated_1424439182,epoch2_on,ON,2,159416370,1424439181.6576834,1.2297882117998062,0.049423027983724666,1.1803651838160816
repeated_1424439182,epoch2_on,ON,3,159416370,1424439181.6576834,1.6724186197778623,0.04803229667217834,1.6243863231056839
repeated_1424439182,epoch2_on,ON,4,159416370,1424439181.6576834,1.795786918429171,0.026385473031166673,1.7694014453980045
repeated_1424439182,epoch2_on,ON,5,159416370,1424439181.6576834,1.9438384617033146,0.037332700183437706,1.906505761519877
repeated_1424439182,epoch2_on,ON,6,159416370,1424439181.6576834,1.813110636445698,0.03187544505318074,1.781235191392517
repeated_1424439182,epoch2_on,ON,7,159416370,1424439181.6576834,2.1210426340779103,0.032820604286126986,2.0882220297917833
repeated_1424439182,epoch2_on,ON,8,159416370,1424439181.6576834,1.7661715012249095,0.03561189457899827,1.7305596066459112
repeated_1424439182,epoch2_on,ON,9,159416370,1424439181.6576834,1.5393757883123613,-0.0032561736267311403,1.5426319619390925
repeated_1424439182,epoch2_on,ON,10,159416371,1424439178.8221798,1.4045295914212579,0.04718011066133243,1.3573494807599253
repeated_1424439182,epoch2_on,ON,11,159416370,1424439181.6576834,1.7427603167815366,0.0445741775270313,1.6981861392545055
repeated_1424439182,epoch2_on,ON,12,159416370,1424439181.6576834,1.0588211026212373,0.021884048940849943,1.0369370536803872
repeated_1424439182,epoch2_on,ON,13,159416370,1424439181.6576834,1.5947696715205986,0.030139953670734854,1.5646297178498636
repeated_1424439182,epoch2_on,ON,14,159416370,1424439181.6576834,1.5361736786606666,0.01811148520862338,1.5180621934520433
repeated_1424439182,epoch2_on,ON,15,159416371,1424439178.8221798,1.0638169899412295,0.02751948175088048,1.0362975081903492
repeated_1424439182,epoch2_off,OFF,0,159416370,1424439181.6576834,1.5909125800244985,0.03217314061342502,1.5587394394110734
repeated_1424439182,epoch2_off,OFF,1,159416371,1424439178.8221798,1.8038798065457473,0.030310902729238864,1.7735689038165083
repeated_1424439182,epoch2_off,OFF,2,159416370,1424439181.6576834,1.0237162604008994,0.048404988405168825,0.9753112719957305
repeated_1424439182,epoch2_off,OFF,3,159416370,1424439181.6576834,1.8777728255789152,0.032639968846246425,1.8451328567326688
repeated_1424439182,epoch2_off,OFF,4,159416369,1424439184.4931867,1.689748289245541,0.02897717885166351,1.6607711103938776
repeated_1424439182,epoch2_off,OFF,5,159416369,1424439184.4931867,1.0614947708922262,0.05879320104375951,1.0027015698484667
repeated_1424439182,epoch2_off,OFF,6,159416370,1424439181.6576834,1.4240234061594186,0.037393382531339836,1.3866300236280789
repeated_1424439182,epoch2_off,OFF,7,159416370,1424439181.6576834,1.8561372376598695,0.03956212519433622,1.8165751124655332
repeated_1424439182,epoch2_off,OFF,8,159416370,1424439181.6576834,2.0216188357757003,0.025575477048592643,1.9960433587271078
repeated_1424439182,epoch2_off,OFF,9,159416370,1424439181.6576834,1.471207570915996,0.05106525308550092,1.420142317830495
repeated_1424439182,epoch2_off,OFF,10,159416370,1424439181.6576834,1.5303650304424417,0.0360646368183245,1.4943003936241173
repeated_1424439182,epoch2_off,OFF,11,159416370,1424439181.6576834,1.5974655527203403,0.015366129481812263,1.5820994232385281
repeated_1424439182,epoch2_off,OFF,12,159416370,1424439181.6576834,1.0372308364317386,0.06531307296895705,0.9719177634627816
repeated_1424439182,epoch2_off,OFF,13,159416371,1424439178.8221798,2.044986065938688,0.02364879887711402,2.021337267061574
repeated_1424439182,epoch2_off,OFF,14,159416370,1424439181.6576834,1.686712485906634,0.02818303095228647,1.6585294549543477
repeated_1424439182,epoch2_off,OFF,15,159416370,1424439181.6576834,1.3567068639409436,0.01907048429481273,1.3376363796461308
repeated_1424439182,epoch3_on,ON,0,159416371,1424439178.8221798,2.0725235952660697,0.05428993715087704,2.0182336581151925
repeated_1424439182,epoch3_on,ON,1,159416371,1424439178.8221798,1.6882548686619434,0.05089685135222566,1.6373580173097178
repeated_1424439182,epoch3_on,ON,2,159416371,1424439178.8221798,1.197168086858019,0.01680570556912797,1.180362381288891
repeated_1424439182,epoch3_on,ON,3,159416370,1424439181.6576834,2.4820013867163357,0.03754626245190229,2.4444551242644335
repeated_1424439182,epoch3_on,ON,4,159416371,1424439178.8221798,1.4304373148398182,0.04244116514730578,1.3879961496925124
repeated_1424439182,epoch3_on,ON,5,159416370,1424439181.6576834,1.8439626623348624,0.04846032392272559,1.795502338412137
repeated_1424439182,epoch3_on,ON,6,159416371,1424439178.8221798,1.5674288278141937,0.04310545143335731,1.5243233763808364
repeated_1424439182,epoch3_on,ON,7,159416370,1424439181.6576834,1.1638790284029557,0.02102060573886466,1.142858422664091
repeated_1424439182,epoch3_on,ON,8,159416370,1424439181.6576834,1.7003472452953572,0.027450957120563224,1.672896288174794
repeated_1424439182,epoch3_on,ON,9,159416371,1424439178.8221798,1.963976104458963,0.05785919381254556,1.9061169106464173
repeated_1424439182,epoch3_on,ON,10,159416371,1424439178.8221798,2.0846969520807384,0.021069050160141045,2.063627901920597
repeated_1424439182,epoch3_on,ON,11,159416371,1424439178.8221798,1.9371629658108476,0.04814121832816309,1.8890217474826845
repeated_1424439182,epoch3_on,ON,12,159416371,1424439178.8221798,1.6290761867016887,0.030194034834073458,1.5988821518676153
repeated_1424439182,epoch3_on,ON,13,159416371,1424439178.8221798,1.757990062223135,0.03312715314034986,1.7248629090827852
repeated_1424439182,epoch3_on,ON,14,159416371,1424439178.8221798,1.640925758173292,0.006419911050768001,1.634505847122524
repeated_1424439182,epoch3_on,ON,15,159416370,1424439181.6576834,0.8240270172621176,0.005914958868452946,0.8181120583936646
repeated_1424439182,epoch3_off,OFF,0,159416370,1424439181.6576834,1.6949308582631084,0.050493234080585814,1.6444376241825225
repeated_1424439182,epoch3_off,OFF,1,159416371,1424439178.8221798,1.4097637627616382,0.032162678725926375,1.3776010840357118
repeated_1424439182,epoch3_off,OFF,2,159416371,1424439178.8221798,1.2655401000952318,0.03182250281653609,1.2337175972786958
repeated_1424439182,epoch3_off,OFF,3,159416371,1424439178.8221798,1.841827812816518,0.026995325596231745,1.8148324872202863
repeated_1424439182,epoch3_off,OFF,4,159416370,1424439181.6576834,1.3053741385523119,0.01858828533949608,1.2867858532128158
repeated_1424439182,epoch3_off,OFF,5,159416370,1424439181.6576834,1.6830226117218294,0.027380147619555317,1.6556424641022742
repeated_1424439182,epoch3_off,OFF,6,159416371,1424439178.8221798,1.5640514436540864,0.05241872732601027,1.511632716328076
repeated_1424439182,epoch3_off,OFF,7,159416371,1424439178.8221798,1.251861662610879,0.06013404597510852,1.1917276166357704
repeated_1424439182,epoch3_off,OFF,8,159416370,1424439181.6576834,1.7198088946813739,0.0129676785950531,1.7068412160863207
repeated_1424439182,epoch3_off,OFF,9,159416371,1424439178.8221798,1.5227536418844916,0.030823352370612067,1.4919302895138795
repeated_1424439182,epoch3_off,OFF,10,159416370,1424439181.6576834,1.6108413257867422,0.01677998671950387,1.5940613390672382
repeated_1424439182,epoch3_off,OFF,11,159416371,1424439178.8221798,1.8636966999795805,0.04310539128507951,1.820591308694501
repeated_1424439182,epoch3_off,OFF,12,159416370,1424439181.6576834,1.7560044531052177,-0.0021201379306475254,1.7581245910358652
repeated_1424439182,epoch3_off,OFF,13,159416371,1424439178.8221798,1.6296456806489772,0.034627854317396456,1.5950178263315808
repeated_1424439182,epoch3_off,OFF,14,159416371,1424439178.8221798,1.600294996097937,0.00855417743332565,1.5917408186646114
repeated_1424439182,epoch3_off,OFF,15,159416370,1424439181.6576834,1.064313018548353,0.049042210474023906,1.015270808074329
single_group_1424411711,epoch1_on,ON,0,159426058,1424411711.3005655,0.24916374068715696,0.030782826502757654,0.2183809141843993
single_group_1424411711,epoch1_on,ON,1,159426058,1424411711.3005655,0.34993353087173973,0.028674584386537916,0.3212589464852018
single_group_1424411711,epoch1_on,ON,2,159426058,1424411711.3005655,0.25473668356697554,0.026120875628638185,0.22861580793833736
single_group_1424411711,epoch1_on,ON,3,159426058,1424411711.3005655,0.3460507527948493,0.03931140805845801,0.3067393447363913
single_group_1424411711,epoch1_on,ON,4,159426058,1424411711.3005655,0.5874482091822208,0.02529736498568147,0.5621508441965394
single_group_1424411711,epoch1_on,ON,5,159426058,1424411711.3005655,0.5213363886953348,0.04614700912336778,0.47518937957196705
single_group_1424411711,epoch1_on,ON,6,159426058,1424411711.3005655,0.2840467167173262,0.0431336273818006,0.24091308933552558
single_group_1424411711,epoch1_on,ON,7,159426058,1424411711.3005655,0.22373668525418555,0.013388138267684146,0.2103485469865014
single_group_1424411711,epoch1_on,ON,8,159426054,1424411722.642579,0.2079806817174592,0.030523538899622782,0.17745714281783642
single_group_1424411711,epoch1_on,ON,9,159426058,1424411711.3005655,0.4201790849987155,0.02344911942049077,0.3967299655782247
single_group_1424411711,epoch1_on,ON,10,159426058,1424411711.3005655,0.3245880507237866,0.029368686342672423,0.2952193643811142
single_group_1424411711,epoch1_on,ON,11,159426058,1424411711.3005655,0.24095340450381086,0.027373558368568696,0.21357984613524217
single_group_1424411711,epoch1_on,ON,12,159426053,1424411725.4780824,0.27982737583367623,0.043879494529925345,0.23594788130375088
single_group_1424411711,epoch1_on,ON,13,159426058,1424411711.3005655,0.3651568472418667,0.02251741116110162,0.3426394360807651
single_group_1424411711,epoch1_on,ON,14,159426058,1424411711.3005655,0.36751094975217447,0.03427497152837178,0.3332359782238027
single_group_1424411711,epoch1_on,ON,15,159426058,1424411711.3005655,0.3874025864351167,0.03785913943794128,0.34954344699717543
single_group_1424411711,epoch1_off,OFF,0,159426058,1424411711.3005655,0.3030650768343619,0.024721060391936778,0.2783440164424251
single_group_1424411711,epoch1_off,OFF,1,159426058,1424411711.3005655,0.7079059586388465,0.034701357834821756,0.6732046008040248
single_group_1424411711,epoch1_off,OFF,2,159426058,1424411711.3005655,0.2851654341353207,0.016006296298403555,0.26915913783691714
single_group_1424411711,epoch1_off,OFF,3,159426058,1424411711.3005655,0.13868770539342679,0.04356230605787814,0.09512539933554864
single_group_1424411711,epoch1_off,OFF,4,159426052,1424411728.3135858,0.20645721657504335,0.04821578636531432,0.15824143020972903
single_group_1424411711,epoch1_off,OFF,5,159426056,1424411716.9715724,0.4096393245174579,0.012252335423400429,0.39738698909405745
single_group_1424411711,epoch1_off,OFF,6,159426058,1424411711.3005655,0.4026181111940017,0.03967849919036759,0.3629396120036341
single_group_1424411711,epoch1_off,OFF,7,159426058,1424411711.3005655,0.33802521273775166,0.03830788133508267,0.299717331402669
single_group_1424411711,epoch1_off,OFF,8,159426062,1424411699.9585516,0.2902910396115761,0.050550605182080544,0.23974043442949555
single_group_1424411711,epoch1_off,OFF,9,159426058,1424411711.3005655,0.5144685098212993,0.01059588880205553,0.5038726210192438
single_group_1424411711,epoch1_off,OFF,10,159426059,1424411708.465062,0.25020586027651137,0.037911043795858856,0.21229481648065252
single_group_1424411711,epoch1_off,OFF,11,159426058,1424411711.3005655,0.27914447799259023,0.028858394396027665,0.25028608359656257
single_group_1424411711,epoch1_off,OFF,12,159426058,1424411711.3005655,0.6012463331921609,0.021025192745422916,0.580221140446738
single_group_1424411711,epoch1_off,OFF,13,159426058,1424411711.3005655,0.374329562113229,0.032144448853690166,0.3421851132595388
single_group_1424411711,epoch1_off,OFF,14,159426062,1424411699.9585516,0.21392817549635512,0.029883330848758605,0.18404484464759652
single_group_1424411711,epoch1_off,OFF,15,159426058,1424411711.3005655,0.2915779193344472,0.01472946708343581,0.2768484522510114
single_group_1424411711,epoch2_on,ON,0,159426058,1424411711.3005655,0.40213270657077094,0.011959889168161708,0.39017281740260923
single_group_1424411711,epoch2_on,ON,1,159426059,1424411708.465062,0.45118482510195035,0.05236670175910141,0.39881812334284894
single_group_1424411711,epoch2_on,ON,2,159426058,1424411711.3005655,0.264678426425611,-0.007088828176840978,0.271767254602452
single_group_1424411711,epoch2_on,ON,3,159426058,1424411711.3005655,0.30830463021830457,0.023108098013458478,0.2851965322048461
single_group_1424411711,epoch2_on,ON,4,159426058,1424411711.3005655,0.3017077222092537,0.02153829892059056,0.2801694232886631
single_group_1424411711,epoch2_on,ON,5,159426058,1424411711.3005655,0.723668899851216,0.03963374390190244,0.6840351559493135
single_group_1424411711,epoch2_on,ON,6,159426058,1424411711.3005655,0.4820568190023464,0.022775014573381935,0.4592818044289645
single_group_1424411711,epoch2_on,ON,7,159426053,1424411725.4780824,0.15521437162902174,0.030423739834511077,0.12479063179451066
single_group_1424411711,epoch2_on,ON,8,159426058,1424411711.3005655,0.34450799077436245,0.0668873780582876,0.27762061271607485
single_group_1424411711,epoch2_on,ON,9,159426058,1424411711.3005655,0.3363802774165825,0.02172513363374129,0.3146551437828412
single_group_1424411711,epoch2_on,ON,10,159426058,1424411711.3005655,0.3889677783117822,0.001504021489285079,0.3874637568224971
single_group_1424411711,epoch2_on,ON,11,159426052,1424411728.3135858,0.28710669720860604,0.037367707573267905,0.24973898963533814
single_group_1424411711,epoch2_on,ON,12,159426059,1424411708.465062,0.36292475040622874,0.05154357126824771,0.311381179137981
single_group_1424411711,epoch2_on,ON,13,159426053,1424411725.4780824,0.3409411552848922,0.040276305773150334,0.3006648495117419
single_group_1424411711,epoch2_on,ON,14,159426062,1424411699.9585516,0.26432343255408464,0.022251828946956653,0.24207160360712798
single_group_1424411711,epoch2_on,ON,15,159426059,1424411708.465062,0.22089276205738173,0.02594083258401525,0.19495192947336648
single_group_1424411711,epoch2_off,OFF,0,159426059,1424411708.465062,0.25568549272622687,0.04229371488962308,0.2133917778366038
single_group_1424411711,epoch2_off,OFF,1,159426059,1424411708.465062,0.2221608583557999,0.013737520594122699,0.2084233377616772
single_group_1424411711,epoch2_off,OFF,2,159426052,1424411728.3135858,0.2161190770467316,0.015440349960217592,0.20067872708651402
single_group_1424411711,epoch2_off,OFF,3,159426058,1424411711.3005655,0.296513418879355,0.01600649585567626,0.28050692302367874
single_group_1424411711,epoch2_off,OFF,4,159426058,1424411711.3005655,0.2529268351960856,0.003756710450087297,0.2491701247459983
single_group_1424411711,epoch2_off,OFF,5,159426058,1424411711.3005655,0.41948776549360356,0.028055864083719073,0.3914319014098845
single_group_1424411711,epoch2_off,OFF,6,159426056,1424411716.9715724,0.28201309481071113,0.012602218919482433,0.2694108758912287
single_group_1424411711,epoch2_off,OFF,7,159426058,1424411711.3005655,0.21816789709685236,0.022420487802556788,0.19574740929429557
single_group_1424411711,epoch2_off,OFF,8,159426064,1424411694.2875447,0.34561618531671634,0.04638299965835513,0.2992331856583612
single_group_1424411711,epoch2_off,OFF,9,159426058,1424411711.3005655,0.38397564449673127,0.046340576236861164,0.3376350682598701
single_group_1424411711,epoch2_off,OFF,10,159426058,1424411711.3005655,0.3387487293702349,0.040756529056461654,0.29799220031377327
single_group_1424411711,epoch2_off,OFF,11,159426058,1424411711.3005655,0.4460744233053877,0.04391510809002208,0.40215931521536563
single_group_1424411711,epoch2_off,OFF,12,159426058,1424411711.3005655,0.49583827204189146,0.0017199166339672556,0.4941183554079242
single_group_1424411711,epoch2_off,OFF,13,159426058,1424411711.3005655,0.47755849716165755,0.018646648736622473,0.4589118484250351
single_group_1424411711,epoch2_off,OFF,14,159426058,1424411711.3005655,0.2619587784033637,0.019442262295172208,0.24251651610819147
single_group_1424411711,epoch2_off,OFF,15,159426058,1424411711.3005655,0.32904670326281127,0.028689259985171245,0.30035744327764
single_group_1424411711,epoch3_on,ON,0,159426059,1424411708.465062,0.20316704288674625,0.016004907195793172,0.18716213569095308
single_group_1424411711,epoch3_on,ON,1,159426058,1424411711.3005655,0.23927441189057697,0.019512690248672748,0.21976172164190422
single_group_1424411711,epoch3_on,ON,2,159426058,1424411711.3005655,0.30532027693249897,0.041492641583334655,0.2638276353491643
single_group_1424411711,epoch3_on,ON,3,159426064,1424411694.2875447,0.20947833121731052,0.05376892706193659,0.15570940415537393
single_group_1424411711,epoch3_on,ON,4,159426058,1424411711.3005655,0.3824931706560588,0.018430143726936632,0.3640630269291222
single_group_1424411711,epoch3_on,ON,5,159426058,1424411711.3005655,0.2758206880119187,0.031897212633299366,0.24392347537861936
single_group_1424411711,epoch3_on,ON,6,159426058,1424411711.3005655,0.29914810172199213,0.022618843441417402,0.27652925828057473
single_group_1424411711,epoch3_on,ON,7,159426058,1424411711.3005655,0.22742933629704987,0.03223696414006061,0.19519237215698926
single_group_1424411711,epoch3_on,ON,8,159426058,1424411711.3005655,0.32757884360645506,0.03442113252609624,0.2931577110803588
single_group_1424411711,epoch3_on,ON,9,159426059,1424411708.465062,0.2857544548399118,0.04951429562329146,0.23624015921662034
single_group_1424411711,epoch3_on,ON,10,159426058,1424411711.3005655,0.5542607730877578,0.016823670735668483,0.5374371023520893
single_group_1424411711,epoch3_on,ON,11,159426058,1424411711.3005655,0.4975692117462158,0.06105929401272692,0.4365099177334889
single_group_1424411711,epoch3_on,ON,12,159426053,1424411725.4780824,0.2126011282525826,0.01830804435783573,0.19429308389474687
single_group_1424411711,epoch3_on,ON,13,159426055,1424411719.8070757,0.16769374621369337,0.04405307681624815,0.12364066939744522
single_group_1424411711,epoch3_on,ON,14,159426058,1424411711.3005655,0.3389897218725053,0.043262430345271774,0.29572729152723354
single_group_1424411711,epoch3_on,ON,15,159426058,1424411711.3005655,0.41553205098469403,0.030661247359655808,0.3848708036250382
single_group_1424411711,epoch3_off,OFF,0,159426058,1424411711.3005655,0.258841202061054,0.036495891178100925,0.22234531088295306
single_group_1424411711,epoch3_off,OFF,1,159426058,1424411711.3005655,0.412757570020295,0.034924074190178955,0.37783349583011605
single_group_1424411711,epoch3_off,OFF,2,159426058,1424411711.3005655,0.44900434122607047,0.022988811285791888,0.4260155299402786
single_group_1424411711,epoch3_off,OFF,3,159426058,1424411711.3005655,0.30780748328392926,0.03398727391210654,0.2738202093718227
single_group_1424411711,epoch3_off,OFF,4,159426058,1424411711.3005655,0.3933616525644372,0.030451240121425194,0.36291041244301203
single_group_1424411711,epoch3_off,OFF,5,159426058,1424411711.3005655,0.3317269078920062,0.047056537036328616,0.2846703708556776
single_group_1424411711,epoch3_off,OFF,6,159426058,1424411711.3005655,0.36167647922672175,0.041362540327877895,0.32031393889884385
single_group_1424411711,epoch3_off,OFF,7,159426058,1424411711.3005655,0.21719727891867024,0.038445092279502324,0.17875218663916792
single_group_1424411711,epoch3_off,OFF,8,159426061,1424411702.7940552,0.16860017520343562,0.02290105436525769,0.14569912083817793
single_group_1424411711,epoch3_off,OFF,9,159426058,1424411711.3005655,0.29279605672250786,0.04623285618341988,0.24656320053908798
single_group_1424411711,epoch3_off,OFF,10,159426058,1424411711.3005655,0.25027226973395145,0.020201515959012095,0.23007075377493935
single_group_1424411711,epoch3_off,OFF,11,159426058,1424411711.3005655,0.5550667628560764,0.03963434110173014,0.5154324217543462
single_group_1424411711,epoch3_off,OFF,12,159426057,1424411714.1360688,0.206268770593377,0.03923139242138285,0.16703737817199416
single_group_1424411711,epoch3_off,OFF,13,159426053,1424411725.4780824,0.33355319272582484,0.022770399038282374,0.31078279368754247
single_group_1424411711,epoch3_off,OFF,14,159426058,1424411711.3005655,0.3906636461988908,0.03484154096443792,0.3558221052344529
single_group_1424411711,epoch3_off,OFF,15,159426056,1424411716.9715724,0.17329036942060716,0.04303979629496846,0.1302505731256387
