id,scan,role,rank,source_channel,frequency_hz,original_selected_width,adjacent_control_count,central_mean,immediate_neighbor_mean,central_minus_immediate_neighbors,origin_window_1,origin_window_3,origin_window_5,origin_window_9,origin_window_17,fixed_adjacent_difference_1,fixed_adjacent_difference_3,fixed_adjacent_difference_5,fixed_adjacent_difference_9,fixed_adjacent_difference_17
epoch1_on_contrast_rank_01,epoch1_on,on,1,160115804,1422455934.1597013,1,1,0.08055908109860777,0.024244475681145482,0.056314605417462284,0.08055908109860777,0.04301601082029958,0.022677007235552254,0.011527642381394206,0.010089175913697823,0.10592346181701497,0.04492359625381588,0.03412094310914843,0.019361326126851576,0.011682246166846624
epoch1_on_contrast_rank_02,epoch1_on,on,2,159485702,1424242590.5346751,1,1,0.13251124786789836,-0.003815592991932428,0.1363268408598308,0.13251124786789836,0.04162668729467784,0.02018390728080996,-0.0008177814561565158,0.0037267176208252394,0.13135317399853447,0.03366791316352932,0.004215239778435874,-0.00574783626713298,0.001670631919559603
epoch1_on_contrast_rank_03,epoch1_on,on,3,160214486,1422176121.0113616,1,1,0.096604569528281,0.00017390932146492052,0.09643066020681608,0.096604569528281,0.032317462723736944,0.023991770459653634,0.010670068755634473,0.012977564311623058,0.08603600146665359,0.025921452775648838,0.01647875709366324,0.0020874532420051394,0.004753468048030335
epoch1_on_contrast_rank_04,epoch1_on,on,4,159652276,1423770269.3882499,1,1,0.13669821050801068,-0.005353690919596064,0.14205190142760674,0.13669821050801068,0.04199694288960618,0.029895029817872964,0.009848396806399413,0.005063652946361318,0.14693880019892172,0.05352383967851815,0.012803415196400606,0.00907112559796605,0.0008111358712850798
epoch1_on_contrast_rank_05,epoch1_on,on,5,159426316,1424410979.7406836,1,1,0.11271318643431727,-0.0073171801909630435,0.12003036662528031,0.11271318643431727,0.03269294201746373,0.0242108825047662,0.019681874377279338,0.010177873174401018,0.11305349860267103,0.033373831388085265,0.01571972301064143,0.010983604927585402,0.005798498242372968
epoch1_on_contrast_rank_06,epoch1_on,on,6,160272214,1422012433.0700212,1,1,0.10671090110762624,-0.036888832201387375,0.1435997333090136,0.10671090110762624,0.010977745568283832,0.00947621554291095,0.008569254067602089,0.008004729587361925,0.14082662261342702,0.023798250162203546,0.008319000252301914,0.010504872664039329,0.010759998243042789
epoch1_on_contrast_rank_07,epoch1_on,on,7,159890715,1423094174.7886574,1,1,0.1185490170467179,0.027738527017731725,0.09081049002898617,0.1185490170467179,0.058008690360727116,0.040247685614477335,0.023108592219738627,0.014425016734056493,0.08391118196426661,0.050584178378243506,0.02898939339336471,0.024990341072432434,0.011620517513842554
epoch1_on_contrast_rank_08,epoch1_on,on,8,160428207,1421570114.3852663,1,1,0.1213486069489034,0.025289985831639876,0.09605862111726352,0.1213486069489034,0.05730952620406105,0.038743385648416326,0.025346276043703615,0.019001387456217378,0.13972246807395083,0.05572758528942326,0.03751139847253268,0.020557107937275224,0.020088805087116336
epoch1_on_contrast_rank_09,epoch1_on,on,9,159432953,1424392160.5044951,1,1,0.11972184122704282,-0.011806077049756163,0.131527918276799,0.11972184122704282,0.0320365623758435,0.02489799871842433,0.018627172081220538,0.014477722738548948,0.07391152198462747,0.008436989017328565,0.006216601031865599,0.0072015012110579184,0.013513531058899816
epoch1_on_contrast_rank_10,epoch1_on,on,10,160283576,1421980216.0801806,1,1,0.1212303633028931,0.04848531482851772,0.07274504847437538,0.1212303633028931,0.07273366431997617,0.0342820124868858,0.018189001147052505,0.022207379450199217,0.11179101269068487,0.05337488561740256,0.026793085373200735,0.016847089927951656,0.020591509781264596
epoch1_on_contrast_rank_11,epoch1_on,on,11,160253755,1422064773.6276224,1,1,0.11897305996613075,-0.03333497256301296,0.1523080325291437,0.11897305996613075,0.017434371613368277,0.010329356985935054,0.006723610536461154,0.004662042044220717,0.1391231199454463,0.012883368416313212,-0.0008467707453088964,-0.00421076745059406,0.002580680815463521
epoch1_on_contrast_rank_12,epoch1_on,on,12,159956439,1422907814.161983,1,1,0.12104947787638962,0.020570165345929398,0.10047931253046022,0.12104947787638962,0.05406326952274947,0.032830226467527035,0.016171230174198463,0.009610124881333868,0.14450339835606046,0.06646555911647742,0.03378766662545472,0.01030331716438878,0.0027681469658879486
epoch1_on_contrast_rank_13,epoch1_on,on,13,159763663,1423454431.1689787,1,1,0.10435187870421707,0.004701971570548347,0.09964990713366872,0.10435187870421707,0.03791860728177126,0.006232594457866311,0.0009416550808373919,0.0026735728403159834,0.12786559541349674,0.05209318344205251,0.01355837299873416,0.005830130282073121,0.004251204209019046
epoch1_on_contrast_rank_14,epoch1_on,on,14,160055790,1422626104.0618563,1,1,0.08849951155197605,-0.013258734322862585,0.10175824587483864,0.08849951155197605,0.020660680968750293,0.0020370066887971175,0.004111997068531941,0.0004688117153617363,0.11800314370134672,0.036040463389139216,0.0072726858640186865,0.00026632244965217166,0.0008391221402216339
epoch1_on_contrast_rank_15,epoch1_on,on,15,159715446,1423591150.6373062,1,1,0.12332993777843625,0.00025471224938839604,0.12307522552904784,0.12332993777843625,0.04127978742573768,0.029604445836781002,0.01467604582682577,0.00885801760648481,0.1403487704067486,0.06480961233786596,0.028866650289243883,0.013053471586435153,0.002327279760041468
epoch1_on_contrast_rank_16,epoch1_on,on,16,160192813,1422237574.8769498,1,1,0.07716418637686505,-0.00011082958917620414,0.07727501596604125,0.07716418637686505,0.025647509066170877,0.013452521121260348,0.011363155957728978,0.007303665017960849,0.07989847045570928,0.0362141285235687,0.01925739863161506,0.012536522809770322,0.007453678267789754
epoch1_on_contrast_rank_17,epoch1_on,on,17,159885460,1423109075.3591213,1,1,0.12345672738138641,0.003373439857210593,0.12008328752417582,0.12345672738138641,0.043401202365269204,0.01769871785029158,0.013274215724714407,0.013414409147253625,0.10208528718742085,0.066907123836402,0.0286264525180339,0.023050606703988133,0.021043317990834687
epoch1_on_contrast_rank_18,epoch1_on,on,18,159532853,1424108893.7129917,1,1,0.1023517768239462,0.01319382591177122,0.08915795091217497,0.1023517768239462,0.04291314288249621,0.01948950487170233,0.005686913071692955,0.009333919689137079,0.12370589038264129,0.06953487746433873,0.033038205753779505,0.008362493813211145,0.008339964931179512
epoch1_on_contrast_rank_19,epoch1_on,on,19,159912821,1423031493.150089,1,1,0.10804522559623504,0.007506958797039196,0.10053826679919585,0.10804522559623504,0.04101971439677114,0.025273403080616624,0.018410768479401443,0.015411680249314193,0.14483040221189572,0.05198961326484362,0.03618352203412072,0.025341507609653483,0.01876070361787111
epoch1_on_contrast_rank_20,epoch1_on,on,20,159683407,1423681997.33133,1,1,0.11111419016270642,-0.014979806653238684,0.1260939968159451,0.11111419016270642,0.027051525618743022,0.00824922870045152,0.002156524794204247,-0.0004681039088938825,0.09621642147389475,0.023551645074661183,-0.0026922441566107885,-0.0017915954533548376,-0.009344657273021814
epoch1_off_reciprocal_rank_01,epoch1_off,off,1,160359147,1421765934.2513447,1,2,0.14032736342494667,0.0019944409062416235,0.13833292251870505,0.14032736342494667,0.04810541507914331,0.04547541416688968,0.026032639199693505,0.01792564235020691,0.09183880368410677,0.03600945819799055,0.03339062130563443,0.010272838371004005,0.0038896965058894534
epoch1_off_reciprocal_rank_02,epoch1_off,off,2,160066324,1422596234.8688464,1,2,0.5699704044077365,0.19298901082639108,0.3769813935813454,0.5699704044077365,0.31864947535350624,0.20017440746726015,0.11290291552297368,0.059929601563191104,0.06250794884241984,-0.010501914393258094,-0.01726736005109175,-0.023141940222803414,-0.011333946038725062
epoch1_off_reciprocal_rank_03,epoch1_off,off,3,160022213,1422721311.7601378,1,2,0.12500790121510966,0.023559130231205472,0.10144877098390419,0.12500790121510966,0.0573753872258402,0.031601381290122466,0.02268358072710215,0.014564843973707128,0.12603662794832324,0.0447319724086191,0.02238184062070815,0.021169318587947444,0.013628020061627192
epoch1_off_reciprocal_rank_04,epoch1_off,off,4,159759392,1423466541.6040788,1,2,0.13884686221362263,-0.011431485689603744,0.1502783479032264,0.13884686221362263,0.03866129694480505,0.029263783402382153,0.012266099851793727,0.0069861178837527385,0.1396200539132158,0.0429577949628637,0.035873790524645635,0.006532238066903709,-0.0019391941244497326
epoch1_off_reciprocal_rank_05,epoch1_off,off,5,159438030,1424377764.6536398,1,2,0.1255223383282138,-0.004596133592176067,0.13011847192038986,0.1255223383282138,0.03877669038128723,0.024258383324155818,0.014737769398516244,0.014519334163712242,0.08974270821436764,0.019454144973747294,0.003895591640823929,-0.01060641926611884,-0.0006995454768979944
epoch1_off_reciprocal_rank_06,epoch1_off,off,6,159465440,1424300043.5049398,1,2,0.1260967945823721,0.015096627035258176,0.11100016754711393,0.1260967945823721,0.05209668288429615,0.03573587501070933,0.00908984820503391,0.0012485504318772956,0.09006820906799698,0.03713375738816938,0.012756874552680694,-0.01854560773806834,-0.016456885041657637
epoch1_off_reciprocal_rank_07,epoch1_off,off,7,159416370,1424439181.6576834,1,2,1.5482581146007164,0.46899920412812324,1.0792589104725931,1.5482581146007164,0.8287521742856544,0.5111478700487405,0.29168094232402997,0.16594991482620988,0.06098176245738296,-0.07970180442757258,-0.07204455120219944,-0.04033606188055583,-0.014579330648088862
epoch1_off_reciprocal_rank_08,epoch1_off,off,8,160208774,1422192317.4068878,1,2,0.0970709819145511,0.0029094141070676698,0.09416156780748343,0.0970709819145511,0.034296603376228814,0.01917916551277064,0.01440750733519234,0.01145969612000879,0.07134779676694969,0.007292049357176471,0.005967665497176677,-0.0021715274591855346,-0.0028812672227627196
epoch1_off_reciprocal_rank_09,epoch1_off,off,9,159417424,1424436193.0370803,1,2,0.1426364925427023,-0.0019128915275672433,0.14454938407026954,0.1426364925427023,0.04627023649585594,0.03314384559578849,0.01825432308469305,0.007594465670477244,0.15586294462409797,0.054529576210500655,0.03499656644834012,0.008284166644551259,0.0012035175671078159
epoch1_off_reciprocal_rank_10,epoch1_off,off,10,159542222,1424082327.8814642,1,2,0.12202509890611107,-0.01808539329998677,0.14011049220609784,0.12202509890611107,0.028618104102045846,0.020389092965694695,0.01061645515813211,-0.0006121571312078036,0.06797393210620814,0.018922403264868475,0.014929064554289712,0.003261076801171865,-0.008540156020891441
epoch1_off_reciprocal_rank_11,epoch1_off,off,11,160264197,1422035165.300927,1,2,0.11695378849561049,-0.020714144074795278,0.13766793257040577,0.11695378849561049,0.025175166782006642,0.016700491103273464,0.01688402300899923,0.013988891631846646,0.10505071431746196,0.032151773246484404,0.02301922708618291,0.022425729196522227,0.01444633461846386
epoch1_off_reciprocal_rank_12,epoch1_off,off,12,160074500,1422573051.7928972,3,2,0.2408621154041123,0.08603934575068396,0.15482276965342834,0.2408621154041123,0.13764693563516006,0.07924746941805302,0.05033203805627666,0.024025743628484895,0.004335559158450908,0.052685623743439325,0.022455428173800848,0.013988049813997191,0.006006664156982377
epoch1_off_reciprocal_rank_13,epoch1_off,off,13,160382615,1421699390.6571205,1,2,0.11928269035631535,0.027008424716139744,0.0922742656401756,0.11928269035631535,0.057766513262864944,0.036173691696412026,0.024911435129762644,0.011437015519733362,0.10964756449154792,0.07156397364857028,0.03920238207750435,0.014151032124536582,0.006718100600900405
epoch1_off_reciprocal_rank_14,epoch1_off,off,14,159604201,1423906586.215092,1,2,0.10308104351667433,-0.02932822098161718,0.1324092644982915,0.10308104351667433,0.01480820051781332,0.00652585745073817,0.003173202811206117,0.0028363360248549623,0.09053983730126688,0.0003403513108173606,0.0023382268133685614,0.0024143331674251227,0.0032186767499724515
epoch1_off_reciprocal_rank_15,epoch1_off,off,15,159996173,1422795148.2691543,1,2,0.1219982072811773,-0.00834724299399468,0.13034545027517197,0.1219982072811773,0.03510124043106264,0.012870554727458622,0.021183113791792742,0.009983538254514155,0.09097122037971489,0.037003665737329626,0.0070197294564627215,0.008628691482047571,0.001769124226724825
epoch1_off_reciprocal_rank_16,epoch1_off,off,16,160193470,1422235711.9512038,1,2,0.0784648801480004,-0.0004705143886504469,0.07893539453665085,0.0784648801480004,0.025841283790233167,0.022474647054838127,0.014545591585447085,0.011004816988489943,0.07861416971662186,0.02605845484518666,0.02362398928646675,0.012734073554191384,0.004116432134465154
epoch1_off_reciprocal_rank_17,epoch1_off,off,17,160211164,1422185540.5537176,1,2,0.10677112690580948,-0.011705223820558098,0.11847635072636757,0.10677112690580948,0.027786893088231096,0.0162243050051007,0.009483139345463616,0.005663666365949446,0.06003770730085203,-0.0030067498076255424,-0.002832867174447612,0.000494654073268019,-0.007983902868545124
epoch1_off_reciprocal_rank_18,epoch1_off,off,18,159537826,1424094792.7544918,1,2,0.11933821796929056,-0.000451708285939309,0.11978992625522987,0.11933821796929056,0.03947826713247065,0.016506484914404772,0.02031416928547364,0.01125643232087707,0.11345372443667726,0.032987098562239574,0.015825545159300524,0.018121796099717497,0.00012505412973247074
epoch1_off_reciprocal_rank_19,epoch1_off,off,19,160045181,1422656185.9176226,1,2,0.10236947684424365,0.02166120722715284,0.08070826961709081,0.10236947684424365,0.048563963766183105,0.032000845319341456,0.018960250089390136,0.012544021240917407,0.09372423448098399,0.052762291051165984,0.02285306244002358,0.010428846185579774,0.0018950235486097054
epoch1_off_reciprocal_rank_20,epoch1_off,off,20,160396465,1421660118.9347749,1,2,0.11709381304147908,-0.007226282243856654,0.12432009528533573,0.11709381304147908,0.03421374951792192,0.03120352655974141,0.00931221409792048,0.011202333603786703,0.05104161601611486,0.005932740678362292,0.01799322551971037,-0.002794087631823792,0.007391841922390343
epoch2_on_contrast_rank_01,epoch2_on,on,1,159543371,1424079069.8880365,1,2,0.13918655445268174,0.021349570300950273,0.11783698415173147,0.13918655445268174,0.0606285650181941,0.03645530036863083,0.03026874878715064,0.01910502272695918,0.14093352871657264,0.04651904304359758,0.011143992642516573,0.0151885595906299,0.007884357876438807
epoch2_on_contrast_rank_02,epoch2_on,on,2,159416370,1424439181.6576834,3,2,1.4872763521433334,0.6190427919981735,0.86823356014516,1.4872763521433334,0.908453978713227,0.58319242125094,0.3320170042045858,0.18052924547429874,-0.06098176245738296,0.07197612589412894,0.06118332930164749,0.03348382087172663,0.014579330648088862
epoch2_on_contrast_rank_03,epoch2_on,on,3,160178146,1422279163.205588,1,2,0.09394766908119723,0.005801452776114744,0.08814621630508249,0.09394766908119723,0.03518352487780891,0.01935530018409596,0.011966431241910666,0.009384700592746932,0.08616850826400228,0.03422891446914786,0.015509841654611407,0.01149465997413398,0.0059353543788668965
epoch2_on_contrast_rank_04,epoch2_on,on,4,160238466,1422108125.6393871,1,2,0.10914710627578747,0.015935060857586468,0.093212045418201,0.10914710627578747,0.047005742663653476,0.03911139407037177,0.020758108321507443,0.015690499060584645,0.08725935200630526,0.04239136332173301,0.03954678752571699,0.01997988962638445,0.010617548571052479
epoch2_on_contrast_rank_05,epoch2_on,on,5,160043761,1422660212.3324769,1,2,0.1257958547491894,0.008204778813991388,0.117591075935198,0.1257958547491894,0.047401804125724055,0.04341308705792294,0.028660092286220646,0.01548999084431882,0.11412863809648205,0.05700585278188739,0.06254335779802123,0.030443857486905358,0.014065358322362689
epoch2_on_contrast_rank_06,epoch2_on,on,6,160379925,1421707018.1613162,1,2,0.117735737330124,-0.039823351729148984,0.157559089059273,0.117735737330124,0.01269634462394201,0.005881759647954052,-0.006017631045836474,0.0011609066207851643,0.06108018941558644,-0.01872430860502168,-0.012635233774827545,-0.01594449242824863,-0.011649721406171935
epoch2_on_contrast_rank_07,epoch2_on,on,7,159699856,1423635356.1355999,1,2,0.13510741788953942,0.0038217662286872713,0.13128565166085215,0.13510741788953942,0.04758365011563798,0.02639694354838227,0.014153219199624034,0.01219632275712505,0.09464085602432659,0.030133158647883344,0.0161494908137053,0.0028060787259079623,0.004455051588930771
epoch2_on_contrast_rank_08,epoch2_on,on,8,160139315,1422389268.6388302,1,2,0.0874264406739098,0.0034289533039477647,0.08399748736996203,0.0874264406739098,0.031428115760601776,0.021661153541342917,0.015202497295189984,0.00618444979560129,0.07392533481756582,0.012723546797951821,0.01737437776606194,0.012620345933350261,0.005474784704889293
epoch2_on_contrast_rank_09,epoch2_on,on,9,160171924,1422296805.7078576,1,2,0.08454815151381875,-0.022809090697523928,0.10735724221134268,0.08454815151381875,0.012976656706256966,0.010262699554551717,0.01022626290434018,0.007538511613395378,0.06714022511433582,0.000642274001374633,0.00016052116362455168,0.0030962620761616393,0.0036605536614614524
epoch2_on_contrast_rank_10,epoch2_on,on,10,160242817,1422095788.3640134,1,2,0.11416546167923819,0.014504774288380914,0.09966068739085727,0.11416546167923819,0.04772500341866667,0.031793168220418666,0.018438988946896256,0.018762736502824565,0.08411319631658914,0.04684867769455214,0.026766186227991113,0.012142204868362896,0.018605967074344587
epoch2_on_contrast_rank_11,epoch2_on,on,11,159892502,1423089107.7440486,1,2,0.12008052655001436,0.021570653566662115,0.09850987298335225,0.12008052655001436,0.054407277894446195,0.0432963550524347,0.03147179068499595,0.010790801572141058,0.07412780728772941,0.021430474149211065,0.01831582454096307,0.020596533556818536,0.003913895288393379
epoch2_on_contrast_rank_12,epoch2_on,on,12,159596791,1423927597.2954226,1,2,0.1281413951267495,-0.02669252754285671,0.15483392266960622,0.1281413951267495,0.024918780013678688,0.011255949022172015,0.01053259183201029,0.009706080506659293,0.1377318935142532,0.01788465852248807,-0.012195872220385508,-0.004112858256349676,0.0022579350392187827
epoch2_on_contrast_rank_13,epoch2_on,on,13,159843690,1423227514.3369102,1,2,0.1306015731305344,-0.0014498834021319032,0.13205145653266628,0.1306015731305344,0.04256726877542353,0.027083608628833838,0.008245978910679012,0.005093742000880462,0.1101671895769287,0.033726840978838206,0.02440471926675998,-0.0015685105435943331,-0.0034396282193984457
epoch2_on_contrast_rank_14,epoch2_on,on,14,159808147,1423328296.6349123,1,2,0.1197659028859032,0.007445311997769176,0.11232059088813404,0.1197659028859032,0.04488550896048052,0.016216203099785907,0.01656234227272891,0.010657981094442062,0.14077789875196997,0.05257538767747328,0.01331424698869269,0.017463982717612618,0.0006295646058831483
epoch2_on_contrast_rank_15,epoch2_on,on,15,159539312,1424090579.196412,1,2,0.13853654895590906,0.023563567751154188,0.11497298120475487,0.13853654895590906,0.06188789481940582,0.03524968786321962,0.021468784295823818,0.012858552705085888,0.13045179172850524,0.05662635459764351,0.029679247217372556,0.014753307539618319,0.0033681109338605884
epoch2_on_contrast_rank_16,epoch2_on,on,16,159816836,1423303658.9457092,1,2,0.11272121911050674,-0.03845326333967718,0.15117448245018392,0.11272121911050674,0.011938230810384127,0.0045968557768059125,-0.0031476683251900847,0.006462138858361504,0.12988392174850868,0.00948471622003174,-0.0030417708777794386,-0.0038695862506404988,0.00035899931666141544
epoch2_on_contrast_rank_17,epoch2_on,on,17,160113374,1422462824.4330082,1,2,0.07337950616157302,0.015013429184584186,0.058366076976988826,0.07337950616157302,0.034468788176913796,0.03186482406551877,0.014002713827025923,0.00879018302635653,0.05748745734834292,0.02738069346217598,0.02477536449279118,0.009813097836085066,0.004569736877064449
epoch2_on_contrast_rank_18,epoch2_on,on,18,160005716,1422768089.060032,1,2,0.1232418052541226,-0.006238869733133777,0.12948067498725638,0.1232418052541226,0.03692135526261835,0.034718051533781186,0.01916747130010127,0.012286986749958383,0.12208710744241755,0.027950792679244545,0.025507341807316182,0.002352968279132079,0.0009590596963156475
epoch2_on_contrast_rank_19,epoch2_on,on,19,159587282,1423954560.0974288,3,2,1.637058476742467,1.0206826694984463,0.6163758072440206,1.637058476742467,1.22614127191312,0.8149223726724584,0.4599230565791898,0.2457676131885332,-0.15994253491221877,0.049820745434146385,0.03671441278851317,0.012223994551128048,0.0026005371682083223
epoch2_on_contrast_rank_20,epoch2_on,on,20,159608692,1423893851.9692397,1,2,0.1178716568432334,-0.0004598146362996755,0.11833147147953307,0.1178716568432334,0.038984009190211354,0.01736312952839373,0.01619137971313797,0.009063569205617418,0.11549911380888922,0.03735067850815195,0.01930277691093452,0.012027363442988576,0.00570257221001581
epoch2_off_reciprocal_rank_01,epoch2_off,off,1,159701508,1423630671.8839526,1,2,0.1405770977030015,-0.008498230910336066,0.14907532861333755,0.1405770977030015,0.04119354529410979,0.030082360539993837,0.01681297709466005,0.009403667253538561,0.10031847952183848,0.02084374791527373,0.020658346466299573,0.0004750485880081236,0.004749598090722369
epoch2_off_reciprocal_rank_02,epoch2_off,off,2,159489744,1424231129.4298577,1,2,0.13901862309687854,-0.02422540539977706,0.1632440284966556,0.13901862309687854,0.030189270765774805,0.03675909345259863,0.023343353821512994,0.013521225848715865,0.14176780787928964,0.03166903025927836,0.018295949044659247,0.005822771553799209,-0.0010150731279451423
epoch2_off_reciprocal_rank_03,epoch2_off,off,3,159695419,1423647937.2642674,1,2,0.12650047519275526,-0.03076767834363976,0.157268153536395,0.12650047519275526,0.021655039501825245,0.005365256858779033,0.005005553957809589,0.009562878067579215,0.084512844369515,0.014379757158591893,-0.012713870537665022,-0.010149572658953634,0.0005456173950186913
epoch2_off_reciprocal_rank_04,epoch2_off,off,4,160305103,1421919176.1980915,1,2,0.11828142912914695,0.02442623862168944,0.09385519050745751,0.11828142912914695,0.05571130212417528,0.029809251749755017,0.02261612326409601,0.007117201881166466,0.13354973918865737,0.05566773079819054,0.03269643889551253,0.022285626818799913,0.009039187908628305
epoch2_off_reciprocal_rank_05,epoch2_off,off,5,159550842,1424057885.8419971,1,2,0.12064500707503319,-0.01808294801786279,0.13872795509289598,0.12064500707503319,0.028159703679769204,0.00924273284890063,0.0028370756838167655,0.010592974290438957,0.11904888618682127,0.020960230244663244,-0.002300265214531076,-0.008652574132586056,0.009619022574477058
epoch2_off_reciprocal_rank_06,epoch2_off,off,6,159798922,1423354454.1539474,1,2,0.11119166883403492,0.022621216306705005,0.08857045252732991,0.11119166883403492,0.05214470048248165,0.03615695278004409,0.02337049743517457,0.01727070830658693,0.09213426336568845,0.044531755805206984,0.025499409325317492,0.017447641549976637,0.01327055492679587
epoch2_off_reciprocal_rank_07,epoch2_off,off,7,159761927,1423459353.6029131,1,2,0.1175688076757415,-0.0078004541204457975,0.1253692617961873,0.1175688076757415,0.033989299811616636,0.021215994454639314,0.012483906672422362,0.006410468603475905,0.0779493323350293,0.014765680791034626,0.003582942269077828,0.000583559221915067,-0.00619535082610362
epoch2_off_reciprocal_rank_08,epoch2_off,off,8,159603663,1423908111.7159312,1,2,0.1211763499181095,-0.011778706944881409,0.13295505686299092,0.1211763499181095,0.032539645342782225,0.015518072958434822,0.01723578623997836,0.0010178591818713284,0.05258803379893151,0.005685247528075504,0.002918441573647519,0.00217624514959993,-0.021974273062056023
epoch2_off_reciprocal_rank_09,epoch2_off,off,9,160150114,1422358648.037414,1,2,0.07174239235425672,0.006062466074727482,0.06567992627952925,0.07174239235425672,0.027955774834570565,0.020036082395636867,0.012598369504644491,0.008322006182233466,0.041000429955707074,0.015700794375865943,0.008744803339401747,0.007372134068662273,0.00466262297092823
epoch2_off_reciprocal_rank_10,epoch2_off,off,10,160246678,1422084840.4853148,1,2,0.11538977623272537,-0.009188816808565058,0.12457859304129043,0.11538977623272537,0.03233738087186508,0.0302219650888911,0.01688039859760079,0.014582242329114993,0.09364834754023882,0.02115579437654571,0.02587514772295371,0.004453071933583198,-0.0003513041245856857
epoch2_off_reciprocal_rank_11,epoch2_off,off,11,160194086,1422233965.281098,1,2,0.07967287211960672,0.007525390591160506,0.07214748152844622,0.07967287211960672,0.03157455110064258,0.01761476773145374,0.01639582185707515,0.016227323393854708,0.07065595501327054,0.02388260376757575,0.010736434035299865,0.013834547947888458,0.01315539231401677
epoch2_off_reciprocal_rank_12,epoch2_off,off,12,160047187,1422650497.8977652,1,2,0.11002462990717851,0.03254538006444485,0.07747924984273366,0.11002462990717851,0.05837179667868941,0.044513728088030016,0.029644051562737084,0.018657504137608125,0.11372541470885125,0.052180538862508466,0.04708431580438315,0.03034142506162672,0.01804122173871252
epoch2_off_reciprocal_rank_13,epoch2_off,off,13,159505380,1424186793.498407,1,2,0.10942030488774776,0.0263644747698482,0.08305583011789956,0.10942030488774776,0.05404975147581472,0.023178708973918143,0.016264269045627965,0.012431755290686014,0.06216240246543663,0.028845206224930718,0.011701059241827782,0.00468758360701918,0.001372448707590207
epoch2_off_reciprocal_rank_14,epoch2_off,off,14,160192552,1422238314.943342,1,2,0.08452012759947414,0.005087085603561144,0.079433041995913,0.08452012759947414,0.03156476626886547,0.02837392340649341,0.01971127032986601,0.013913393153202468,0.09010057762225011,0.009430586326453102,0.015736341145792636,0.008176133333595433,0.004209113558363594
epoch2_off_reciprocal_rank_15,epoch2_off,off,15,160084407,1422544960.4605305,1,2,0.09520891715724544,0.03569960524716473,0.059509311910080714,0.09520891715724544,0.05553604255052497,0.035631705468105915,0.020777175534077336,0.016029213081871458,0.09594377725524565,0.04276949753997792,0.023503469063644877,0.016873139320612074,0.012194538234467103
epoch2_off_reciprocal_rank_16,epoch2_off,off,16,160317841,1421883057.5555475,1,2,0.11352716961180265,0.01193515167064732,0.10159201794115533,0.11352716961180265,0.04579915765103243,0.009754164554724023,0.005902543197615474,0.004452016685520384,0.09788215625953217,0.02983692494606492,-0.012602428491471168,-0.011799339665902369,-0.012077369726985143
epoch2_off_reciprocal_rank_17,epoch2_off,off,17,160347622,1421798613.4282424,1,2,0.10721037716367277,0.002950056697263545,0.10426032046640922,0.10721037716367277,0.03770349685273328,0.030759997895498947,0.030676393384942213,0.02247575619546668,0.08297945076718453,0.018324873736909084,0.019740949670172106,0.024874415139531536,0.01528662005428063
epoch2_off_reciprocal_rank_18,epoch2_off,off,18,160207476,1422195997.890325,1,2,0.08768139268303775,0.014335860080751089,0.07334553260228666,0.08768139268303775,0.03878437094817997,0.017812820960825017,0.014080203768346126,0.009445686036546844,0.06658949775109588,0.018802485174212145,0.019628427494327153,0.00694499465251953,0.0038737946950819545
epoch2_off_reciprocal_rank_19,epoch2_off,off,19,159970031,1422869273.9995193,1,2,0.11165997599088456,-0.005037962900213352,0.11669793889109792,0.11165997599088456,0.03386135006348596,0.011143404071061534,0.004581484704496732,0.007300265250914655,0.06685250609548231,0.014365364948621853,0.005796285040739699,-0.0067514957985306025,0.0036518095684179176
epoch2_off_reciprocal_rank_20,epoch2_off,off,20,159845494,1423222399.0887432,1,2,0.12176383970053813,-0.02354138535139311,0.14530522505193125,0.12176383970053813,0.024893689665917304,0.02788990185388719,0.01563087102274372,0.01381371811401925,0.08778560518572807,0.0026227515352734675,0.013786434715392945,0.008160314765235089,0.0075233750802834445
epoch3_on_contrast_rank_01,epoch3_on,on,1,159552005,1424054588.1515214,1,2,0.1435392668325981,-0.028013539317118547,0.17155280614971666,0.1435392668325981,0.029170729399453667,0.01381465020144854,0.017556874309946256,0.015650513997409667,0.10435917064895733,0.010921463187864182,0.006648106751252197,0.008008556690931722,0.015336076090287875
epoch3_on_contrast_rank_02,epoch3_on,on,2,159416371,1424439178.8221798,1,2,1.3708058493515456,0.6434863751961766,0.727319474155369,1.3708058493515456,0.8859261999146328,0.5683623275216251,0.32435027175603653,0.17950797065033064,0.12526534269965417,0.007389857531119204,0.0012511117959581597,0.009410585039984265,0.012387921043845562
epoch3_on_contrast_rank_03,epoch3_on,on,3,159835573,1423250530.1181579,1,2,0.14876151065116117,0.002955297683186895,0.14580621296797427,0.14876151065116117,0.05155736867251165,0.04502127230449357,0.0410219887879064,0.02208996351308054,0.13426023435624201,0.05208238562059576,0.046223245373043474,0.038418703405698994,0.016551179119143333
epoch3_on_contrast_rank_04,epoch3_on,on,4,159495820,1424213900.9110873,1,2,0.13746515640431645,0.008442441365851986,0.12902271503846446,0.13746515640431645,0.05145001304534014,0.02774911185715153,0.023730232042281918,0.014786476188250757,0.136042025924214,0.04070376259249774,0.013417012212689221,0.0216850250189256,0.006456086768097781
epoch3_on_contrast_rank_05,epoch3_on,on,5,159524932,1424131353.7355692,1,2,0.12738758150080776,0.02215965123251607,0.10522793026829169,0.12738758150080776,0.05723562798861329,0.052992138830746646,0.021228880758481068,0.0139756030898739,0.07410890798104774,0.00703603652022651,0.022896909268273754,0.00789743671089627,0.0002809599180988529
epoch3_on_contrast_rank_06,epoch3_on,on,6,160356118,1421774522.9911993,1,2,0.1299563790471405,-0.01378532430391555,0.14374170335105604,0.1299563790471405,0.034128576813103134,0.01421435906707253,0.00641905191733322,0.0002212416590349972,0.11526921197298848,0.004617078767083099,-0.005852996271286827,-0.00782628324929127,-0.009114078503243266
epoch3_on_contrast_rank_07,epoch3_on,on,7,160263020,1422038502.6884503,1,2,0.1365791603032988,0.008922838693450893,0.1276563216098479,0.1365791603032988,0.051474945896733536,0.035512274996213664,0.021267884012719913,0.01000302388745022,0.15513646532640768,0.06892995249574214,0.050918048012521894,0.028948403846445196,0.005182717535185128
epoch3_on_contrast_rank_08,epoch3_on,on,8,159539141,1424091064.0674965,1,2,0.11494689191769779,-0.0006152152574833113,0.1155621071751811,0.11494689191769779,0.03790548713424372,0.03066657565855401,0.01674311890252886,0.0016701035283210324,0.1206889172227648,0.02444810664119499,0.019082573956990992,-0.003931349129745087,-0.006949987113267771
epoch3_on_contrast_rank_09,epoch3_on,on,9,160069849,1422586239.7192965,1,2,0.11048814823373057,-0.009095006192845714,0.11958315442657629,0.11048814823373057,0.030766045282679715,0.022813846960513716,0.016256592639462577,0.012818717319722487,0.08905147231053116,0.010152595243400404,0.0037740262130860347,0.005055806500340293,0.0039443070532865065
epoch3_on_contrast_rank_10,epoch3_on,on,10,159468401,1424291647.5793178,1,2,0.12969856214252584,-0.007905008045407533,0.13760357018793337,0.12969856214252584,0.037962848683903594,0.028428252471797373,0.021212252057519348,0.010426327602709215,0.10773131332437186,0.019963379907409564,0.020707877482537967,0.008016841057682763,-0.00017268780292209636
epoch3_on_contrast_rank_11,epoch3_on,on,11,159443037,1424363567.2880235,1,2,0.12179161363731393,0.03174154665747775,0.09005006697983618,0.12179161363731393,0.06175823565075647,0.03605894695498065,0.019024945005774382,0.009950082627986778,0.13214721458133635,0.04787907278920369,0.03120274928678382,0.006967533056060966,-0.0020076749435405453
epoch3_on_contrast_rank_12,epoch3_on,on,12,159437031,1424380597.3215547,1,2,0.1262940433381658,0.026521876568457982,0.09977216676970782,0.1262940433381658,0.05977926549169391,0.05442360375182096,0.038657565006676824,0.026400534496107346,0.10741062544252236,0.041791505031713,0.03621496911774486,0.033776825775478206,0.02397350416085998
epoch3_on_contrast_rank_13,epoch3_on,on,13,159825949,1423277819.003057,1,2,0.13809704205745893,0.025339251657369926,0.112757790400089,0.13809704205745893,0.06292518179073292,0.04393588542320588,0.030192367256579533,0.016826186416265695,0.15146042202020243,0.04949681401916066,0.02700279692651922,0.019640557564768228,0.01216705074255778
epoch3_on_contrast_rank_14,epoch3_on,on,14,159659469,1423749873.612161,1,2,0.10826332463821012,0.004143728362791879,0.10411959627541824,0.10826332463821012,0.03885026045459796,0.015881699373395612,0.002303334696305845,-0.0030270850232581013,0.10319977836513976,0.024124519906298318,0.010920741368157806,-0.0069053701417921935,-0.013073094234030625
epoch3_on_contrast_rank_15,epoch3_on,on,15,159409901,1424457524.5292974,1,2,0.11961725254365779,0.01618342044417741,0.10343383209948039,0.11961725254365779,0.050661364477337545,0.030488682718935296,0.015076631386602281,0.015114810626574248,0.07053930645022587,0.022029975060080392,0.01694343270102827,0.007835328086828375,0.014030292425276591
epoch3_on_contrast_rank_16,epoch3_on,on,16,159525510,1424129714.8145933,1,2,0.11650809767245586,-0.005777895944231656,0.12228599361668752,0.11650809767245586,0.034984101927997516,0.03788629597815588,0.02049366076644714,0.012292243132539378,0.09839626779869817,0.03558726454398571,0.027676348926731747,0.0134593771414429,0.008169658522415649
epoch3_on_contrast_rank_17,epoch3_on,on,17,160148152,1422364211.2951212,1,2,0.06573830645978948,0.0071022813966639484,0.058636025063125534,0.06573830645978948,0.02664762308437246,0.018682019952576998,0.015222061368076011,0.013365032171373737,0.07208412359409447,0.03331636618064478,0.020371052769245373,0.014561336661619764,0.010185759925761526
epoch3_on_contrast_rank_18,epoch3_on,on,18,159904790,1423054265.0780427,1,2,0.1150083381197777,0.010289015889091008,0.1047193222306867,0.1150083381197777,0.04519545663265324,0.04151593203884009,0.02723305470983834,0.01239313131619379,0.10227741337339391,0.03648501070556631,0.03604602852562773,0.021213778648362613,0.002921531352846474
epoch3_on_contrast_rank_19,epoch3_on,on,19,159415668,1424441172.1810832,1,2,0.12136097512164087,0.02030788731298101,0.10105308780865986,0.12136097512164087,0.05399224991586763,0.01794629158495951,0.008922197620336612,0.01398080361978618,0.1434037740004589,0.04725088675100998,0.00026760941153154347,-0.0018325747824427408,0.006476825405484974
epoch3_on_contrast_rank_20,epoch3_on,on,20,159916860,1423020040.551782,1,2,0.14314998287136327,0.01498388552568021,0.12816609734568307,0.14314998287136327,0.05770591797424122,0.04956762703601456,0.016765445279456732,0.014508658901634715,0.10747900426696602,0.0352910758152238,0.04426105070502725,0.015646707791633022,0.0028326794750354965
epoch3_off_reciprocal_rank_01,epoch3_off,off,1,160074500,1422573051.7928972,1,1,0.20840028011967754,0.060396543687945496,0.14800373643173204,0.20840028011967754,0.10973112249852283,0.056848870814125305,0.03253623376768183,0.020232035588743313,0.09454683302719488,0.01574267958131681,-0.0016137668686700551,0.0016037290235099318,-0.005081705702707412
epoch3_off_reciprocal_rank_02,epoch3_off,off,2,159794269,1423367647.7513535,1,1,0.1381280302597478,0.011130228555262495,0.1269978017044853,0.1381280302597478,0.05346282912342426,0.04054911899631041,0.030965224176664863,0.020487159023714605,0.20040929281954045,0.07562620949077452,0.05454475859396542,0.04422754017172673,0.032051626509707554
epoch3_off_reciprocal_rank_03,epoch3_off,off,3,159587660,1423953488.2771366,1,1,0.2342773302162274,0.13381292328556488,0.10046440693066253,0.2342773302162274,0.16730105892911906,0.1167649037001615,0.06601875782825967,0.035264009298598506,0.07448259923631212,0.030928574393064373,-0.0036898994967025367,-0.0020007796299587183,-0.006058243815984916
epoch3_off_reciprocal_rank_04,epoch3_off,off,4,160195378,1422230301.8106813,1,1,0.08450676944307156,-0.015132656228325728,0.09963942567139729,0.08450676944307156,0.018080485662140034,0.0053251893285223935,0.003776294239578173,0.006804986506979599,0.04997115216346841,0.020919275467077832,-0.004430564807085715,-0.005537994866914486,0.002086174384910525
epoch3_off_reciprocal_rank_05,epoch3_off,off,5,159422780,1424421006.080771,1,1,0.1344210615511032,0.016221383063020924,0.11819967848808227,0.1344210615511032,0.05562127589238169,0.036481222619485366,0.013033729929322503,0.006562819233077331,0.12364458646523166,0.054419044632697325,0.03291703888946314,0.0042347590596130795,0.002502196582577585
epoch3_off_reciprocal_rank_06,epoch3_off,off,6,159883546,1423114502.5126643,1,1,0.11216575079085211,-0.008317419354696362,0.12048317014554848,0.11216575079085211,0.03184363736048646,0.043651538617492686,0.030378543225480503,0.019993217406436566,0.0768728352370166,0.013097615417485619,0.04390437370832204,0.028393327820945186,0.02322024568585745
epoch3_off_reciprocal_rank_07,epoch3_off,off,7,160137522,1422394352.6964593,1,1,0.07150486694210778,0.03200083611872009,0.039504030823387694,0.07150486694210778,0.04516884639318266,0.03137450680655337,0.01749028372053945,0.007516939848925362,0.0716146460284355,0.030780715362399333,0.02025214420758207,0.014173603555168087,0.006395675186008085
epoch3_off_reciprocal_rank_08,epoch3_off,off,8,159931710,1422977933.3260179,1,1,0.11658130430525199,-0.014467769689581127,0.13104907399483312,0.11658130430525199,0.02921525497536324,0.019194064080515973,0.019363467309072804,0.007111073109475395,0.14644783318139667,0.03875074694821948,0.025226233960144756,0.028591604073705278,0.01036083814419337
epoch3_off_reciprocal_rank_09,epoch3_off,off,9,160137593,1422394151.3757167,1,1,0.06814098656738743,-0.0010911276743350677,0.0692321142417225,0.06814098656738743,0.02198624373957243,0.014820768386839397,0.017647817362606153,0.008385750012807423,0.057514130896408645,0.006487939304988668,-0.001710740733554308,0.014786446356267895,0.008674758531230745
epoch3_off_reciprocal_rank_10,epoch3_off,off,10,159738758,1423525049.3816152,1,1,0.13342369864801742,0.018738415943849795,0.11468528270416763,0.13342369864801742,0.05696684351190567,0.04989879617971208,0.029636115650013912,0.010939190625167381,0.10156045842969247,0.019248018346843643,0.031839111671964085,0.019907867912626158,0.0024108056807478784
epoch3_off_reciprocal_rank_11,epoch3_off,off,11,159934848,1422969035.516291,1,1,0.11175621623510455,-0.032070353445763776,0.14382656968086832,0.11175621623510455,0.015871836447859,0.02019355934687968,0.006083469289004415,0.006449903986534736,0.10834699825876268,0.019413159730953835,0.01536703958284758,0.006996904886796217,0.008035159190421824
epoch3_off_reciprocal_rank_12,epoch3_off,off,12,160424635,1421580242.8034773,1,1,0.11903300384626915,-0.01089136181260962,0.12992436565887877,0.11903300384626915,0.032416760073683305,0.012029504577326187,0.009042274099287451,0.006870764060352907,0.10883125259619308,0.027922209269946974,0.004782903596175212,0.0006451000229249597,-0.003350440079097694
epoch3_off_reciprocal_rank_13,epoch3_off,off,13,160021294,1422723917.5877793,1,1,0.11618022919965232,0.002113020880106696,0.11406720831954562,0.11618022919965232,0.04013542365328857,0.025758321028255336,0.019338650467663455,0.008047002847788459,0.11993325451957859,0.043418427039618,0.02852564171915069,0.021831459685056072,0.0051384238798485304
epoch3_off_reciprocal_rank_14,epoch3_off,off,14,160118703,1422447714.0352912,1,1,0.07025914490888752,0.009326202597373844,0.06093294231151367,0.07025914490888752,0.029637183367878402,0.019445845677124065,0.00656946126012483,0.000652440381686546,0.07351100652155333,0.03205049088447334,0.021780885322962032,0.009448447665175792,-0.002289788569429688
epoch3_off_reciprocal_rank_15,epoch3_off,off,15,159959430,1422899333.1712584,1,1,0.12066408254708201,0.025924706921249305,0.0947393756258327,0.12066408254708201,0.05750449879652688,0.03720103105330392,0.017654693755627053,0.012501734055334066,0.14513987992664062,0.06594839072916465,0.034937011663337084,0.018152898863279456,0.009037936558986739
epoch3_off_reciprocal_rank_16,epoch3_off,off,16,159634872,1423819618.4897447,1,1,0.1063374785047727,0.0013098772279816345,0.10502760127679106,0.1063374785047727,0.036319077653578655,0.013519298687217629,0.008938468780064539,0.0028545856453955736,0.05883247647917558,-0.003103472515842129,-0.019399384174824154,-0.012518986349547217,-0.010480362177739481
epoch3_off_reciprocal_rank_17,epoch3_off,off,17,159814655,1423309843.178665,1,1,0.12509751358974608,0.0244196645249157,0.10067784906483038,0.12509751358974608,0.05797894754652583,0.034612388695436286,0.019233921269198442,0.009825473938926,0.1400488189245467,0.051668335680096676,0.03932667979896138,0.03059509631956038,0.009296699571410378
epoch3_off_reciprocal_rank_18,epoch3_off,off,18,159393624,1424503678.0184395,1,1,0.1110071908493826,0.013297911970249994,0.09770927887913261,0.1110071908493826,0.045867671596627524,0.0237557965271643,0.016974993539064512,0.00952338256455196,0.10458002143445666,0.04269606107840529,0.02063564628423223,0.012698115133125822,0.009031920861536974
epoch3_off_reciprocal_rank_19,epoch3_off,off,19,159993148,1422803725.666995,1,1,0.12388631305920053,0.008743869199871145,0.11514244385932938,0.12388631305920053,0.04712468381964761,0.03419093470137684,0.01523091037434303,0.013123956975556163,0.12232399815735223,0.016132965011076035,0.012529979884041205,0.00201739418950638,0.0020497261299138054
epoch3_off_reciprocal_rank_20,epoch3_off,off,20,159472741,1424279341.4944818,1,1,0.11781813442545963,0.00970702118469998,0.10811111324075964,0.11781813442545963,0.04574405893161987,0.03220612979948138,0.0242898947842837,0.016820855425954892,0.12643227649487046,0.027714699815329365,0.03164641511535686,0.017232178454398048,0.009274810659417793
