sample_midpoint_s,bin_00,bin_01,bin_02,bin_03,bin_04,bin_05,bin_06,bin_07,bin_08,bin_09,bin_10,bin_11,bin_12,bin_13,bin_14,bin_15,bin_16,bin_17,bin_18,bin_19,bin_20,bin_21,bin_22,bin_23,bin_24,bin_25,bin_26,bin_27,bin_28,bin_29,bin_30,bin_31,bin_32,bin_33,bin_34,bin_35,bin_36,bin_37,bin_38,bin_39,bin_40,bin_41,bin_42,bin_43,bin_44,bin_45,bin_46,bin_47,bin_48,bin_49,bin_50,bin_51,bin_52,bin_53,bin_54,bin_55,bin_56,bin_57,bin_58,bin_59,bin_60,bin_61,bin_62,bin_63
0.5368709119999999,-0.1831470896223826,-0.10577549115155957,-0.12929852589461785,-0.1873883771601998,-0.11726183680938058,-0.1588398727056171,-0.08945937164077934,-0.10309833124379761,-0.16047869044372678,-0.10676718688669748,-0.1592223512832009,-0.20383315068569832,-0.1266043458266982,-0.17180878757166543,-0.17114664994213463,-0.20175090029702655,-0.13785219017154304,-0.14015581893701373,-0.1238123702725196,-0.2372739554526301,-0.15311158174050174,-0.20673802964821725,-0.23059520301155448,-0.20738777705784223,-0.14852878169040196,-0.16501021241440736,-0.1844232170884165,-0.1980651307302261,-0.2279249782856953,-0.2749170304118057,-0.21589655789180792,-0.2202752236210342,-0.1615835473099391,-0.190153226223109,-0.16876005384464016,-0.23630494560971524,-0.257980913418578,-0.16661373447693353,-0.18920710840237526,-0.23667153351042153,-0.18500628956826404,-0.17245380063000734,-0.2132598145648704,-0.24177926917244413,-0.18900761079774903,-0.26261432305909693,-0.1847983026319915,-0.15800109716864036,-0.19688056419389405,-0.20734822651970067,-0.24169348219792092,-0.17967326136671805,-0.22434503969270736,-0.2061837028096696,-0.19911733164917678,-0.19956032396294177,-0.18933431372196147,-0.23040271659348427,-0.26857655086288496,-0.21648551305822497,-0.1925678543484537,-0.19086560056478316,-0.2674115435220301,-0.22569826594553888
1.6106127359999998,-0.18919334008491465,-0.2195437185499551,-0.19787317797038537,-0.22043588933385244,-0.1865691119258242,-0.22867569946018712,-0.1780578763032931,-0.1631043834994281,-0.2154127003533566,-0.18250172770681924,-0.22409312602914205,-0.15374377650108986,-0.17671943941552723,-0.20890156267809548,-0.19407491765949608,-0.21070757105813495,-0.20005298975593178,-0.26313940870542346,-0.20740054574811698,-0.19720330249089915,-0.22353305393231235,-0.14489368074074654,-0.2328461575203359,-0.17660302111263654,-0.24184769109706394,-0.1960186198879715,-0.17676416924639074,-0.227768181582048,-0.2260936553772938,-0.31630655534848173,-0.2142692765836338,-0.23783230818142848,-0.21819112153441114,-0.25896380838405875,-0.24873364719886532,-0.24627501454129483,-0.21842715193633921,-0.19214024316586023,-0.24700021901142982,-0.28592656187746407,-0.2688570458558388,-0.25588924665394835,-0.22515080708711008,-0.26763391633202055,-0.19065809321390198,-0.2491464300546795,-0.27142723141254727,-0.2317515632769625,-0.28263056288259186,-0.27994407615291755,-0.31289093235890114,-0.25791699381911065,-0.26533165213186294,-0.24562923715815746,-0.27933911874424666,-0.22159218252636492,-0.3028262512400813,-0.2854142274424833,-0.30258648433456464,-0.26184674879602554,-0.3223169140255777,-0.28288830266267595,-0.2952760891057551,-0.2968463187571615
2.6843545599999996,-0.29280564381874036,-0.25515782162879724,-0.248581680501437,-0.20496054169572225,-0.24457982419179253,-0.2610042753097202,-0.28096560843239005,-0.23442441061238892,-0.2237020971162045,-0.1835314128464753,-0.2287532406751,-0.23476746958580666,-0.25362670162160483,-0.16691046296286263,-0.23194830499622704,-0.30991313949094285,-0.23822699311858742,-0.28817261445302783,-0.24202732768857718,-0.26373087774533943,-0.2686207043505939,-0.3150486844076243,-0.3041424470835149,-0.3546654451763191,-0.2738607050559949,-0.31382730459465946,-0.2853575586382898,-0.2950884092050338,-0.2999861593541157,-0.21344483800515132,-0.29400015982433353,-0.281207204230928,-0.2921730771818797,-0.3052411526108959,-0.3060483113243078,-0.28398812498822473,-0.2729748790443409,-0.31024875413692954,-0.30674635031235603,-0.32382748656008126,-0.32792539783986285,-0.3121342011207681,-0.3544785513326393,-0.3225341751115463,-0.32977378439889954,-0.35746486322022974,-0.2876465493256027,-0.33751276346655296,-0.3597401977588431,-0.3422584374867646,-0.343240306176345,-0.351173050127857,-0.3460105621488765,-0.295023785097458,-0.35562752082478255,-0.3134760952088982,-0.3224747435763545,-0.3618540253207487,-0.347146559140778,-0.3456060268550313,-0.35575348061684053,-0.35572920189172563,-0.3677849010564387,-0.3069960956927389
3.7580963839999995,-0.19644852175510355,-0.20276435539459012,-0.22925353332850915,-0.22381071922219625,-0.23702882466958336,-0.23995021604267613,-0.23513464339027582,-0.2692638619254077,-0.23327208477089048,-0.17763614094915933,-0.2298777568045937,-0.19636236411419564,-0.22253519037206257,-0.3134965234868495,-0.2537822612378347,-0.2746543098972844,-0.22702647570258705,-0.18788864898462115,-0.24569985297525168,-0.29244711409825996,-0.24631107324135623,-0.2646294432176676,-0.23574096140198111,-0.2773968447124519,-0.20670737043838017,-0.2704391465116974,-0.35120811453504885,-0.29067638399179224,-0.2522562499341023,-0.32328920968159636,-0.32837257894321475,-0.32285195625653224,-0.3102866009035746,-0.3055976479912975,-0.322679020495603,-0.2786037692047622,-0.260467827814864,-0.28330706726826194,-0.27640263893616585,-0.27388085059854866,-0.28451634832890704,-0.2703335829490762,-0.31058226365296704,-0.28993010659386137,-0.214101821899281,-0.2906259431038052,-0.3381315344387466,-0.3271299025675814,-0.3134634197761313,-0.3443314572297303,-0.33844964245716774,-0.3512910077198675,-0.3662095927866176,-0.41750578687892165,-0.2896263737929985,-0.3761935329530388,-0.3336531178668208,-0.316130110220651,-0.3526748303390507,-0.3175007679133809,-0.35145026368263643,-0.31825403318673906,-0.319649709854275,-0.3606065397616476
4.831838207999999,-0.179039316318397,-0.19953981861804745,-0.2721371678957699,-0.2792942094508492,-0.20818996666119866,-0.22660114489761846,-0.22678415186653314,-0.20047297909955628,-0.22270190137455106,-0.17016069031420297,-0.22881578084863058,-0.20671014767971688,-0.2401977900548705,-0.20541410981344857,-0.22574964545700432,-0.19689975276456348,-0.2841903847802314,-0.20420014548082172,-0.22384594407880545,-0.2080182970644923,-0.2481502043582233,-0.19387226276532082,-0.20884959575466513,-0.28836368211861035,-0.21574738339404576,-0.29214170431389774,-0.23436097195787756,-0.2876307356553817,-0.2219920064505589,-0.26985027797802885,-0.2748177758102039,-0.29215797818531947,-0.27796815784365336,-0.2302376329566219,-0.30039129409332027,-0.2869721421219375,-0.2707708482921589,-0.29133342873371604,-0.26642511942398933,-0.275186520144676,-0.2869134981301613,-0.27332740504685454,-0.2994465960904823,-0.23611548681427458,-0.3221767551897626,-0.31030206219293177,-0.2791204625183517,-0.29235208245726035,-0.2624202967693106,-0.20262305340397038,-0.2587082538978263,-0.2846420178040197,-0.22172003623563796,-0.32211725519404616,-0.30225475027691573,-0.28365756035782397,-0.32807790801078746,-0.27544695992920815,-0.2814604822612767,-0.2756894507079518,-0.31927716654899996,-0.27598334298402605,-0.32465277472510934,-0.24921895912848413
5.905580032,-0.2625754494885249,-0.26752885505889673,-0.2013445971855877,-0.2623252439204537,-0.23742211101697258,-0.2407929214116718,-0.21231807477722345,-0.2781730277846301,-0.21428168731758238,-0.248092362648874,-0.21816620406545034,-0.24950534385529213,-0.3360997859521636,-0.29869555770086925,-0.25980379067394616,-0.22278017893300525,-0.24985581461078255,-0.25637061583776294,-0.26148271587693933,-0.2576414288165064,-0.26457328074944336,-0.24192893974915414,-0.2615391331606328,-0.3159465957557716,-0.30871189848403446,-0.2915800795485016,-0.26216393104238833,-0.30401500942285303,-0.21886605575647472,-0.2624009788809677,-0.2509803733472446,-0.24476926065316157,-0.2603426471510569,-0.2556874304677227,-0.2914261296703314,-0.23282612051739957,-0.2447706167877186,-0.26909505497730735,-0.29602663376343635,-0.28011251620981575,-0.25953186937840655,-0.27112701017800384,-0.2715397312089668,-0.25276477773357847,-0.24459949207292603,-0.21771251992322505,-0.2294321977907592,-0.28489589902372764,-0.26754888902204194,-0.18234728178608098,-0.180810690321128,-0.22328724654757284,-0.24609581765253097,-0.21462915943370067,-0.2825159867061302,-0.20647289813496172,-0.31676098272354075,-0.2317899997994703,-0.22612195052871747,-0.26496293922952774,-0.2232278428709833,-0.1781534795549565,-0.24011187115684152,-0.2794024234171957
6.9793218559999985,-0.25954151346481275,-0.2336092226240518,-0.18760930284354668,-0.18702039298451772,-0.2147133523051577,-0.23384671531883733,-0.16671077616462884,-0.22075000241498596,-0.27329335528442505,-0.19579480028811044,-0.28395725962556234,-0.22043553274956398,-0.2715188387914428,-0.20394162176775613,-0.2002551742646444,-0.26749737158284653,-0.14493246201163856,-0.19952161299962817,-0.17380189922654868,-0.234594011414239,-0.2169771986581119,-0.16658193342820077,-0.213524924486202,-0.20514826664085767,-0.1761439563415479,-0.2692887768675324,-0.21069166949434606,-0.22471673669393308,-0.24095610335435985,-0.24721782811268764,-0.2236921748761753,-0.23494038022389369,-0.22212176473528547,-0.17712624367725635,-0.22298377010364284,-0.1503844627357986,-0.24237310935859568,-0.20997723113811975,-0.20518675603878883,-0.2344852500412214,-0.15197770186932757,-0.2491913535112482,-0.19990384418217996,-0.2222974910276077,-0.2121411867140393,-0.22573555842973292,-0.1659522676283294,-0.20273478540392326,-0.2568680943061606,-0.17992308637725987,-0.18103845456997597,-0.16401695402704977,-0.2075847351225093,-0.2130639563630601,-0.18720351054798812,-0.2311909592244774,-0.22061238750965068,-0.15702415366623818,-0.21052433886299177,-0.21436054786733752,-0.24645981115463655,-0.158950889566248,-0.15542171755805612,-0.17002773634158075
8.05306368,-0.2967136819580836,-0.29462840482925196,-0.25112529381606563,-0.2403022366467797,-0.28029021857426933,-0.33306444309917943,-0.3333452165866869,-0.32354819610814695,-0.2834187837226117,-0.2118386570281083,-0.318581538170942,-0.25834042114105876,-0.2938028697057494,-0.2712294393651454,-0.30887271843883873,-0.2636592198895024,-0.2566307765591773,-0.24676112520475207,-0.2912451627572799,-0.27222272168416695,-0.25763497227204163,-0.2652503149999705,-0.28680810508064625,-0.2737003732597389,-0.2985973776958417,-0.28098559235825504,-0.31820168486280764,-0.262618182917192,-0.2501161600646031,-0.24519635148629146,-0.287039499605141,-0.2929412130199905,-0.33648057730585734,-0.29869307574283865,-0.2702331319763159,-0.22825293924584653,-0.2692452674091328,-0.25453942190922263,-0.25162160553944496,-0.22023483745787026,-0.2346190203097649,-0.31095000584069304,-0.23364496070592264,-0.3204115046994827,-0.29069328379617737,-0.261725319782272,-0.2717005783134872,-0.2864819786212008,-0.248948007922341,-0.2591687580071656,-0.2481898669377967,-0.282354451142185,-0.2553345524938777,-0.3220102946589967,-0.2774820168269798,-0.2834046280477196,-0.3159844236090846,-0.23640788455460487,-0.2815819565273289,-0.26219644924692276,-0.2530619196331827,-0.26384441004068193,-0.2563973353244364,-0.25458900979720056
9.126805503999998,-0.22570952966010996,-0.24662704095577023,-0.23164981886241418,-0.27096308943665853,-0.22205423055337242,-0.2723637881156589,-0.23541728861580072,-0.2052123232195819,-0.21257148104736448,-0.3048758003777558,-0.22289133247769705,-0.21000021976319008,-0.24652014413316334,-0.20690641640352883,-0.20053963743183495,-0.20709907606111042,-0.27622827712184517,-0.16547125267762958,-0.16438360539281607,-0.2569414616705866,-0.26427567475807984,-0.21244262628689675,-0.25792706188492176,-0.2252268362915077,-0.25923667565803044,-0.16942758714451753,-0.2279637842480692,-0.16694150747831113,-0.21265799358453868,-0.2558353782473465,-0.22770002099319495,-0.19901061094632105,-0.190237392500941,-0.257030382719157,-0.24362211677570095,-0.18251944269910123,-0.20572261561756022,-0.23102644752777582,-0.2352677301408091,-0.2024236433956373,-0.20782060810597613,-0.23363807280007418,-0.2699332072183357,-0.22689774770904997,-0.2581706948279004,-0.18708500103093684,-0.23248756168426812,-0.17562905165167259,-0.1631943584491507,-0.20855316421615758,-0.19318164924542153,-0.244356609307163,-0.24482163426000625,-0.23309381411776744,-0.2140854437602684,-0.19922074140049517,-0.221950496883697,-0.20340202112648903,-0.18161544539699598,-0.25219058772615555,-0.204073234621319,-0.24962870226175124,-0.216340868268162,-0.22519895783625543
10.200547327999999,-0.1953262407997889,-0.1501237832043054,-0.14769770487639886,-0.2296682762805306,-0.1989706182305651,-0.19619382046429173,-0.16337895102749048,-0.14867040351132996,-0.18055796044895292,-0.2013476435011918,-0.1649472582045876,-0.20954877418366127,-0.21333633103807056,-0.25965049205946605,-0.18928742788765313,-0.15105975761876575,-0.15407277468329994,-0.12671084391851245,-0.22016537216508628,-0.15327935825605113,-0.19508079164994083,-0.18234479897156625,-0.21643848892979026,-0.15352472850437543,-0.1891671837947797,-0.23949122285141908,-0.16104436805887548,-0.19271443666990049,-0.23354267135229229,-0.2235462308703323,-0.15101447316452063,-0.1850935075365539,-0.19265011401564283,-0.16739717122566486,-0.16557725522060146,-0.2068573006607559,-0.17812706579570659,-0.18636164736069208,-0.14809090056431679,-0.1758389585468519,-0.18927477189572528,-0.13525019068661745,-0.1666907205030189,-0.18500790138412931,-0.2022319592236142,-0.12997854338027537,-0.19814077256264032,-0.16343279394121574,-0.18250438581006684,-0.1567473699771134,-0.15661796966950142,-0.15493895801150107,-0.16953044768888503,-0.1941210489104768,-0.14581577375065535,-0.19801163137890399,-0.16552315220386454,-0.18351388831589638,-0.14658664502868696,-0.20283408245138293,-0.21593782228592318,-0.15696229980260665,-0.2065130160190165,-0.22592389932833612
11.274289151999998,-0.2730299551705165,-0.18865091428493283,-0.23971960231158715,-0.19242781576550833,-0.30823946235822014,-0.21788088105885045,-0.21332220442543207,-0.20566661492089874,-0.18762738424369932,-0.13544576800528116,-0.17876962003148428,-0.23986375612106972,-0.1849009070678481,-0.1955227190129725,-0.18819955371353508,-0.2181070108698415,-0.24293418053275673,-0.21501315819997607,-0.21451629725301505,-0.20379334102887828,-0.22456290298474155,-0.23764728479519753,-0.14395708021454215,-0.21928589233513257,-0.2119815321348142,-0.18305963134064637,-0.1861595897976908,-0.1993071872192169,-0.2228900398310673,-0.19639881857022243,-0.16261520596786536,-0.18339794910778956,-0.22054751665980024,-0.1854019909764507,-0.18573444339771022,-0.23480985250249173,-0.14241237987880595,-0.18968567919052606,-0.19654010393631843,-0.2060866915437925,-0.21452548989327624,-0.16945571680012758,-0.19079346794335703,-0.18953557450939634,-0.1362294561861615,-0.22062079445458949,-0.16341242430748285,-0.1838464460036318,-0.1754440517236487,-0.14906062087642827,-0.23093475440899575,-0.19823033305250906,-0.21644951042253524,-0.22399398790106975,-0.21662433340679854,-0.16635237098671496,-0.19139481648952433,-0.15545814593289314,-0.2066804800249104,-0.22323083659700518,-0.21372249645355623,-0.17044208393365676,-0.1763672367669642,-0.19251411012373865
12.348030975999999,-0.1689987797955317,-0.2119693242046716,-0.20930284544322472,-0.14174555417931906,-0.07388918338464075,-0.1658405425426151,-0.17943784303913293,-0.18183411493997223,-0.10214820670911909,-0.15433857775393076,-0.1790066528025948,-0.1309586865910595,-0.16605472305257404,-0.15292977629828133,-0.20411558829281212,-0.1504802663610982,-0.1579875928509864,-0.103067566333006,-0.13507099476659537,-0.19123865078706462,-0.21274988823902927,-0.18565695457592873,-0.12922235754064917,-0.20196019300575635,-0.1843667449138593,-0.12871046220555268,-0.10371742537660923,-0.1353946614461685,-0.16954176679220317,-0.21945499785527187,-0.19588438781543768,-0.19161811507573084,-0.2039603635826747,-0.126552671160815,-0.21675353500385036,-0.22447185899987485,-0.1545073692977894,-0.17545407187260156,-0.19339268066895393,-0.1825033836815107,-0.1718671012786217,-0.21528402943554933,-0.1698998792812095,-0.16004973788429716,-0.13589410555349396,-0.16370025114156306,-0.1777979159170562,-0.18827480288954185,-0.17858773479955353,-0.1795575608931748,-0.18091230133930886,-0.20057750435911917,-0.12700988736469299,-0.17869071768031322,-0.20406727388035506,-0.15318750799633563,-0.11771524265558193,-0.14954330881092964,-0.18093736805686994,-0.23168550213865405,-0.17859204036358278,-0.13699817106992537,-0.12714832136407495,-0.20955716422758996
13.421772799999998,-0.1872664709309382,-0.19253899976943753,-0.20758649989459496,-0.14945833560860983,-0.22684790430711083,-0.18924110256401555,-0.10822774179229912,-0.21037305727700836,-0.13431681114265562,-0.1821635011500413,-0.16326499161160818,-0.21268849355068856,-0.16614110508401478,-0.18462561904120126,-0.2016415484997976,-0.15871993794904224,-0.12614294711238472,-0.1637430756070119,-0.18698123124444724,-0.22565100501794536,-0.2430145191527637,-0.13893042974606423,-0.17352710840038657,-0.1508401949083366,-0.17108541444758885,-0.13269267832531892,-0.19509909442110387,-0.1964169728952194,-0.19698687449064373,-0.1718753666458984,-0.19046905251785315,-0.12817324734559016,-0.12293914409071606,-0.22932140525829578,-0.1953906342699026,-0.16965939786210324,-0.16569204677944072,-0.17836027514256006,-0.14826467790615944,-0.13461874060366036,-0.17832851299317554,-0.16891447682324465,-0.21031457025258402,-0.2115039988296173,-0.187944412946568,-0.2133534683380276,-0.16426035998405755,-0.18325831207247184,-0.21947464356916108,-0.14803030988800206,-0.15859831909100258,-0.16725229414545797,-0.17007989820558578,-0.17232920335040294,-0.1498301912797615,-0.23629982233978808,-0.1669229374840922,-0.18827574809048592,-0.22689922489891096,-0.13823324224046832,-0.16475385350349825,-0.14248880193502242,-0.1340453908778727,-0.16006981185637414
14.495514623999998,-0.06805667474067637,-0.07972700968717358,-0.09251405581328852,-0.12797169563210836,-0.10442015020297342,-0.10690373800961035,-0.0764614016557711,-0.09105653897027619,-0.11134546416828275,-0.19463990069094247,-0.11086891767419209,-0.13697319012966805,-0.12190193423469152,-0.11918188719677605,-0.14034903429481865,-0.14723360136018268,-0.11671957198268501,-0.16446087944288074,-0.06898852837288619,-0.14659843753595073,-0.06617863574397884,-0.1598488735450831,-0.0993809270554006,-0.0869787801181831,-0.11794598863343708,-0.16361492728486024,-0.06302895537062016,-0.09733886154468305,-0.10964883670177576,-0.11836769588574368,-0.09337090315862692,-0.14693549311985926,-0.10363164247662228,-0.07521371540081288,-0.15277253839511623,-0.15107180859818722,-0.1765916948497761,-0.11820550929821495,-0.1240452320219317,-0.12625426434013726,-0.13295564689906314,-0.12794435251895006,-0.13255283076016763,-0.11831043054033737,-0.11387606036649751,-0.0902520848903805,-0.13503958521427453,-0.1611479243895571,-0.1512285620977179,-0.14511598548519292,-0.16102573315064156,-0.07915880473696493,-0.09972339507658035,-0.14658488438830578,-0.1179073367966339,-0.1914265698287636,-0.13227429554016062,-0.1591707106396955,-0.050076320401525924,-0.09967914005808,-0.12627553862694185,-0.1579673384216481,-0.132300837431103,-0.12631775788031518
15.569256447999997,-0.11505130126274057,-0.1063397608730676,-0.07973238363358957,-0.15160320875085226,-0.10715633122371011,-0.11526742451159018,-0.14791769988784967,-0.1438850893090213,-0.1529030593020642,-0.09007238782110757,-0.10755372968352665,-0.09998994600859337,-0.08498020210702505,-0.1253558033578364,-0.12391560904714945,-0.12214681848750583,-0.13713474396354286,-0.13530666816015063,-0.12001623985374213,-0.09701988260764795,-0.11087134206068835,-0.1199734853996363,-0.13115479227833152,-0.1612609941637077,-0.1692534805915784,-0.11016029720797503,-0.15333240619345037,-0.12731140734727628,-0.1407687123116505,-0.12195100046977002,-0.07007870438142813,-0.08344436473479229,-0.1112990051665942,-0.1279785558248737,-0.10639613869924298,-0.1624088951565292,-0.1674216692626942,-0.10888393890179161,-0.10263919987690835,-0.1124193184826124,-0.058970223006326705,-0.12628840137663896,-0.07567620861976009,-0.10856284339596252,-0.0784524686335187,-0.07771862135268748,-0.13261465964855493,-0.1358808151146929,-0.050895243983437206,-0.1261447658263413,-0.12544403264681542,-0.12888469489657187,-0.10289682087022811,-0.14610543952689373,-0.09037227078806609,-0.0763932487461716,-0.08063954427988003,-0.18412017186139046,-0.08931483664283794,-0.12320641955427293,-0.18356218856933992,-0.13219966933996016,-0.14990353444591165,-0.08012412837706506
16.642998271999996,-0.1334308405140681,-0.07583858147596143,-0.11489321574065668,-0.15685349878705374,-0.1265504979913073,-0.08532269172636527,-0.11705696292171654,-0.07476143375138886,-0.14073609727451444,-0.16008442080679483,-0.15087931034005514,-0.0873396052130764,-0.14927434661824787,-0.14440468786883034,-0.1710503139350164,-0.1998846341656255,-0.1085418445218238,-0.08846404838342485,-0.16408959058130027,-0.13800793300885875,-0.11023270809424243,-0.07609609239235786,-0.13997821685604453,-0.1176193673288383,-0.13187474475125782,-0.1311864391495224,-0.07989081880493488,-0.23101897420461423,-0.09807274296846506,-0.12040436424597699,-0.07380439701124228,-0.1723994169317718,-0.10897890181929272,-0.14684531089317585,-0.1290606782152151,-0.12989030715003277,-0.1364293699443806,-0.14119078885830408,-0.16412975051415352,-0.16327698163721444,-0.1503015894559212,-0.1567843504661661,-0.10591899443118434,-0.09597476710249404,-0.07080855292068529,-0.17644870118238032,-0.11703270910324395,-0.11291695597381997,-0.11501784632699648,-0.11063984683382191,-0.14432464579502785,-0.133233881913059,-0.11197594937402755,-0.13167058037028515,-0.10226201906334609,-0.1982252395246178,-0.16802556380779216,-0.12606216330979286,-0.125041585049725,-0.19985656222395068,-0.16410086971882265,-0.17550803170472914,-0.11560375103726983,-0.16879055253230035
17.716740096,-0.04354535608685443,-0.03458693139587662,0.013367860545778447,0.0035544113364137176,-0.06166129795954995,-0.032211917119898965,-0.06816130958447632,-0.10435736760596878,-0.12250591981241346,-0.13066644406977243,-0.06611094054616322,-0.07094548177805596,-0.04342639559347715,-0.011370997826036598,-0.08739426367018106,-0.052753396032910266,-0.09509358379727928,-0.042885807035158256,-0.006235566958951364,-0.08920174251813608,-0.02831783430052123,-0.11292995237246421,-0.13648587641052604,-0.014936441568092311,-0.06873690054635517,-0.05259341602816546,-0.07200250914736119,-0.0524914327460075,-0.08024163350429651,-0.07380391069039303,0.00070552493811452,-0.11604890263905483,-0.13533047290236158,-0.12263861295234944,-0.09752553704519025,-0.11935787584557797,-0.009639497875468805,-0.06086445894158844,-0.12373353698265939,-0.03891255714032533,-0.03563375474186614,0.0004691617151755577,-0.03249516363887649,-0.06676515702773551,-0.02279217240201043,-0.05961207882501185,-0.037542107086794986,-0.025474442418531647,-0.04631812508003869,-0.1444705714904038,-0.049078420199553614,-0.07473458292328619,-0.04827432718593627,-0.06715050072775089,-0.1256573636783287,-0.055483350763097405,-0.03939521253258655,-0.07227822502110419,-0.05342279710540814,-0.052833115366021435,-0.03697866869333666,-0.10307464943200882,-0.02727052615955472,-0.057057097321376204
18.790481919999998,-0.09618357016838022,-0.10901878849004529,-0.1372213391909359,-0.09026964929736485,-0.10262752561019235,-0.0681436496254589,-0.0691904769087809,-0.13859093025426514,-0.1504894586188519,-0.13812001980009622,-0.1117178070250832,-0.09696182143774681,-0.14336923995454395,-0.10453014908957162,-0.13185167692634941,-0.17270184650884143,-0.14967280450946419,-0.16637198316831409,-0.11190509078109503,-0.18189297031182963,-0.10557310753834567,-0.15994824938908486,-0.04301969137720464,-0.10546731391306301,-0.15601941660861485,-0.12144613867297137,-0.13851920655413,-0.09215374918754346,-0.14108345463838695,-0.18826226301773982,-0.1416410765294651,-0.15339490807881312,-0.07541066111714047,-0.16059619184982563,-0.17618817839164486,-0.11713299836888577,-0.15492621113662608,-0.17518193196571832,-0.16702465870392708,-0.1591279172155607,-0.14044648298295215,-0.15417199809495027,-0.12851286519019464,-0.15836547453571775,-0.16851747107492493,-0.12264054105617106,-0.1332938545757705,-0.10558959307880807,-0.17557668695943512,-0.10431840172636189,-0.2037706081048652,-0.17688300403200888,-0.1451307648094371,-0.1795696924756547,-0.16296955838333815,-0.18018260062672198,-0.14616062805206248,-0.0800316046640676,-0.1516723517395024,-0.15757688662103778,-0.13810419959190767,-0.18497670636445815,-0.1392142311669886,-0.1964413111563772
19.864223743999997,-0.08160788013732859,-0.13315916881297848,-0.059009636784529515,-0.10983891961015095,-0.07497769830869012,-0.09292953335014838,-0.051345501914121475,-0.06853741988639481,-0.08946805614063383,-0.16073099709215707,-0.1051560434404694,-0.10350602400389367,-0.0891624439640769,-0.10579872964548745,-0.08456958465311411,-0.136570539026122,-0.12176749679929344,-0.04941455337185679,-0.13526657250726462,-0.1201002613784762,-0.059260291097286553,-0.11927371941939262,-0.022743809863251432,-0.08079347946997066,-0.1616730065725278,-0.06270865207209551,-0.07259547850532856,-0.09593156607921369,-0.08864390656318781,-0.14038307376488643,-0.07880320760055579,-0.1233274344288345,-0.06640300603300732,-0.11731626090061452,-0.1137084588720297,-0.1561447897173431,-0.06784530778531916,-0.1078119642666674,-0.12863066949856666,-0.12945967547628762,-0.16197907814057544,-0.0817263670677286,-0.10249950576274257,-0.15375194091965178,-0.14315968823419617,-0.11453565047122538,-0.12507200477661432,-0.08574157419414925,-0.07143808166282335,-0.06721595576631703,-0.06843101272741998,-0.0985433677061727,-0.1796544009121135,-0.046801534606077305,-0.11659371748100966,-0.11454439372755587,-0.14058421120197245,-0.09560030062649665,-0.1253514099932675,-0.11665335824779634,-0.11465142590168398,-0.13854567156106765,-0.14772875467315316,-0.13714424124918878
20.937965567999996,-0.06739723875320383,-0.0903950415584924,-0.041373263145422765,-0.043361252069839144,-0.09315162388728433,-0.11743830763069647,-0.06765211828003105,-0.07922185793618805,-0.08858569133112074,-0.10181317663851328,-0.07640081074870457,-0.1566389678129261,-0.06727331617314901,-0.0813767918817965,-0.07199817530844095,-0.016671769487272416,-0.13418786052352516,-0.09596509921331224,-0.12441815462911368,-0.063907200205514,-0.12430179589760623,-0.06383721255198387,-0.05007014599375127,-0.04596887343879124,-0.08329112545470707,-0.06677713846459353,-0.11981605878515568,-0.11042963596160657,-0.09853885874118921,-0.029424994888748706,-0.0663805788998226,-0.03593852966358619,-0.13064726145655317,-0.05485200133573796,-0.1233718768074011,-0.07468545373454358,-0.07801851679687388,-0.06304374259031777,-0.050723595255736394,-0.07832502208683374,-0.05287790932925418,-0.07655856240931566,-0.0195381765037642,-0.09232910115887145,-0.08976252448545503,-0.10765998647548258,-0.07583704827369989,-0.07265697630854058,-0.056057226013113644,-0.10631883791315236,-0.09212410489479746,-0.025116191603176827,-0.12302849080879241,-0.08154817031130993,-0.061463004793040454,-0.06994156748987734,-0.11668663785011242,-0.07148418684456763,-0.07266208120355648,-0.07561291536382798,-0.0506586797273485,-0.08798870638877686,-0.03205815935507417,-0.054707728093490005
22.011707391999998,-0.08520183905160852,-0.11583831236099026,-0.03888240366671068,-0.0336589421037518,-0.0593445138459044,-0.026619839149394205,-0.057648152932025756,-0.09675665035943634,-0.03616212475130202,-0.04551119542780465,-0.0639004054371201,-0.013690965724111135,-0.0323606237902173,-0.023802879216548587,-0.034465912804340144,-0.04197820618615619,-0.041686160599056166,-0.048782148090789894,-0.06095283505523444,-0.018777357149312075,-0.033794359353903146,-0.1101397918953028,-0.053035041212362036,-0.039857862529710734,-0.09908500776509754,-0.10084784632220233,-0.0930840685073885,-0.09534300001437909,-0.04613141149249194,-0.0640662253676315,-0.1303960493449787,-0.08869218862881618,-0.017554118127528846,-0.08252109583866384,-0.05201490226526013,-0.057732775173332945,-0.05735775132779963,-0.05884415950692658,-0.058750657075766606,-0.0646733567867029,-0.10639402904780582,-0.03464534733835275,-0.06922200161664348,-0.020791532924964225,-0.08047846031175661,-0.08422965393401682,-0.09334813294948877,-0.023659887041763535,-0.08661943684117952,-0.019834919782754565,0.015567071340878362,-0.060055251590841054,-0.12051071610767394,-0.026775307146765823,-0.07799119397532195,-0.015571952098980546,-0.005597162164381838,0.02402210685457768,-0.06341774352560085,-0.0817338355451024,-0.09105700177315157,-0.04034562976033028,-0.05033207172527909,-0.03811467788182199
23.085449215999997,0.03415022224986127,-0.04892875328992626,-0.017712175878321954,0.001719188049069739,-0.09447141228364282,-0.005305310378649405,0.032821933851144944,-0.003901450653626983,0.02338509281149267,0.05030677654680663,0.01232273887061248,-0.058420325637728504,-0.01450289526422109,0.004958857832077358,0.03757112838294623,-0.059830233155350604,0.015976650531229097,-0.01676045048017321,0.038040294973013394,0.047513855886271425,0.06276862597691693,0.09718260444268319,0.021111603931266085,0.011490356164618527,-0.00687987168203108,-0.026175922207975027,0.006741227577939364,0.08354106662695163,-0.03454591885175822,0.022470962551389157,-0.01463445822342432,0.0041419953174356905,0.019261443226631463,0.01429845396030162,-0.0029184344769289184,0.0943366891525719,0.04440287078614347,0.0006963380978309685,-0.004739950471308215,0.022611962556506375,0.02090434281853959,0.016384623531069207,0.05008952480108876,0.04428722570966264,0.02128090079142047,-0.03109230869449675,0.07094276459870993,0.01979083729176117,-0.0062568719279495,0.016023737428310727,0.026127991802890653,0.016177109085089927,0.07680795702617615,0.02068700163259304,0.04523138434160501,0.035071460297331214,0.042476658372574354,0.008345388649364134,0.004154141426884702,-0.03046505494109754,0.06571586507197935,0.01878794460623924,0.06615520408377051,0.01892347284592688
24.159191039999996,0.031532218613262684,0.0032270282473681232,0.00371916495766657,0.07038259330355297,-0.01327705154316001,0.01318854685606701,-0.003840505964555112,0.021773064284518893,-0.0195903869254315,0.05167876371082717,-0.026487717301019335,-0.029401431799799736,0.04678557700078402,-0.04026446579622903,0.010498874745930411,-0.004465778524588262,0.0056656858723727055,-0.013178178732882122,0.02794145020639657,0.00436163953002376,-0.0005500824689599016,-0.028302346397789994,-0.04174498271874784,0.025644564988657033,0.0570602519728709,0.02739726150736845,0.03541811788038883,-0.001792870686456029,0.030980778932904025,0.040655462366495546,-0.0023863006998518744,0.07039461248288197,0.06845964787810642,0.06308584663617824,0.02259532545368919,0.03762472111806606,-0.004407587257446721,0.010013271904816585,0.07761060289132209,0.024906236603523473,-0.001833880611229688,-0.013324188947860551,0.03926763471515317,0.05259006331990739,0.021636919334663877,0.05720017268322408,0.02945310013352095,0.024547986436768303,0.048753365773986194,0.04209946566593966,0.055063880585034246,0.0303316382840941,-0.02131226670462638,0.07794272794022358,0.025902819936163723,-0.023726323852315545,0.0536125643536382,-0.011797264376322607,0.07077312133541065,0.09763024965234633,0.04646240251895506,0.010570149785572929,0.07251779874786735,0.02415527426637709
25.232932863999995,-0.06022260158455798,-0.0008999093468966225,-0.0072951875949261846,-0.05967745733297696,0.036241402345435096,-0.03912898026672857,-0.00979558437081453,-0.01944394618372566,0.020845107929614772,0.021257083871335323,-0.052109734982618,-0.03225173708882981,-0.049312786398721595,-0.01276267268362322,-0.06513478241894129,0.023412913383383836,0.02315914806240471,0.04699978170018377,-0.01812213034385682,0.00969789669345898,-0.03979344764125666,0.0026112612852427575,-0.01030070231042503,0.06641433945541005,-0.0026238355494569987,-0.0021223162361171228,-0.004773442171946434,0.01854393375937694,0.003743327297602913,0.03068418271556896,0.01793653716699087,0.05937312506804509,0.025982094167764962,0.031372636589886885,0.06674989309768924,0.0014180472873184559,0.019778603193117306,-0.01635913938350443,0.048851611381646114,0.09776065118577597,0.04112367442576215,0.06829591612872069,-0.01581692814527612,-0.01627045915146092,0.01212314165396882,-0.056995762744918466,-0.017659602258520733,0.047707700852437744,0.012872069973777149,0.03899001800787768,-0.0029205090125157896,0.07641895917809702,0.0707546955673024,0.04953342943086422,0.05975893244612962,0.02380539453588426,-0.013539193534857726,0.06121562312390389,0.08916858992805439,0.04664376595922347,0.049091067936387844,0.08193772091596786,0.03579915454611182,0.102519545936957
26.306674687999998,0.016235344045396363,0.03981521650816181,0.009845684250259572,0.039660779863230085,-0.040553754699690865,0.05935097612174494,0.034511367902658616,0.022838653772071536,-0.030586229441853772,-0.08731818384590692,-0.009435459867485665,-0.014702426277965839,0.047817232819007974,0.05193400294852576,0.03330469869043944,0.052804533691544614,0.019118275384244043,-0.045613308129499534,0.0345169526616311,0.015976248574068968,0.000369272610571768,0.0007145246075067138,-0.006044787540823953,-0.00013692119474788874,0.06893123223562725,0.05000756079659498,0.03779400372461948,0.06867825357143634,0.03940718442234876,0.06860273174658817,0.036036610728063224,0.07406206392416996,0.041731129570897404,0.07482530179965709,0.030651129751017185,-0.009999805776585293,0.05301857690210454,-0.009529425213778657,0.03711223817455383,0.005789467058743217,0.0769916411372833,-8.315680939371527e-05,0.08865527969153066,0.08361141245196839,0.0834149562121768,0.033803915372118354,0.07549640299735724,0.04552954969195915,0.10519213219387373,0.027707182852152203,0.09346102138598715,0.04963441623008943,0.09601451817434281,0.04396530507697857,0.11932767287362367,0.07550662546418607,0.06343033596723606,0.08516033629920068,0.04656765646567302,0.06168627956815596,0.037759286191430874,0.041094345888788145,0.04505468672141433,0.08986965217627585
27.380416511999996,0.06002016917669347,0.07582568302417972,0.026756961797738246,0.09965402457081447,0.11310461671902365,0.13155315197738154,0.12270480684985939,0.035532580464080504,0.04078654778173326,0.0890140142374938,0.06327190074288021,0.005945677860706513,0.06880476585190211,0.030987787110331868,0.048401594087148885,0.10727709934248456,0.060739526416000444,0.02439075832288446,0.12839430543577432,0.10763197232466025,0.14998571104037442,0.10308503634795281,0.09078713330693843,0.06642427107934575,0.11304344519157894,0.05793386468992269,0.10491506615237865,0.09856578824941867,0.07049981698427084,0.08519618801489871,0.03740937647775614,0.13077008687624975,0.10060712246507007,0.035622235420825224,0.16666444387893925,0.11816629085764621,0.1141393179714214,0.1459743611880445,0.11965153954016776,0.10381216920879004,0.12737768999068066,0.11284532915409987,0.1315805928066506,0.12429702143500825,0.14070124852670624,0.15721260174177587,0.16872715713439643,0.055988399062438736,0.11728482683403334,0.17596343257797084,0.10312934925397192,0.10112246183312631,0.14835018280427903,0.09664143516316212,0.18607758090365678,0.11121907620690763,0.20519882872551015,0.1367935452892977,0.13758872113456683,0.11872095832534667,0.12453404146071989,0.15378340139120286,0.139653907623142,0.1739256049040705
28.454158335999995,0.1870260368367391,0.15498214140201785,0.11957788184788244,0.13291145685278544,0.17707706751181312,0.14337515212329371,0.1210483639692289,0.06464303448696487,0.15274949950149416,0.11901346408662253,0.10182358148657451,0.16255050617369957,0.11156197896759425,0.16462456346822105,0.15991265691783546,0.18979734584822186,0.1392509358774987,0.1906146885178584,0.11213684800064325,0.11849470276813788,0.11811489141213574,0.11635259814128014,0.10485413494773509,0.11093807032947163,0.14228174372692592,0.12997312987551726,0.10906685748653087,0.1122235220474457,0.10975609168443563,0.09544472984686893,0.12211248663619959,0.13713863455424352,0.11125571577161152,0.14043089750755047,0.17125224318962345,0.15688072953448032,0.16123926590080373,0.1613821022578382,0.1362770184038839,0.0891638136651766,0.1026641886564903,0.07506105821188871,0.10190644275696416,0.1327268020374634,0.08366464751972151,0.15175901516340673,0.08745468916354834,0.1369044014552076,0.0903131886313661,0.06787956604135356,0.15025031527121818,0.13054031936085916,0.18807582918088883,0.1439175893236617,0.10496624663937837,0.17394577502273023,0.14857389464824727,0.0982821274831492,0.11116526684989887,0.15392592767186994,0.09800084012385923,0.11358731045454208,0.11495076259598136,0.1422091389540583
29.527900159999994,0.12896601662838034,0.13308209851051547,0.0865894453277828,0.09361844333969722,0.07801490040375418,0.10765058673652154,0.13975522212734046,0.10354903504152649,0.14708854836395144,0.08291490935620718,0.14960643473230967,0.1059899525633747,0.16430153212110912,0.12102682055306754,0.061560891493822316,0.17206976220144757,0.08104656812065514,0.15087949049692334,0.06994802477752923,0.07635804105978293,0.06845992332923093,0.14142687148913474,0.12226071778007151,0.1333714555824242,0.18057728096027859,0.13191174114451445,0.12966289231137904,0.16449865816061252,0.1245676074925411,0.18422346405402226,0.11323369679407083,0.05668663196930928,0.14997610001176195,0.10932846370685313,0.12037780132751712,0.14240741048083042,0.12264127979869954,0.13737816441737646,0.14754618546950432,0.10007088251378653,0.15352918318239972,0.10733005921896879,0.1642206029251351,0.20813225071261904,0.1051209561826129,0.19468264444731176,0.19345500828681647,0.06650683817653251,0.15063861002428375,0.13373719253909908,0.14159063955386436,0.1523273667470286,0.13640489045064896,0.20953124655976094,0.14257344708312303,0.17303076921962202,0.20760126843898824,0.10850781838442865,0.15162804386844592,0.15564049998231763,0.22989223974582274,0.19710195615022844,0.14019583305343986,0.1568478906992823
30.601641983999997,0.12976786301338247,0.14122401848102786,0.15539891735222358,0.140029398828379,0.18869642676665016,0.19399427748950465,0.1864957093452436,0.22498750850458496,0.10289922934940218,0.11522868835267477,0.18732505860888132,0.23430843371066398,0.22529126963179028,0.1564854747183355,0.1648089400675547,0.16874196037783154,0.22496727284305962,0.17257400167207898,0.17375418516790628,0.16711405504923146,0.15164042538630643,0.1447913897739324,0.17428457561202645,0.218851638945385,0.19961016162415035,0.2167936428855423,0.1988746733363119,0.23555708048765414,0.17889139995012165,0.14444411389246983,0.18183888879970514,0.20565262400279088,0.2058951213797887,0.1706321239804051,0.21268885579567204,0.12404852423891757,0.21804720113868825,0.17120408344947333,0.1713238044737539,0.17986898489263176,0.15693134180037305,0.1965683005338568,0.1664774284914269,0.15362690250705263,0.22882819104207947,0.19339731498621404,0.19781186940131842,0.22496743289022042,0.1352491377781137,0.1909927288569244,0.18497461041053093,0.21189851371205545,0.1786069459049031,0.19137219979061879,0.20904064283240587,0.18534541665576398,0.2704286022469335,0.18482183556105675,0.14992910287609057,0.2004762462706172,0.22462740617629606,0.19082476749151414,0.20261299749836326,0.137689825380221
31.675383807999996,0.09765349880659155,0.16843148246074893,0.1903068544020893,0.207663117080561,0.19023322822405525,0.11137247211965066,0.13950816087474646,0.11538784369726532,0.06646534633806109,0.15590234660443716,0.15028559985720286,0.16712705510768242,0.13523109516661083,0.08997023762536369,0.08353698618676779,0.15094314918055066,0.1630137580286828,0.06534193766336623,0.15311498912966012,0.10978899736385626,0.12777806347834744,0.190200592349616,0.1250833255357325,0.06196969560031513,0.14647245689411648,0.13687761271700896,0.1797479153569189,0.1626388442320084,0.17365094468030812,0.17214821867362065,0.16028765228942835,0.1748090233720307,0.1673056140384038,0.15816529098499035,0.17319875207405339,0.18747647915110324,0.14657035420532338,0.20358876217090124,0.171109421467658,0.1880573070791018,0.14436932018725201,0.20954901497420256,0.18788251441271445,0.15415215353797457,0.1246640824080844,0.21616028412245214,0.15322120251117408,0.1739391961434324,0.19557115425569854,0.15370977023017726,0.17095079978545463,0.20506734458363748,0.17638722422998399,0.18557548417343891,0.2131475965725258,0.210860496154055,0.20282379224746755,0.1804562423660952,0.20385850630035357,0.12377870300718184,0.14597281890746672,0.1582330669376201,0.1358467056415975,0.22308760532177985
32.749125631999995,0.10402244136535696,0.18022429123188236,0.10828698143866079,0.11184834513031612,0.1832838332827253,0.17675652481349452,0.12969090335120978,0.16694332823057526,0.14198138398101687,0.13612822257813864,0.1848377120789207,0.12898394185218162,0.10747671386759196,0.1695898687965902,0.08041324086454031,0.14520275995268353,0.1331340837132302,0.11558641058426085,0.15400941642915963,0.16207160640936177,0.18469012803065457,0.18034359342917533,0.16905659261413217,0.10715161076430897,0.14785944207687862,0.1717317714761261,0.17671827086763056,0.19287079689924472,0.17061687454614521,0.2493994890870194,0.1558230110760113,0.1661958094752793,0.11372724471896488,0.2025895417069218,0.1517041548774744,0.1482409170649979,0.12167151222820394,0.1710006975003385,0.16000526986109825,0.16494751341607689,0.22841605654684827,0.17185214679297392,0.19792299133093497,0.20752444724868319,0.17469589340700103,0.1616586761083454,0.159046364445073,0.18000694898156716,0.17492139329416595,0.19673819938075862,0.2160968031509713,0.1893754383698771,0.16814121964853257,0.16403406752838887,0.14236371323931962,0.20281200646422803,0.19682506158798269,0.15487470368887962,0.1881210323356624,0.19862236300416822,0.19811198192473967,0.15028994335859483,0.23049898585304618,0.15504203387536108
33.822867456,0.2223213295718389,0.21117017343307712,0.16900868431236762,0.15422497513853678,0.13551690937830635,0.20287957168849452,0.16499863855590644,0.2191607670475995,0.25308736246993896,0.16722804867562704,0.20456187251173624,0.20525552052172966,0.17773698529760754,0.1896013832218679,0.1527525893595469,0.21617538139357098,0.18029046234005364,0.21079847526769818,0.24284726354276895,0.28932062376718803,0.2646246803425519,0.1754731935964498,0.20511843088336587,0.1539896707857094,0.21576148553867824,0.20211424077258147,0.09974980214194927,0.19995924947683566,0.25385322615537526,0.21067405335322423,0.2306343802566906,0.22653453015456243,0.22324321715443926,0.2177274823521397,0.1988836452053095,0.28185384783968664,0.25245451877708547,0.22521186698161597,0.2927188112496099,0.16645031042363762,0.21565589419333264,0.2634332827812094,0.2225920126989617,0.28464194993804476,0.15750907289995147,0.26030804379843175,0.2862403816169327,0.21185333815602853,0.22466576089365325,0.18702064552676997,0.21174547036727226,0.20283862260735727,0.21046738687437028,0.2521072168518523,0.2771221558796242,0.20013617514632642,0.210322771815949,0.24427378813769401,0.20520953498115496,0.2644180677265727,0.1815807976090582,0.2373089845392055,0.22904554149135947,0.2802018339280039
34.89660927999999,0.25740715668403674,0.2048470444944022,0.24096092299129981,0.23632988157831797,0.21227134527517982,0.23988769329818233,0.21169990591754737,0.24280038639803284,0.22998855096271395,0.24524739944276266,0.21444253447615275,0.19906407314452476,0.2775398965791932,0.20419949950051627,0.24890331543948768,0.19447048410906323,0.202024849022564,0.200496587278654,0.196608677236197,0.22476107467394155,0.20050560957419553,0.20672113723620505,0.17490213933654428,0.2549241315448723,0.28845162971992977,0.20692980433211364,0.2159248054917303,0.16953049717371219,0.24881234213743092,0.16364828340426488,0.18038995948986017,0.29857853018412633,0.2078334495267232,0.2597825974558613,0.24817525592308293,0.21606435690149997,0.23964829693431966,0.2589439534016752,0.2718104853390417,0.23563002414968132,0.28960113337961957,0.2631323389297385,0.23787750464232107,0.19974307577441713,0.24045099246515228,0.27238623960874975,0.2632352835124558,0.3035863318779905,0.25789162506563507,0.254476414111975,0.23211879988749778,0.300631605662472,0.2503719663945958,0.3195762474705199,0.2933278839336708,0.24623270868323743,0.27323389485328725,0.3368242297604281,0.2511895116352077,0.3069300673336589,0.2602352209651144,0.2578907515022105,0.23428487917408347,0.28752474137581885
35.970351103999995,0.21453852758609823,0.18592091574932315,0.21828466371204872,0.2496749592121757,0.22553458573176094,0.21486180402072413,0.18102252773990454,0.32224103972216006,0.20116788727214693,0.2418063487940734,0.18944516602121958,0.16891228872451133,0.23172140380899822,0.20830192328763328,0.18987300611999153,0.24675156578554638,0.24832323368900688,0.21394336533765973,0.18634815487062692,0.20739625979643148,0.2165613127373425,0.2125929696069631,0.18389376822181344,0.20636790803317645,0.2508255420543719,0.23568952227339782,0.23859628149823817,0.26321286080305334,0.20301912173662068,0.25839055172816316,0.22496052471355402,0.264516889683104,0.28781847207158406,0.22101183238971447,0.19757019725303898,0.24209322843775485,0.23509783993358724,0.2722976290055418,0.2532719506977758,0.23383807010915397,0.30714519432513043,0.2954137675052542,0.23494286995680472,0.2522445307237961,0.2426954649688144,0.3034219907131046,0.2942476099914139,0.3151052275040586,0.22259177257520996,0.25444589653385,0.22655153235038078,0.19421766010678507,0.26041409734170884,0.2565152187515715,0.30249784991610795,0.22168948291800916,0.30941662624328664,0.29895656446959556,0.28114743194808917,0.36849165180631516,0.23947648781177122,0.2786922062846965,0.2370088561438024,0.26671339222230017
37.044092928,0.2768377046366887,0.20261163189674594,0.24411572233345527,0.22684615674578318,0.20211405815436073,0.2591879007938717,0.2499572514747602,0.16546662315626495,0.2353580502884662,0.2295314725571578,0.24255522909723887,0.22403453010234184,0.15576479098360455,0.2503615683443578,0.23780460275676368,0.21188149258627423,0.22133651551121147,0.2251591266415614,0.22319593998586892,0.2401444970486669,0.2387989414356915,0.31062046713694663,0.24312059405513406,0.2064019571865044,0.26196898802299984,0.2581080510686401,0.25542390951471006,0.2667946827215409,0.20628334030542256,0.26976174704447786,0.23808154848770105,0.20350807868609472,0.277128319426473,0.26359768215167734,0.23240704086284886,0.22084691438898776,0.2062871898233425,0.23497093547069067,0.2744492127655706,0.22554588682916282,0.23482133558718488,0.21005832176264708,0.20161512654574057,0.2565276906950333,0.23658786642564728,0.2268638031091541,0.20981727303920447,0.20614111212281777,0.2543543576191171,0.18642419674766383,0.29078842660029686,0.2744612625018427,0.29861724737565964,0.28136174275173936,0.20742987201083452,0.28329308866523206,0.22937702074497274,0.28045015673186363,0.25609422884216265,0.27731481412359116,0.24652108627196867,0.2776349092933482,0.26401780685409904,0.2969223672989756
38.11783475199999,0.20972586975299887,0.22842528596187808,0.2439087899079563,0.15753573003374705,0.1970072961027784,0.17231352008613093,0.14101028733005347,0.24034941360254639,0.26294144076278564,0.27221052908238824,0.2860281002815879,0.271899250327676,0.20497900507013714,0.206355772031072,0.22439094997909187,0.16872333392633923,0.2234118598353234,0.2273479135058421,0.21355864378607034,0.149645587694457,0.19724134630191006,0.23918392784461112,0.1754129064387858,0.22056613675002673,0.22806699856300838,0.26359406257376705,0.22578979143457087,0.1943838757080292,0.2735812906924236,0.29511926166430513,0.18574513879970514,0.22302833162913366,0.20735471992104845,0.2058430761431477,0.23663709309559117,0.27524145755991675,0.2426757509529125,0.3085258387395048,0.14504851243483635,0.2915240413692248,0.21465723327128217,0.20692554633673613,0.21960447889120718,0.2447313652498581,0.23977005410207702,0.2322814182844013,0.20186985792575537,0.21619675842313363,0.23269933452112518,0.3081963221110137,0.26549343725283897,0.18476481048024393,0.2661163246957585,0.24723158671154774,0.23282040760386735,0.1967572474386543,0.24123521581142476,0.22361355165984215,0.25784344635238604,0.24288726070829267,0.201249168094364,0.24070159151285356,0.1963100298307836,0.23965993174351752
39.191576575999996,0.21949338720047049,0.3026338286664603,0.20999464110043067,0.2066359353359855,0.24185029925657936,0.19483419634135707,0.2231715350603086,0.2051432298113858,0.17703649979999422,0.15842155181703024,0.1720571351345695,0.20070676225337333,0.15687304994623577,0.23086001635861716,0.24762332059409736,0.2420230101062251,0.23068851407879265,0.2000705034754771,0.2603983578363633,0.2498129962800054,0.16095555848109402,0.21158959991797538,0.2693898660249293,0.20667990854625323,0.25701852425117977,0.21782666588530578,0.24057496198968562,0.23626825330679171,0.22769769474897267,0.3211966513814072,0.1851150282974621,0.21247923337588354,0.27104208914845784,0.25676344338405344,0.22706355896454106,0.2273950359605286,0.27213767121429555,0.2576297901936674,0.20607837877261254,0.244852919056679,0.22687149158446118,0.24919698159750883,0.20120205145628592,0.2746628807051041,0.16341218280805542,0.22121504112146795,0.1818362152761048,0.23989341941861703,0.17333468784792266,0.254720167306784,0.18793225248893058,0.25403332022584174,0.26910165313165635,0.23910106612934864,0.25640730664599687,0.24757613777182996,0.27007580235450795,0.22648153345133842,0.27826429567565875,0.2889688036770427,0.3142325587832602,0.2971974815341777,0.23988244077190757,0.2561191434506327
40.26531839999999,0.2849990706225591,0.22278243973518588,0.20785228625443,0.1951431912478126,0.22228586437060066,0.21909590936931117,0.22925705008258643,0.2152033911635434,0.22199413758685946,0.22744498216447287,0.23764683130346903,0.29783102589759175,0.20687394103567516,0.21008773804974876,0.2683633378889811,0.23532575771345624,0.18618051883095177,0.2453074933312434,0.22966080876981973,0.25431451786737724,0.27463960176932495,0.2758854729638967,0.26579308334060314,0.26035104504470447,0.2851149617054034,0.26208755517706905,0.24504161485986384,0.20971259592001193,0.25265967294607045,0.22612554423228307,0.2741927692051312,0.2175270762361054,0.2219625666579564,0.26728983226764413,0.3119701668308283,0.28999834571108557,0.25876948187942617,0.2798368119069242,0.21942685387122246,0.3059154040363085,0.2822798054548912,0.3025423042064566,0.22016735535414358,0.1988538191778519,0.2608672671319385,0.2482980655040592,0.22087387504039466,0.20343649176148965,0.3213378488014444,0.2413888881481918,0.20471231599887169,0.26289068964875434,0.29925153020303696,0.24048264219059742,0.25767047808039933,0.35151689290069044,0.26736969187706044,0.2859988723232943,0.2857532914661403,0.3000628671974742,0.3251071281993063,0.24474879159658616,0.3323888345621526,0.2616457457188517
41.339060223999994,0.2083996962090688,0.09519290849233844,0.14330385342743415,0.17797384980284342,0.16695004464937874,0.0766525728228901,0.14249059848537268,0.1752655820538556,0.11506950688531756,0.1165488790803855,0.1459040326174415,0.14925715047034568,0.19429733118574535,0.12725498439145408,0.17644360281493782,0.12913008436693676,0.15086320217960747,0.16075630796175183,0.11678583892976999,0.20374657798986714,0.1656923992060391,0.15995412595137687,0.12197874310680033,0.20665465107802966,0.1923468290187884,0.18368798638091124,0.20796643802480372,0.14606715856020205,0.16895496293935658,0.19615442149058385,0.21507077304080927,0.19848760925898595,0.17076205758660631,0.20595605674731945,0.16716363277893315,0.19843580637202,0.15852479587192647,0.1319364987679624,0.14012792549120995,0.1886135972287905,0.147132427606266,0.16394697647150938,0.1548277602747216,0.2173585877878525,0.24451661038412048,0.2182091490831226,0.12103326382098853,0.1367326804736097,0.18681448688013397,0.2165865460909637,0.24302099605639732,0.182038911260731,0.22532339754980057,0.25363971187367235,0.18585607514251024,0.20644715963862836,0.19830222859829,0.15558721761252464,0.2095770951293941,0.16834208587118024,0.24857544976111967,0.22820589496820634,0.1973551376722753,0.2569411213044077
42.412802047999996,0.08976810232603125,0.08439845516945102,0.12628474548962135,0.1209222731288589,0.15515552224470802,0.10460873819621545,0.15109937183608832,0.16095972224970215,0.16234924477508425,0.10352447443541937,0.18026436689459452,0.18652426916274376,0.12311849257509623,0.1049180022008451,0.18687069036033271,0.12322953745855816,0.1588349955927697,0.16541192245702924,0.18091566833650827,0.14572652269583028,0.1266383779667584,0.11232178188428017,0.13333462002940774,0.13931886664275744,0.16728763564606197,0.18037471318945922,0.15122841903524073,0.10481580464069598,0.07000380948219183,0.1647965370835404,0.2281549760456463,0.17668372356066747,0.1565668389043172,0.12195309999931071,0.11945331093530902,0.07942842755541538,0.1413510585844051,0.1010922275849485,0.1966717525480947,0.18118514485623954,0.1678545784088783,0.12190935533102934,0.18836915653498312,0.1131705702407219,0.1306540362836261,0.16828705533407629,0.1958636170810288,0.17380215016393258,0.10676243146164259,0.14153178134334407,0.15782193800051963,0.1811388662234614,0.14055331412237138,0.10998269809975422,0.1425819854484871,0.11299443035386503,0.1401105268284612,0.11438132713582101,0.20257202944984393,0.12696482459016675,0.16029608326789457,0.13633996798723405,0.09584169229492545,0.07405703910626471
43.48654387199999,0.17487650916778616,0.16649230494762637,0.1555538745274784,0.1969459039267219,0.14786688746763893,0.16208257652553065,0.0811667322372419,0.15436645015974396,0.19415337425639986,0.17103107833203726,0.18709678772055277,0.14273139554175682,0.17238740882437145,0.1592017626888784,0.2101096025851023,0.18627427920832165,0.2131594437014428,0.22777229857664288,0.12456236752664804,0.1902281551478414,0.1962208253763882,0.19484421141013236,0.16739238622851968,0.2336636017883263,0.19706405981560238,0.17454511070952453,0.17811984428720148,0.09723085282270663,0.17072069093618275,0.1722396820010285,0.1790952870006939,0.16669774018893285,0.23380207566827135,0.18958793583858227,0.20288280394535313,0.20561362121329044,0.18281635592575185,0.2339308344193601,0.17824503622042748,0.19223101802137016,0.1885333817335777,0.2203031830078024,0.1546961979225411,0.16666613380740664,0.12133290547145796,0.17469029291532934,0.20896109702048957,0.20234679964570595,0.1929300128410562,0.186277003077391,0.1642421182020501,0.2148990562335322,0.12752862635534257,0.2416063089539031,0.2634194354759529,0.21320133446715772,0.23007359042614034,0.20179607610251488,0.18559424243202166,0.18917642751642103,0.21087826865550596,0.185247188350851,0.21856460114941,0.18353707739152014
44.560285695999994,0.07191283062898687,0.049146487560522346,0.13299980477001686,0.08630125793778072,0.10602783920122809,0.08574915803702814,0.10649749182214562,0.08204196557302826,0.1487072913067615,0.19155838155087881,0.08217035058104168,0.07507218885335273,0.11408164611618433,0.07974816025567374,0.18980060137775062,0.061326030941147885,0.08832021232956322,0.0875125334880847,0.08509542020952462,0.12280192066412253,0.12374932593333401,0.09227087623938653,0.030278833687978998,0.10030951908473591,0.06638388618011959,0.11162196243510282,0.15810263761834772,0.08521609870617144,0.14375180944833638,0.15187074832335515,0.11998734263137781,0.11900591813693089,0.08097531197875339,0.14041906598556256,0.16592819240551243,0.0891666418693993,0.13112509201164357,0.13912465501510138,0.10203341237294287,0.1404210365560305,0.09298601857153699,0.10706407349165861,0.13294595640452048,0.12479354302714844,0.13664188909543945,0.19021384580992162,0.13127738000808417,0.0727973559239347,0.131710812349151,0.06250944831741176,0.12208679278929983,0.16691058186448313,0.15380087855737656,0.15251874818100727,0.11276127502787858,0.09511606930755079,0.11688000395744373,0.08560198436524454,0.13238715789546923,0.15437470594354505,0.1502475001179846,0.1530809308502025,0.12581476708874106,0.12717641540803015
45.63402752,0.0916992928167539,0.0764852307703612,0.10356899068262594,0.11567438217960964,0.037573957311646415,0.06965893633397562,0.07433397613515678,0.04902608483929985,0.06932981145551562,0.08272237145242148,0.12961730185114512,0.0769667671910221,0.08680542817871485,0.12625112296414695,0.058822106495167,0.007992253006835068,0.09429335024469765,0.054085537167598625,0.13559852513468026,0.07539634991865439,0.0835170251749722,0.0926674259410772,0.07495015683837535,0.12205168417338948,0.07852601542253979,0.08081563705906904,0.11527838417844448,0.017255758176491196,0.058540018350218555,0.053151319098625596,0.06137659785703623,0.1144233938373093,0.06174964754193622,0.07686598602283214,0.045354984669497105,0.050216735043380006,0.05453627134556882,0.06992886293612953,0.037496136790390926,0.06182051815059302,0.05088453850476071,0.04526026319321578,0.0664669663861527,0.11699903617929001,0.016062180727853308,0.005831740563735366,0.06133086742816626,0.06314646241454673,0.11364714046223005,-0.01610807138162532,0.03882604052861487,0.04729737398780084,0.06708954635541886,0.06221298767819203,-0.006084524909965694,0.03531569032929838,0.021089377476268316,0.03521934787776055,0.03449283949365573,0.00018814330854054033,0.06358232426282484,0.05991351409881775,0.03312204172834754,0.08831478306092322
46.70776934399999,0.019733648680682694,0.00624417159373739,0.036822897349858455,0.12047932866179119,0.11889138581110663,0.07756270594628793,0.03565786697020355,0.026166619508460696,0.006081246966329803,0.03644836508569175,-0.021651144966848994,0.07136416155013389,0.01121840047250901,0.04331768215966544,0.0630848593261492,0.005348759071369256,0.04814962845557602,-0.013703045127580742,0.02882117751037835,0.051778828990271517,-0.03827054896724543,0.0362445218072805,0.0608017352528155,-0.0010531928980656502,0.027342292509274557,-0.00597512904226148,0.025119532361194224,0.014574823210880692,0.05246529176864507,0.049441622865353044,0.05400107813433611,0.0026841998166803804,0.0137827258399089,0.03749880197990153,0.03465332832794437,0.01805278163478111,0.04431888411636464,-0.023086375706563037,0.0002627953051290077,0.027366798296238164,0.08264209440676495,0.06364770005997603,0.01184599075765748,0.015816852928505147,0.031464698940648565,0.023559843888506293,0.07411858947930991,-0.014590587716416588,0.02033632797403178,0.08199856528413615,0.028874501190979833,-0.009204307462953563,0.019854817423038185,0.028290594803235893,0.01810711540747434,0.029681684216484427,-0.06073312029392192,-0.04244019200060783,0.0028242481805916342,0.04195594260402556,-0.007204415785963647,-0.055485872634952624,0.005180487874895334,0.008877437794581056
47.781511167999994,0.10168044076168112,0.07503990009094455,0.08934589937832373,0.07515183660351406,0.12335701795174307,0.1174795416715954,0.08324546657552544,0.10165987327595108,0.13809823078086733,0.1036142688327735,0.07833953770958553,0.12065697926196403,0.12267482540171061,0.1142348414785894,0.11528083302047369,0.12365091249479779,0.09251382377260597,0.115605908753683,0.1160100174227929,0.10056865055542273,0.11417946493851819,0.10633656657799813,0.15517520728774667,0.10407791844253163,0.09151013477821834,0.13892650748000182,0.1365931541617361,0.1304551374716019,0.08025624796781423,0.10425536177769702,0.10407235858396494,0.10334096812377018,0.11135123966544468,0.10010574016320918,0.10895401236276873,0.13629510317072605,0.11948397706146352,0.11615295041285988,0.1108570530174932,0.036577485426927785,0.10803706309525296,0.09630746166762297,0.07795155208857198,0.08607577394078751,0.1042630739809413,0.13125942810438573,0.09479958327470481,0.08991837290315223,0.13537669171793304,0.09616872021329723,0.10155160685618674,0.08539491949237085,0.08534408721607178,0.09989356889023579,0.06604723737109452,0.09704946517013013,0.12049006357639362,0.05622043724205079,0.09601261130800205,0.08118661710925933,0.0905122317635687,0.04652386709182922,0.10045979311689734,0.09685693331994116
48.85525299199999,0.05966447845899633,0.06621141656900623,0.06307664976027029,0.09026667299830089,0.07786795260264105,0.1027373684171055,0.08097474567642036,0.05309959664841049,0.06432172489335894,0.128441741698355,0.08033187511526714,0.06171226221236534,0.06756746283333216,0.08759448589158378,0.07347401596572516,0.1085815022899104,0.11877823796385201,0.08628619027357283,0.06266211691295862,0.090125663471034,0.07692648744809308,0.08594747162922951,0.10729013952680232,0.10089388302211384,0.07561464890022762,0.08533759558901823,0.03950313711123142,0.07683473197643512,0.1554903332892406,0.09599890403166812,0.13760406163886987,0.1137498240984444,0.0651730030617078,0.09427919242131923,0.08671385046701678,0.06522422347292636,0.06420582483406179,0.09063635844670768,0.08955763123023124,0.05510284744169829,0.02054171561030671,0.03593051950987761,0.06297254722864766,0.06432640414069672,0.07063711363090468,0.04145971103571355,0.06366870315728843,0.11732498345164848,0.0067409788186653585,0.04684436046851,0.11943980266888891,0.12915328947461344,0.08628756913822144,0.09612750901474751,0.08847671106923372,0.09105392335914075,0.025146563200645948,0.028659536345263144,0.06934185735216099,0.07368538001485701,0.10492932873603422,0.028882911345655363,0.005870559718459845,0.018486676970496774
49.92899481599999,-0.039568366549376933,0.0660273946788428,0.04401619077231901,0.056001002072922086,-0.020589087662561463,0.018555841741285155,0.021860431060693894,0.09421730950374954,0.031917473496702896,0.042008580648273765,-0.013289218664535188,0.08825204241189308,0.025167765827583413,0.06195726157498679,0.06309036530521032,0.04332430690660008,-0.000316005309286993,0.05789770496111097,-0.019052600758316527,0.026091141891291563,0.08243725723254361,0.03486472270950409,0.023127582029181734,0.06340596637372593,-0.008749717351747677,-0.01944296290769541,0.03796631330208454,-0.010820414629831378,-0.011314125191087702,-0.015447799752499642,0.005177514752306577,0.06160719656119389,-0.005161006764475522,0.03907740864503596,0.06455394622545489,0.04755573410615657,0.030211276811314747,-0.007861727299833936,0.04114094964253517,0.049345653429294804,0.0463730480405502,0.023500958043898987,0.0074526665017141825,0.030236388103471006,0.017501210078730116,0.027721510967239738,0.015384528282863488,-0.011010996315495243,0.04374878843529067,0.006257664462152337,0.026529565058548803,0.025724847443468337,0.0020537542877718806,-0.003729439930923815,0.018609772552736104,0.010901207802817225,-0.002181563397503591,0.004454525029619357,-0.03487055712113423,-0.04934884762457971,0.03137099820014555,0.015268821186119956,0.08132774522528052,-0.025467917090281844
51.002736639999995,0.09806854084932379,0.11036719306970813,0.07732062504198568,0.08935677829348217,0.15901493789507576,0.11881929762395364,0.1198918252443296,0.13010785147447937,0.14642921668460726,0.07406445407208853,0.11850796464048992,0.11599237936648674,0.17114857098619854,0.11940914304328284,0.0948582626130831,0.09513714566959866,0.12429243501537712,0.08070505720596495,0.10750117125904321,0.10048353512268347,0.07974192774521985,0.09621008015736672,0.1485833061046183,0.12296435049419026,0.09883853330393322,0.08315926188931501,0.13254309305505427,0.1571708482307648,0.0957679916921604,0.09958820633307498,0.11119422701553308,0.11403923445115131,0.09969940332978565,0.08523163202750896,0.11577688154440173,0.13054400000796054,0.08113340238924138,0.137096398360362,0.12183578900086493,0.15267613895204185,0.14980237296549603,0.12112263362463896,0.1428873704031243,0.05592995743583223,0.12018966603292418,0.09915092750452459,0.009882002565843453,0.11272614983110023,0.044256381590197895,0.0772246206678184,0.06870710065205847,0.08093211112178064,0.11029028508346528,0.031234155284307365,0.06857890740502626,0.10446601896546781,0.07232171729057361,0.12174768636967721,0.060636546828651,0.07495082387634154,0.09110499250527937,0.09463312282293503,0.09562619170174003,0.0989671538118273
52.07647846399999,0.0848616640349584,0.05070166587496975,0.014689975385928327,0.014553629897168971,0.0009265802416069033,0.03496757648619158,-0.012987690865494577,0.005749808399871523,0.08111246508529543,0.01150178351339751,-0.02017727670110097,0.04067734348687477,0.06339150926630412,0.00344263860357127,0.03307443477180121,0.031071394981284226,-0.012714566772046965,0.07898829442482176,0.08393721255457162,-0.007540913499334627,0.040054305406686454,-0.043137834448966066,0.09381530258126856,0.05084893664960483,-0.007785743771819398,0.1117806598018173,-0.004551582042560247,0.08318681387130969,0.0570622329417217,0.021904956844602048,0.0560077541823765,0.03469693251619382,0.0017609851742495916,0.008765845592798931,0.039904013244917484,0.07254806969389652,0.002724366233451292,0.03670501042090889,0.055795787191267925,0.005464826635683754,0.06283378711668774,0.057440345693196705,0.029979547227932404,0.06573541323970337,0.08564852851642561,0.028893051436170936,0.05154112862406431,0.02509908166913582,0.024659208853076313,0.04867452481162867,-0.040642392285267954,0.026497811652786498,0.0215607340214774,0.03883030905022419,0.03536012873519212,0.03612335934303701,0.014543267561488653,0.004607308963646314,0.004890946105920843,0.050007270965059955,0.05618473964568693,0.03598571001618568,-0.01775170350447297,0.040030755335465074
53.15022028799999,0.03557239652478269,0.00902048237289169,0.026695662145877055,0.0001433592863447433,0.02630769969774909,-0.029394779953041246,0.02798473753084961,0.036803899108365706,0.020650925310162296,0.03754908033546859,0.05869729641043315,0.019387046798198884,0.03052094093124781,0.034993215513947816,0.08426722504165289,0.06307594135536679,-0.003983337948739063,-0.01520157015849171,-0.0012838731428408724,-0.007246453515628153,0.0665836436175076,-0.05240594692960648,0.07229243043132426,0.027759214850708043,0.03653734832187183,-0.0038556304238487166,-0.004870628476575283,0.0848042157096123,0.042341819107865115,0.04932726762906116,0.05848123518184626,0.0588591393149857,0.05591951234548885,0.011507933992626411,0.017715848951151462,-0.006688068685304773,0.04286984304781072,-0.0029599118611908382,-0.06988492020380883,0.06447157628800985,-0.017089965578634292,0.050432031560506276,0.044226580972982835,0.014291706041798795,0.0474350035489936,0.0019401253666728735,0.04528733851371466,0.03181449485210968,0.0028711034844621152,0.020919540015581464,0.029729373358090276,0.029043328590757613,0.003137037972919643,0.049389942424438366,0.009733834420330822,0.033416850259527564,-0.007148273625976539,0.01607702749814572,0.047263976552390626,0.0009814755425655419,0.02667494567867834,0.07539005382984344,0.05821919580921531,0.08249460556544363
54.223962111999995,0.05760766745411924,0.0835088856485007,0.03615152925755995,-0.018749253720410967,0.03991767527414985,0.07108575977118951,0.051444801614187394,0.07231506124039047,0.03008522671630739,0.041887873792023,0.10073494735323558,0.03418772759947128,0.05743223688166056,0.045086643708470674,0.07578183330562231,0.03886706411971577,0.07472868439072045,0.024863721179177185,0.05585934194719552,0.09600449938755316,0.09112927592026868,0.08828950948580834,0.04902272868223788,0.059516603114648854,0.022265459439950064,0.0474563739667896,0.030544633507296175,0.03911483777587169,0.08048585996065023,0.03749387554541629,0.05574151141003573,0.03184280135402722,0.0031926358891983648,-0.018982958946643133,0.03661473092298755,0.08534254942164157,-0.011883275146828964,0.004356080516507583,0.09916514745938391,0.0843725538995516,0.03231670073000714,0.0009254725238341576,0.08637042504103322,0.06002092968057176,0.025995661720766554,0.018073728075250983,0.046512381601912366,0.02338612054674221,0.02883661528332076,0.07924566516053996,0.0909642647727326,0.02940147800005174,0.018363548326306045,0.021992946850202446,0.007566186715848744,0.027201248100027442,0.03500424757450154,0.017436844138761183,0.019238593422674706,0.03854832271047469,0.05332735630508978,0.020147701642209928,0.01668917341157794,0.026135815540328622
55.29770393599999,0.09243734733068518,0.11180661543871143,0.07184193000700491,0.12332902672850261,0.07343742759777731,0.10665236539872629,0.08586670003881279,0.056666077821448974,0.1018867774026668,0.046785255902380286,0.0546104890402473,0.03471119421634025,0.08628295621435557,0.10951434732747398,0.12652934707667945,0.06650209084286221,0.13840989943855675,0.07403706324320021,0.09484209838306665,0.15298978079538625,0.11002651131379285,0.09222020484074685,0.11835212829776408,0.1384446304166756,0.052765886328415945,0.1177606448005203,0.07365589448766384,0.025852703730509217,0.07866282209787252,0.11617838434592288,0.07782020059780084,0.00296835378477616,0.09409282652943927,0.10048798475015376,0.11101762202244052,0.10537518624291156,0.09628692964906804,0.08087791580640312,0.13841973087775322,0.06347860760953543,0.011155794549267739,0.02404738735016768,0.08231004488022466,0.12291891734431763,0.056367865979804525,0.1108115331735462,0.08257765086351096,0.08341597554473472,0.14549112309915863,0.060016130147102685,0.06382261922200476,0.06300709453976847,0.021237503620795906,0.0796349708606223,0.015447682817466557,0.040584092726930976,0.05385516270845463,0.10329037795807901,0.039609246321820786,0.03712254607983466,0.05897807407018263,-1.8749469225960366e-05,0.09461309900507331,0.03721804195083678
56.37144575999999,0.012710463189120804,0.05440060719515064,0.03976244941856878,0.022804752096167898,0.01883581230296321,0.07651515431436044,0.040539509729049836,0.024574408083156283,0.026633845837620487,0.07260272466477805,0.03736322569810519,0.06064519005927391,0.06226077935259257,0.06813441873860679,-0.027830451801751872,0.08988668427004345,-0.011712117229762953,-0.023494957638571838,-0.0255072566589141,0.053501600664666124,-0.024656322834614133,-0.006173599552961865,0.0008530170775234835,0.030977847042127644,-0.0038131386681925505,-0.005076573189788698,-0.0027169890277686393,0.06679332373563998,0.020287420675491115,0.0052794113913218355,-0.04353013249679601,0.021091820306277702,0.029908736406858743,0.017227986860754232,0.010693084417393299,0.01539939891621803,0.035406048846198246,-0.025674917884836237,0.031212235158558803,-0.03850124038789155,-0.029397453006822616,0.027353995997275758,-0.028475176800774146,-0.04953238133956412,-0.04860246625529336,0.006370976334437728,-0.03916936231793703,-0.02434010083587574,0.032482266325782154,-0.025605889918681766,-0.052455112733046656,-0.041906229577892064,-0.04458202433306724,-0.06528132141933643,-0.031170450965873897,-0.018708672607317567,0.03016953602283528,0.02112175229038777,-0.025599496073222587,0.040020177456816394,-0.09282797497871798,0.03143867283194725,-0.05435174936428666,-0.035373560851439834
57.44518758399999,0.01908435665869287,0.02826147824193218,-0.0633511608788727,0.01650264869593749,0.018593774604336692,0.09725589431556207,0.01889905065347973,0.025470973699287112,0.022779651181606044,0.0011834795669918613,-0.0023050961442225215,-0.004625298091143901,0.045395127298044305,-0.027557668226238872,-0.009105851948593877,0.054248038978715024,0.03633324604743393,0.009445858495642563,0.003605942902920236,0.04576300297360701,-0.04506633901369891,0.04380211136802765,0.0027434351972520487,-0.04636136629934689,-0.033819147356553,-0.05361899589791262,0.051776109724804495,0.08585639415209048,0.038752107024525424,-0.01653886743172604,-0.05486896994157827,0.033725194267130325,-0.03526655288130444,-0.003912858631727951,-0.010479019520321993,-0.02948466624989773,-0.07397761245374568,-0.10448229979790215,-0.029875481212262196,-0.018342236131762286,-0.04418822639854625,-0.005844056437906277,-0.050103036944554855,-0.00990265723001877,-0.027290525629983416,-0.052225960651412606,-0.06393647430481256,0.02893199187903,-0.024794243376423504,-0.01369209768849292,-0.03466469461480821,-0.023558727823131318,-0.017063736100681126,0.030083819167755012,-0.05266501277219504,-0.03456559241749346,-0.007372393143928743,0.01757325868155541,-0.0142311766810183,-0.04904502039841775,-0.010884847652050667,-0.03767065898448761,-0.08716449001803994,-0.11989511898718774
58.51892940799999,-0.029920319161776985,0.0003257810104904434,-0.004669688732454753,0.013453502311936713,-0.001563762993360537,-0.06141090266672628,-0.05644633330354866,-0.025229165555044477,-0.0006454834157401429,-0.028250042340784733,0.031798625468841886,0.015181778921812241,0.003620667183505637,0.07167091132474265,0.006049461122269609,0.012011094318170632,0.0001846336599555798,-0.0309736697651845,-0.053790513696315295,-0.001988170810883665,0.005024907129284527,-0.05733162261978058,-0.012605405307632671,-0.026227980864600146,0.03833417876739986,-0.027008107357167837,-0.005776992071852354,0.027290902341649468,-0.026572879328991154,-0.050146950113620345,0.018342515578426952,-0.07672868705620724,-0.03356497810870808,-0.002967969481168049,-0.0011453475183641005,-0.03928854998126294,-0.047311649221228436,-0.0528984993330336,-0.06828511663687616,-0.0135812182727802,-0.07713979372056201,-0.010665451357324076,-0.024486830715821792,-0.09050606329609374,0.027312173724307547,-0.051853331038728356,-0.007788748750629436,0.005003222946210631,0.011428711835573528,-0.05733298039662519,-0.00322211387018407,-0.12306842895590567,-0.08274646487552673,-0.10889726237759792,-0.05318063392769545,-0.036912461975589395,-0.06197669670135448,-0.0944027092025083,-0.04671041630873723,-0.04937315514377717,-0.03466874470177572,-0.014085943893795567,-0.012747214641422033,-0.06752713373862207
59.592671231999994,0.037207228996391804,-0.025644250962484096,0.0004237219369055568,-0.06550823327935566,-0.01755499517665677,-0.016313274058380296,-0.06854348339090523,-0.024177625999852483,-0.05057958307692648,-0.03310635685089177,0.05674402984940181,-0.033723537818462185,-0.06250843146283712,-0.009635314761128808,-0.03017449945244672,0.022307645828862275,-0.06752569798118202,-0.002086677746514657,-0.04060893905365706,-0.023293954986521776,0.026406834783431674,0.02061526007517906,-0.04337762099437116,-0.03571200930829426,-0.050327212520642206,0.0008405703525308388,-0.1263230680529627,-0.02351491594786889,-0.03219093747403739,0.0026646732045004944,-0.039984252179108025,-0.06812244690289455,-0.04659143538862866,-0.02010203801494624,0.007944652779510113,-0.047479908279326216,-0.02429162387852557,0.034529448337187726,-0.02247798600209145,-0.009202684816305658,-0.014061359514016658,-0.08226518560591753,-0.008371040948467063,-0.019169308698370253,-0.016083408862219324,-0.06179238692857325,-0.0533247390204841,-0.050236480560020676,-0.05385681624310174,-0.0780766671024529,-0.02880143413702691,-0.06411305385076307,-0.018886045669205487,-0.07250839577422344,-0.006305625545792282,0.011950940592214465,-0.07444304540903042,-0.010802413494924883,-0.007134225784933993,0.008503736312767225,-0.0430634349322645,-0.05238673285514649,0.008638888131827116,0.011459460714831948
