track_id,family,originating_scan,rank,frequency_MHz,drift_hz_s,width_channels,ON_mean_center_minus_flank,largest_adjacent_OFF_mean_center_minus_flank,ON_minus_largest_adjacent_OFF_fixed_mean,ON_positive_rows,classification
epoch1_on_stationary_rank_01,stationary,epoch1_on,1,1425.0044959742202,0.0,1,1.8588525734183672,1.025202544386689,0.8336500290316782,16,UNRESOLVED_EXPLORATORY_NO_SKY_INFERENCE
epoch1_on_stationary_rank_02,stationary,epoch1_on,2,1425.0011614222003,0.0,1,0.6722723535614705,0.37430157029491695,0.2979707832665536,16,UNRESOLVED_EXPLORATORY_NO_SKY_INFERENCE
epoch1_on_stationary_rank_03,stationary,epoch1_on,3,1426.035351748509,0.0,1,0.1221450812839771,0.034047703300234766,0.08809737798374233,15,UNRESOLVED_EXPLORATORY_NO_SKY_INFERENCE
epoch2_on_stationary_rank_01,stationary,epoch2_on,1,1424.9700729627202,0.0,1,0.13411906489061906,0.015387864684389504,0.11873120020622956,13,UNRESOLVED_EXPLORATORY_NO_SKY_INFERENCE
epoch2_on_stationary_rank_02,stationary,epoch2_on,2,1425.519434737025,0.0,1,0.10636159553489767,0.015756456555725565,0.0906051389791721,15,UNRESOLVED_EXPLORATORY_NO_SKY_INFERENCE
epoch2_on_stationary_rank_03,stationary,epoch2_on,3,1426.1181938163825,0.0,1,0.1209468477202786,0.03112157695253536,0.08982527076774324,15,UNRESOLVED_EXPLORATORY_NO_SKY_INFERENCE
epoch3_on_stationary_rank_01,stationary,epoch3_on,1,1425.8368806867345,0.0,1,0.134680196100189,0.005729492720043958,0.12895070338014503,14,UNRESOLVED_EXPLORATORY_NO_SKY_INFERENCE
epoch3_on_stationary_rank_02,stationary,epoch3_on,2,1424.6488954905121,0.0,1,0.1300131862121987,-0.005781174425891725,0.13579436063809042,13,UNRESOLVED_EXPLORATORY_NO_SKY_INFERENCE
epoch3_on_stationary_rank_03,stationary,epoch3_on,3,1426.282125611017,0.0,1,1.4207606679532792,1.316813763336638,0.10394690461664124,16,UNRESOLVED_EXPLORATORY_NO_SKY_INFERENCE
epoch1_on_drift_rank_01,drift,epoch1_on,1,1426.2821284465203,-0.010498687664042272,3,0.8369984062949426,0.33071096805112743,0.5062874382438152,16,UNRESOLVED_EXPLORATORY_NO_SKY_INFERENCE
epoch1_on_drift_rank_02,drift,epoch1_on,2,1426.2821171045068,0.052493438320209584,3,0.45493976731093944,0.05975371750073831,0.3951860498102011,14,UNRESOLVED_EXPLORATORY_NO_SKY_INFERENCE
epoch1_on_drift_rank_03,drift,epoch1_on,3,1426.2821397885339,-0.08398950131233596,3,0.435168853083305,0.0012407975648860703,0.43392805551841895,15,UNRESOLVED_EXPLORATORY_NO_SKY_INFERENCE
epoch2_on_drift_rank_01,drift,epoch2_on,1,1426.2821284465203,0.0,1,1.5787485726331887,1.558536692413059,0.020211880220129652,16,UNRESOLVED_EXPLORATORY_NO_SKY_INFERENCE
epoch2_on_drift_rank_02,drift,epoch2_on,2,1426.2821397885339,-0.06299212598425186,3,0.477128329236804,0.02503266294021348,0.4520956662965905,13,UNRESOLVED_EXPLORATORY_NO_SKY_INFERENCE
epoch2_on_drift_rank_03,drift,epoch2_on,3,1426.2821171045068,0.052493438320209584,3,0.44314420605665633,0.02045076950987467,0.42269343654678165,13,UNRESOLVED_EXPLORATORY_NO_SKY_INFERENCE
epoch3_on_drift_rank_01,drift,epoch3_on,1,1426.282125611017,0.0,3,0.8979750972567812,0.8772705683943882,0.020704528862392935,16,UNRESOLVED_EXPLORATORY_NO_SKY_INFERENCE
epoch3_on_drift_rank_02,drift,epoch3_on,2,1426.2821369530307,-0.05249343832021003,3,0.5458521885407185,0.010290656770963705,0.5355615317697547,13,UNRESOLVED_EXPLORATORY_NO_SKY_INFERENCE
epoch3_on_drift_rank_03,drift,epoch3_on,3,1426.2821142690034,0.06299212598425186,3,0.4008797963508003,0.0026398884203260864,0.3982399079304742,14,UNRESOLVED_EXPLORATORY_NO_SKY_INFERENCE
