track_id,family,originating_scan,profile_scan,adjacent_control,mean_center_minus_flank,median_center_minus_flank,positive_rows
epoch1_on_stationary_rank_01,stationary,epoch1_on,epoch1_on,False,1.8588525734183672,1.9004234874028239,16
epoch1_on_stationary_rank_01,stationary,epoch1_on,epoch1_off,True,1.025202544386689,1.0937860467613656,16
epoch1_on_stationary_rank_01,stationary,epoch1_on,epoch2_on,False,0.13471284061184552,0.10855435137529801,13
epoch1_on_stationary_rank_01,stationary,epoch1_on,epoch2_off,False,0.008792156734792653,-0.014543511627437389,7
epoch1_on_stationary_rank_01,stationary,epoch1_on,epoch3_on,False,-0.02046793077475785,0.004056773894731525,9
epoch1_on_stationary_rank_01,stationary,epoch1_on,epoch3_off,False,0.0245486360833167,0.03116753563749014,10
epoch1_on_stationary_rank_02,stationary,epoch1_on,epoch1_on,False,0.6722723535614705,0.7058191021277339,16
epoch1_on_stationary_rank_02,stationary,epoch1_on,epoch1_off,True,0.37430157029491695,0.3693308125876111,16
epoch1_on_stationary_rank_02,stationary,epoch1_on,epoch2_on,False,0.5179629292668771,0.4877167548342037,16
epoch1_on_stationary_rank_02,stationary,epoch1_on,epoch2_off,False,0.4571857487514857,0.5042277600457693,16
epoch1_on_stationary_rank_02,stationary,epoch1_on,epoch3_on,False,0.5205399905496091,0.5008207323551537,16
epoch1_on_stationary_rank_02,stationary,epoch1_on,epoch3_off,False,0.43528798580973005,0.3994007952256487,16
epoch1_on_stationary_rank_03,stationary,epoch1_on,epoch1_on,False,0.1221450812839771,0.13229611468807367,15
epoch1_on_stationary_rank_03,stationary,epoch1_on,epoch1_off,True,0.034047703300234766,0.042220759549794984,9
epoch1_on_stationary_rank_03,stationary,epoch1_on,epoch2_on,False,0.02429037510185566,0.02436633883798167,9
epoch1_on_stationary_rank_03,stationary,epoch1_on,epoch2_off,False,0.04032451826373908,0.03522147867766845,10
epoch1_on_stationary_rank_03,stationary,epoch1_on,epoch3_on,False,-0.045483377050936025,-0.0603483567241202,4
epoch1_on_stationary_rank_03,stationary,epoch1_on,epoch3_off,False,0.010422482857618827,-0.00899074192921745,7
epoch2_on_stationary_rank_01,stationary,epoch2_on,epoch1_on,False,0.04768897738575832,0.015417233046838952,11
epoch2_on_stationary_rank_01,stationary,epoch2_on,epoch1_off,True,0.015387864684389504,-0.028315524222221056,7
epoch2_on_stationary_rank_01,stationary,epoch2_on,epoch2_on,False,0.13411906489061906,0.12981757424054802,13
epoch2_on_stationary_rank_01,stationary,epoch2_on,epoch2_off,True,0.014629202003326583,-0.017648697915391642,8
epoch2_on_stationary_rank_01,stationary,epoch2_on,epoch3_on,False,-0.012555117052460346,-0.01491357002710425,7
epoch2_on_stationary_rank_01,stationary,epoch2_on,epoch3_off,False,0.006597768764116864,0.04363631755879571,10
epoch2_on_stationary_rank_02,stationary,epoch2_on,epoch1_on,False,-0.011631755876812075,0.0023793794688763414,9
epoch2_on_stationary_rank_02,stationary,epoch2_on,epoch1_off,True,0.015756456555725565,-0.0026782576103868694,8
epoch2_on_stationary_rank_02,stationary,epoch2_on,epoch2_on,False,0.10636159553489767,0.10872761814132481,15
epoch2_on_stationary_rank_02,stationary,epoch2_on,epoch2_off,True,-0.002562935302861176,-0.008099814373884962,6
epoch2_on_stationary_rank_02,stationary,epoch2_on,epoch3_on,False,-0.02814237305128521,-0.021707423081400334,4
epoch2_on_stationary_rank_02,stationary,epoch2_on,epoch3_off,False,0.027248511104380896,0.011731062942291204,10
epoch2_on_stationary_rank_03,stationary,epoch2_on,epoch1_on,False,0.02453206302366305,-0.005075385863240189,7
epoch2_on_stationary_rank_03,stationary,epoch2_on,epoch1_off,True,0.03112157695253536,0.007969479420634973,9
epoch2_on_stationary_rank_03,stationary,epoch2_on,epoch2_on,False,0.1209468477202786,0.08945862170831531,15
epoch2_on_stationary_rank_03,stationary,epoch2_on,epoch2_off,True,0.003716086211211264,0.0018913017554879064,8
epoch2_on_stationary_rank_03,stationary,epoch2_on,epoch3_on,False,-0.015857530664230263,-0.0005256434105506136,8
epoch2_on_stationary_rank_03,stationary,epoch2_on,epoch3_off,False,0.013164539906444644,0.030047141645527242,10
epoch3_on_stationary_rank_01,stationary,epoch3_on,epoch1_on,False,0.004324669383376917,-0.02478895024148553,6
epoch3_on_stationary_rank_01,stationary,epoch3_on,epoch1_off,False,-0.0015092558801971037,-0.01643980342096074,5
epoch3_on_stationary_rank_01,stationary,epoch3_on,epoch2_on,False,0.0159471263620461,-0.01908992777060381,7
epoch3_on_stationary_rank_01,stationary,epoch3_on,epoch2_off,True,0.004888665419555301,-0.0020628712105403846,7
epoch3_on_stationary_rank_01,stationary,epoch3_on,epoch3_on,False,0.134680196100189,0.10930767649069972,14
epoch3_on_stationary_rank_01,stationary,epoch3_on,epoch3_off,True,0.005729492720043958,-0.008668218953145845,7
epoch3_on_stationary_rank_02,stationary,epoch3_on,epoch1_on,False,-0.014129350244791977,-0.021287373515132657,7
epoch3_on_stationary_rank_02,stationary,epoch3_on,epoch1_off,False,-0.048683068122670085,-0.045823563015262636,4
epoch3_on_stationary_rank_02,stationary,epoch3_on,epoch2_on,False,-0.029464922842352678,-0.03323802044740082,6
epoch3_on_stationary_rank_02,stationary,epoch3_on,epoch2_off,True,-0.006259572145100596,-0.045509360027827184,6
epoch3_on_stationary_rank_02,stationary,epoch3_on,epoch3_on,False,0.1300131862121987,0.12195706764944247,13
epoch3_on_stationary_rank_02,stationary,epoch3_on,epoch3_off,True,-0.005781174425891725,-0.014342695003081496,8
epoch3_on_stationary_rank_03,stationary,epoch3_on,epoch1_on,False,0.8146002845773708,0.8078566381034799,16
epoch3_on_stationary_rank_03,stationary,epoch3_on,epoch1_off,False,0.46483094030475597,0.36142185697754137,16
epoch3_on_stationary_rank_03,stationary,epoch3_on,epoch2_on,False,0.5864565188077806,0.6139138982626487,15
epoch3_on_stationary_rank_03,stationary,epoch3_on,epoch2_off,True,0.8671815671755405,0.7578466608777658,16
epoch3_on_stationary_rank_03,stationary,epoch3_on,epoch3_on,False,1.4207606679532792,1.4095871053977111,16
epoch3_on_stationary_rank_03,stationary,epoch3_on,epoch3_off,True,1.316813763336638,1.294878803723826,16
epoch1_on_drift_rank_01,drift,epoch1_on,epoch1_on,False,0.8369984062949426,0.826518941989377,16
epoch1_on_drift_rank_01,drift,epoch1_on,epoch1_off,True,0.33071096805112743,0.21562210963331196,16
epoch1_on_drift_rank_01,drift,epoch1_on,epoch2_on,False,0.058003236956588856,0.004971151440452237,10
epoch1_on_drift_rank_01,drift,epoch1_on,epoch2_off,False,0.011527739980409048,-0.006457667222076524,6
epoch1_on_drift_rank_01,drift,epoch1_on,epoch3_on,False,-0.0007357368977809406,-0.017869604457649513,7
epoch1_on_drift_rank_01,drift,epoch1_on,epoch3_off,False,0.017563014942523755,0.01040274378628847,9
epoch1_on_drift_rank_02,drift,epoch1_on,epoch1_on,False,0.45493976731093944,0.4806697315314903,14
epoch1_on_drift_rank_02,drift,epoch1_on,epoch1_off,True,0.05975371750073831,0.04521251810738569,11
epoch1_on_drift_rank_02,drift,epoch1_on,epoch2_on,False,0.02249348676558105,0.02983182809936291,12
epoch1_on_drift_rank_02,drift,epoch1_on,epoch2_off,False,0.00479542912963838,0.006470485607080412,8
epoch1_on_drift_rank_02,drift,epoch1_on,epoch3_on,False,-0.04615708552938515,-0.03084965088015157,3
epoch1_on_drift_rank_02,drift,epoch1_on,epoch3_off,False,-0.0012354568669716987,-0.011980834912585725,7
epoch1_on_drift_rank_03,drift,epoch1_on,epoch1_on,False,0.435168853083305,0.5443066253584588,15
epoch1_on_drift_rank_03,drift,epoch1_on,epoch1_off,True,0.0012407975648860703,0.005892872084658274,8
epoch1_on_drift_rank_03,drift,epoch1_on,epoch2_on,False,0.042518273924267456,0.0411189714301875,12
epoch1_on_drift_rank_03,drift,epoch1_on,epoch2_off,False,-0.011325438038433791,-0.0023955136710880343,8
epoch1_on_drift_rank_03,drift,epoch1_on,epoch3_on,False,-0.0010249450135347074,0.008827592929463446,9
epoch1_on_drift_rank_03,drift,epoch1_on,epoch3_off,False,-0.0022306974860442016,0.007121084023522739,9
epoch2_on_drift_rank_01,drift,epoch2_on,epoch1_on,False,1.3315118007095106,1.3850417844935716,16
epoch2_on_drift_rank_01,drift,epoch2_on,epoch1_off,True,1.558536692413059,1.6250032783035877,16
epoch2_on_drift_rank_01,drift,epoch2_on,epoch2_on,False,1.5787485726331887,1.5720454195128706,16
epoch2_on_drift_rank_01,drift,epoch2_on,epoch2_off,True,1.3609153357936803,1.3964414127849996,16
epoch2_on_drift_rank_01,drift,epoch2_on,epoch3_on,False,0.9890535046487403,0.8430996771125118,16
epoch2_on_drift_rank_01,drift,epoch2_on,epoch3_off,False,1.1391937204389604,1.0575135594694212,16
epoch2_on_drift_rank_02,drift,epoch2_on,epoch1_on,False,-0.01279203891574808,-0.026608394479119613,5
epoch2_on_drift_rank_02,drift,epoch2_on,epoch1_off,True,0.02503266294021348,0.0314573229866415,11
epoch2_on_drift_rank_02,drift,epoch2_on,epoch2_on,False,0.477128329236804,0.4612260911544367,13
epoch2_on_drift_rank_02,drift,epoch2_on,epoch2_off,True,-0.02252747365968326,-0.03333882517471648,5
epoch2_on_drift_rank_02,drift,epoch2_on,epoch3_on,False,0.005114086111806873,0.011081007027211931,9
epoch2_on_drift_rank_02,drift,epoch2_on,epoch3_off,False,-0.013960519467814271,-0.01704741841637858,6
epoch2_on_drift_rank_03,drift,epoch2_on,epoch1_on,False,0.006869987316646654,0.006199484703909075,9
epoch2_on_drift_rank_03,drift,epoch2_on,epoch1_off,True,-0.008018497324748512,-0.009827722999160793,7
epoch2_on_drift_rank_03,drift,epoch2_on,epoch2_on,False,0.44314420605665633,0.3688827146576479,13
epoch2_on_drift_rank_03,drift,epoch2_on,epoch2_off,True,0.02045076950987467,0.00916529570994118,9
epoch2_on_drift_rank_03,drift,epoch2_on,epoch3_on,False,-0.012411270712414553,-0.006506542914845204,8
epoch2_on_drift_rank_03,drift,epoch2_on,epoch3_off,False,-0.002167801504657195,0.01083865681971985,9
epoch3_on_drift_rank_01,drift,epoch3_on,epoch1_on,False,0.7479075304429309,0.765053685140276,16
epoch3_on_drift_rank_01,drift,epoch3_on,epoch1_off,False,0.6743327823914126,0.6768801826487433,16
epoch3_on_drift_rank_01,drift,epoch3_on,epoch2_on,False,0.7519395806441105,0.7857404810591678,16
epoch3_on_drift_rank_01,drift,epoch3_on,epoch2_off,True,0.7661979087536208,0.7790954104483409,16
epoch3_on_drift_rank_01,drift,epoch3_on,epoch3_on,False,0.8979750972567812,0.8747482787421734,16
epoch3_on_drift_rank_01,drift,epoch3_on,epoch3_off,True,0.8772705683943882,0.8650864044888951,16
epoch3_on_drift_rank_02,drift,epoch3_on,epoch1_on,False,0.005034839437349663,0.003583038064781996,9
epoch3_on_drift_rank_02,drift,epoch3_on,epoch1_off,False,-0.01777460897092205,-0.03154395065676108,4
epoch3_on_drift_rank_02,drift,epoch3_on,epoch2_on,False,0.02029455935715558,0.018036992795884554,9
epoch3_on_drift_rank_02,drift,epoch3_on,epoch2_off,True,0.003259926507041905,0.011195713758539227,9
epoch3_on_drift_rank_02,drift,epoch3_on,epoch3_on,False,0.5458521885407185,0.5492798663752986,13
epoch3_on_drift_rank_02,drift,epoch3_on,epoch3_off,True,0.010290656770963705,0.0033740115064162524,8
epoch3_on_drift_rank_03,drift,epoch3_on,epoch1_on,False,0.011613903985151726,0.0016218405728406493,8
epoch3_on_drift_rank_03,drift,epoch3_on,epoch1_off,False,0.021669530240949482,0.015181305970104919,9
epoch3_on_drift_rank_03,drift,epoch3_on,epoch2_on,False,0.03681293185921757,0.02987582235159414,10
epoch3_on_drift_rank_03,drift,epoch3_on,epoch2_off,True,-0.007178420197004251,-0.001493368355745317,8
epoch3_on_drift_rank_03,drift,epoch3_on,epoch3_on,False,0.4008797963508003,0.3382126907358254,14
epoch3_on_drift_rank_03,drift,epoch3_on,epoch3_off,True,0.0026398884203260864,0.0033657154483097695,10
