source_chunk_id,batch_id,track_id,originating_scan,display_rank,source_reference_channel,reference_frequency_hz,reference_seconds_from_anchor,drift_hz_s,width_channels,saved_robust_score,epoch1_on_mean_center_minus_flank,epoch1_off_mean_center_minus_flank,epoch2_on_mean_center_minus_flank,epoch2_off_mean_center_minus_flank,epoch3_on_mean_center_minus_flank,epoch3_off_mean_center_minus_flank,origin_positive_rows,origin_first_eight_mean,origin_last_eight_mean,batch_execution_complete,batch_saved_output_verified,original_numeric_job_status,classification
153,1,epoch1_on_gap_drift_rank_01,epoch1_on,1,160665088,1420898437.5,8.993112064,0.0,1,188.7726639131535,5.054319928640064,5.191658034606739,5.1066501261648884,5.102541216483683,5.0436130146881,5.2948040502415505,16,5.006056022431867,5.102583834848261,False,True,INCOMPLETE_RESOURCE_LIMIT_NO_RETRY,UNRESOLVED_EXPLORATORY_PROFILE_NO_SKY_INFERENCE
153,1,epoch1_on_gap_drift_rank_02,epoch1_on,2,160665084,1420898448.8420136,8.993112064,-0.05249343832021003,3,56.886809696907925,0.8765250705832917,-0.02368187677059639,-0.01908794782407549,-0.007061049664207043,0.0006023615999284776,-0.01514777535006228,13,0.03686355635883655,1.7161865848077469,False,True,INCOMPLETE_RESOURCE_LIMIT_NO_RETRY,UNRESOLVED_EXPLORATORY_PROFILE_NO_SKY_INFERENCE
153,1,epoch1_on_gap_drift_rank_03,epoch1_on,3,160665092,1420898426.1579862,8.993112064,0.052493438320209584,3,54.328374269116594,0.8369865522899855,-0.01055758186122889,-0.008626606828402585,-0.001600067777252967,0.013835607246919547,0.0060450658113693975,10,-0.015716228592422665,1.6896893331723937,False,True,INCOMPLETE_RESOURCE_LIMIT_NO_RETRY,UNRESOLVED_EXPLORATORY_PROFILE_NO_SKY_INFERENCE
153,1,epoch2_on_gap_drift_rank_01,epoch2_on,1,160665088,1420898437.5,668.9931117007842,0.0,1,189.28717957845322,5.054319928640064,5.191658034606739,5.1066501261648884,5.102541216483683,5.0436130146881,5.2948040502415505,16,5.106590386856787,5.10670986547299,False,True,INCOMPLETE_RESOURCE_LIMIT_NO_RETRY,UNRESOLVED_EXPLORATORY_PROFILE_NO_SKY_INFERENCE
153,1,epoch2_on_gap_drift_rank_02,epoch2_on,2,160665084,1420898448.8420136,668.9931117007842,-0.05249343832021003,3,55.087983515753166,-0.006877377387057598,-0.0006366285786944467,0.8600341977033118,0.0016697322439800238,-0.008135234657291712,-0.012926610215403228,13,0.01774064007839536,1.702327755328228,False,True,INCOMPLETE_RESOURCE_LIMIT_NO_RETRY,UNRESOLVED_EXPLORATORY_PROFILE_NO_SKY_INFERENCE
153,1,epoch2_on_gap_drift_rank_03,epoch2_on,3,160665092,1420898426.1579862,668.9931117007842,0.052493438320209584,3,54.11993828280215,-0.0204556813189253,-0.01653839971794946,0.8453828655281732,0.02173242969080104,-0.013354649923270727,0.004699933903957537,12,-0.008560382935619879,1.6993261139919662,False,True,INCOMPLETE_RESOURCE_LIMIT_NO_RETRY,UNRESOLVED_EXPLORATORY_PROFILE_NO_SKY_INFERENCE
153,1,epoch3_on_gap_drift_rank_01,epoch3_on,1,160665088,1420898437.5,1328.993111966211,0.0,1,189.46163553849925,5.054319928640064,5.191658034606739,5.1066501261648884,5.102541216483683,5.0436130146881,5.2948040502415505,16,5.085393022498007,5.001833006878193,False,True,INCOMPLETE_RESOURCE_LIMIT_NO_RETRY,UNRESOLVED_EXPLORATORY_PROFILE_NO_SKY_INFERENCE
153,1,epoch3_on_gap_drift_rank_02,epoch3_on,2,160665092,1420898426.1579862,1328.993111966211,0.052493438320209584,3,55.053665744297106,0.022631035129457584,-0.00659955861042219,0.00853868145206755,0.010210041554917587,0.8492070880265257,0.007739064860450874,14,0.04296862028870774,1.6554455557643437,False,True,INCOMPLETE_RESOURCE_LIMIT_NO_RETRY,UNRESOLVED_EXPLORATORY_PROFILE_NO_SKY_INFERENCE
153,1,epoch3_on_gap_drift_rank_03,epoch3_on,3,160665084,1420898448.8420136,1328.993111966211,-0.05249343832021003,3,53.16293881291724,-0.034586093228393164,-0.007016317153642378,0.016995577865418186,0.020128099345993744,0.8195247238582754,0.019469476485866215,11,-0.04286701715505731,1.681916464871608,False,True,INCOMPLETE_RESOURCE_LIMIT_NO_RETRY,UNRESOLVED_EXPLORATORY_PROFILE_NO_SKY_INFERENCE
153,2,epoch1_on_gap_drift_rank_01,epoch1_on,1,160981941,1419999999.735353,8.993112064,0.0,1,42.927905980320844,1.158125277949702,1.0414109079669263,1.0295979938874127,1.1391567524454516,1.0330931927350209,1.0585959743561486,16,1.2822635686216057,1.0339869872777978,True,True,COMPLETE_127_NEW_NATIVE_CORE_BATCH_EXPLORATORY_ONLY,UNRESOLVED_EXPLORATORY_PROFILE_NO_SKY_INFERENCE
153,2,epoch1_on_gap_drift_rank_02,epoch1_on,2,160981937,1420000011.0773666,8.993112064,-0.05249343832021003,3,12.601712750182532,0.20113326814694324,-0.023476503233909533,0.001401785811310903,-0.0030782422983767696,-0.005355726857432401,-0.01428139138917,13,0.044457987076001446,0.3578085492178851,True,True,COMPLETE_127_NEW_NATIVE_CORE_BATCH_EXPLORATORY_ONLY,UNRESOLVED_EXPLORATORY_PROFILE_NO_SKY_INFERENCE
153,2,epoch1_on_gap_drift_rank_03,epoch1_on,3,160981945,1419999988.3933392,8.993112064,0.052493438320209584,3,9.907373654422134,0.15617480622298413,0.008338400076021754,0.03208105205770067,-0.006499541769924767,-0.017167605711981428,-0.03333156363760476,14,0.019236404983404856,0.29311320746256336,True,True,COMPLETE_127_NEW_NATIVE_CORE_BATCH_EXPLORATORY_ONLY,UNRESOLVED_EXPLORATORY_PROFILE_NO_SKY_INFERENCE
153,2,epoch2_on_gap_drift_rank_01,epoch2_on,1,160981941,1419999999.735353,668.9931117007842,0.0,1,38.66749419137216,1.158125277949702,1.0414109079669263,1.0295979938874127,1.1391567524454516,1.0330931927350209,1.0585959743561486,16,1.0293747756726954,1.0298212121021304,True,True,COMPLETE_127_NEW_NATIVE_CORE_BATCH_EXPLORATORY_ONLY,UNRESOLVED_EXPLORATORY_PROFILE_NO_SKY_INFERENCE
153,2,epoch2_on_gap_drift_rank_02,epoch2_on,2,160981937,1420000011.0773666,668.9931117007842,-0.05249343832021003,3,11.72454131138582,0.017354432461700417,0.0015108646322565741,0.18345010899495018,-0.009545053394570971,0.0074596852649182754,0.01790613309817142,13,0.023068399153195612,0.3438318188367048,True,True,COMPLETE_127_NEW_NATIVE_CORE_BATCH_EXPLORATORY_ONLY,UNRESOLVED_EXPLORATORY_PROFILE_NO_SKY_INFERENCE
153,2,epoch2_on_gap_drift_rank_03,epoch2_on,3,160981945,1419999988.3933392,668.9931117007842,0.052493438320209584,3,11.263677817345696,0.013537326758249868,-0.023461481714893512,0.17621325950124522,0.008189410874270699,0.019229168555535615,0.01309831694027834,11,0.013420151105029768,0.33900636789746064,True,True,COMPLETE_127_NEW_NATIVE_CORE_BATCH_EXPLORATORY_ONLY,UNRESOLVED_EXPLORATORY_PROFILE_NO_SKY_INFERENCE
153,2,epoch3_on_gap_drift_rank_01,epoch3_on,1,160981941,1419999999.735353,1328.993111966211,0.0,1,38.463954372851276,1.158125277949702,1.0414109079669263,1.0295979938874127,1.1391567524454516,1.0330931927350209,1.0585959743561486,16,1.0201663596939523,1.0460200257760892,True,True,COMPLETE_127_NEW_NATIVE_CORE_BATCH_EXPLORATORY_ONLY,UNRESOLVED_EXPLORATORY_PROFILE_NO_SKY_INFERENCE
153,2,epoch3_on_gap_drift_rank_02,epoch3_on,2,160981945,1419999988.3933392,1328.993111966211,0.052493438320209584,3,11.421269199297887,-0.01783382215585458,-0.010725576266133852,-0.020576966939177065,0.017717328679178183,0.17835755041141244,0.016360565387758277,11,0.005140952103830448,0.35157414871899445,True,True,COMPLETE_127_NEW_NATIVE_CORE_BATCH_EXPLORATORY_ONLY,UNRESOLVED_EXPLORATORY_PROFILE_NO_SKY_INFERENCE
153,2,epoch3_on_gap_drift_rank_03,epoch3_on,3,160981937,1420000011.0773666,1328.993111966211,-0.05249343832021003,3,10.919029529839936,0.010185696275005408,0.013998004825241848,0.014276160978565003,0.030734386823188825,0.17018571237745236,0.011200926658315423,11,-0.020698423301982585,0.3610698480568873,True,True,COMPLETE_127_NEW_NATIVE_CORE_BATCH_EXPLORATORY_ONLY,UNRESOLVED_EXPLORATORY_PROFILE_NO_SKY_INFERENCE
154,1,epoch1_on_gap_drift_rank_01,epoch1_on,1,161698304,1417968750.0,8.993112064,0.0,1,246.55898035856677,6.5877332413197305,6.649290560896471,6.697051730956867,6.800076047635645,6.5315802420402775,6.567691107144016,16,6.758001796393545,6.417464686245914,False,True,INCOMPLETE_RESOURCE_LIMIT_NO_RETRY,UNRESOLVED_EXPLORATORY_PROFILE_NO_SKY_INFERENCE
154,1,epoch1_on_gap_drift_rank_02,epoch1_on,2,161698300,1417968761.3420136,8.993112064,-0.05249343832021003,3,69.94923266675893,1.073347207424573,-0.0011209008159356812,0.001428164885241258,0.0036643247473577764,-0.0007504531448658813,-0.002927706595986436,12,0.012176976630745961,2.1345174382184,False,True,INCOMPLETE_RESOURCE_LIMIT_NO_RETRY,UNRESOLVED_EXPLORATORY_PROFILE_NO_SKY_INFERENCE
154,1,epoch1_on_gap_drift_rank_03,epoch1_on,3,161698308,1417968738.6579862,8.993112064,0.052493438320209584,3,69.86044086801635,1.0741881391186285,0.026139299757966875,0.007147280883072218,-0.010597254177721387,-0.017763235533975213,-0.023976801728322103,12,-0.0032315085776555563,2.151607786814912,False,True,INCOMPLETE_RESOURCE_LIMIT_NO_RETRY,UNRESOLVED_EXPLORATORY_PROFILE_NO_SKY_INFERENCE
154,1,epoch2_on_gap_drift_rank_01,epoch2_on,1,161698304,1417968750.0,668.9931117007842,0.0,1,252.0232088019549,6.5877332413197305,6.649290560896471,6.697051730956867,6.800076047635645,6.5315802420402775,6.567691107144016,16,6.6413135961596605,6.752789865754072,False,True,INCOMPLETE_RESOURCE_LIMIT_NO_RETRY,UNRESOLVED_EXPLORATORY_PROFILE_NO_SKY_INFERENCE
154,1,epoch2_on_gap_drift_rank_02,epoch2_on,2,161698300,1417968761.3420136,668.9931117007842,-0.05249343832021003,3,74.52130156032275,-0.009826293494726225,-0.022545241975900805,1.143910987361994,-0.02080980781752223,-0.003411095455621675,-0.02359693181834737,14,0.02249526298756363,2.2653267117364244,False,True,INCOMPLETE_RESOURCE_LIMIT_NO_RETRY,UNRESOLVED_EXPLORATORY_PROFILE_NO_SKY_INFERENCE
154,1,epoch2_on_gap_drift_rank_03,epoch2_on,3,161698308,1417968738.6579862,668.9931117007842,0.052493438320209584,3,73.4868987011748,0.002047006640540812,-0.00038171203151870364,1.128154124371959,-0.006556111335973877,0.0041062160914369095,0.0011265846201912594,11,0.005367528518245124,2.250940720225673,False,True,INCOMPLETE_RESOURCE_LIMIT_NO_RETRY,UNRESOLVED_EXPLORATORY_PROFILE_NO_SKY_INFERENCE
154,1,epoch3_on_gap_drift_rank_01,epoch3_on,1,161698304,1417968750.0,1328.993111966211,0.0,1,245.85443939918036,6.5877332413197305,6.649290560896471,6.697051730956867,6.800076047635645,6.5315802420402775,6.567691107144016,16,6.575834077052955,6.4873264070276,False,True,INCOMPLETE_RESOURCE_LIMIT_NO_RETRY,UNRESOLVED_EXPLORATORY_PROFILE_NO_SKY_INFERENCE
154,1,epoch3_on_gap_drift_rank_02,epoch3_on,2,161698308,1417968738.6579862,1328.993111966211,0.052493438320209584,3,70.64928154688675,0.010280257247924272,0.013240691901750007,-0.021658887384190244,-0.005278461149474688,1.092980967423871,0.0021709967086733645,13,0.011493270222355315,2.174468664625387,False,True,INCOMPLETE_RESOURCE_LIMIT_NO_RETRY,UNRESOLVED_EXPLORATORY_PROFILE_NO_SKY_INFERENCE
154,1,epoch3_on_gap_drift_rank_03,epoch3_on,3,161698300,1417968761.3420136,1328.993111966211,-0.05249343832021003,3,70.28161403535752,0.025246018048808855,8.758138830160939e-05,-0.003440733860006026,-0.003761854697227597,1.0876121077997187,0.007189993428247367,14,0.01964932538001557,2.155574890219422,False,True,INCOMPLETE_RESOURCE_LIMIT_NO_RETRY,UNRESOLVED_EXPLORATORY_PROFILE_NO_SKY_INFERENCE
154,2,epoch1_on_gap_drift_rank_01,epoch1_on,1,162159394,1416661327.7287855,8.993112064,0.020997375328083656,3,7.034384371118794,0.08165811173717497,0.03491962037996591,-0.0037258650686397554,-0.002724623908174996,-0.016115269694256314,0.0015583277141942506,15,0.0672571834932278,0.09605903998112213,False,True,INCOMPLETE_RESOURCE_LIMIT_NO_RETRY,UNRESOLVED_EXPLORATORY_PROFILE_NO_SKY_INFERENCE
154,2,epoch1_on_gap_drift_rank_02,epoch1_on,2,162193614,1416564296.8018062,8.993112064,1.228346456692913,3,6.122978114943651,0.05889534617376502,0.011424906644409233,-0.0023329939062521343,0.028309336285861728,0.009893120819257806,0.0045119896287363626,16,0.05026181406374966,0.06752887828378037,False,True,INCOMPLETE_RESOURCE_LIMIT_NO_RETRY,UNRESOLVED_EXPLORATORY_PROFILE_NO_SKY_INFERENCE
154,2,epoch1_on_gap_drift_rank_03,epoch1_on,3,162379007,1416038614.3165488,8.993112064,3.863517060367454,1,6.038728642447742,0.16339546617239456,0.022371975238711872,-0.029154188591316493,0.01771943832141183,-0.015317264075112719,-0.008446360802526504,14,0.11901930551947959,0.20777162682530953,False,True,INCOMPLETE_RESOURCE_LIMIT_NO_RETRY,UNRESOLVED_EXPLORATORY_PROFILE_NO_SKY_INFERENCE
154,2,epoch2_on_gap_drift_rank_01,epoch2_on,1,162159393,1416661330.564289,668.9931117007842,-0.0419947506561682,3,7.5133629115051725,0.0013378497736830919,0.03399183632995586,0.09057433339520751,0.007659651499818856,0.00891281927263711,0.017263904958928815,15,0.08165052287503738,0.09949814391537765,False,True,INCOMPLETE_RESOURCE_LIMIT_NO_RETRY,UNRESOLVED_EXPLORATORY_PROFILE_NO_SKY_INFERENCE
154,2,epoch2_on_gap_drift_rank_02,epoch2_on,2,162088878,1416861276.0878413,668.9931117007842,-3.853018372703412,1,6.367869890765345,0.007504128839604704,-0.008200693825046436,0.17185083864771464,0.007978414175503795,0.03729696817981022,0.03823950300734514,16,0.13524741431308085,0.20845426298234843,False,True,INCOMPLETE_RESOURCE_LIMIT_NO_RETRY,UNRESOLVED_EXPLORATORY_PROFILE_NO_SKY_INFERENCE
154,2,epoch2_on_gap_drift_rank_03,epoch2_on,3,162471120,1415777427.5901651,668.9931117007842,3.21259842519685,3,6.342092537005265,-0.011904515489588229,-0.007611147196632667,0.10627894157588333,0.010826806911405376,0.0036623812043673973,0.002363686626276215,14,0.09118266422008695,0.12137521893167971,False,True,INCOMPLETE_RESOURCE_LIMIT_NO_RETRY,UNRESOLVED_EXPLORATORY_PROFILE_NO_SKY_INFERENCE
154,2,epoch3_on_gap_drift_rank_01,epoch3_on,1,162159394,1416661327.7287855,1328.993111966211,-0.0209973753280841,3,7.3507890205922655,0.00899071327332774,0.028225021630874855,0.011921544165629835,0.036914722744687566,0.08958185332677834,0.023755623489924785,15,0.04969216546480999,0.1294715411887467,False,True,INCOMPLETE_RESOURCE_LIMIT_NO_RETRY,UNRESOLVED_EXPLORATORY_PROFILE_NO_SKY_INFERENCE
154,2,epoch3_on_gap_drift_rank_02,epoch3_on,2,162468434,1415785043.752347,1328.993111966211,1.2178477690288716,1,6.232606347899467,-0.029309961800397806,-0.005379847235112936,-0.006037366849228676,-0.006826212585622264,0.17220363114007364,0.012321791803498752,16,0.14913151731452676,0.19527574496562056,False,True,INCOMPLETE_RESOURCE_LIMIT_NO_RETRY,UNRESOLVED_EXPLORATORY_PROFILE_NO_SKY_INFERENCE
154,2,epoch3_on_gap_drift_rank_03,epoch3_on,3,162153447,1416678190.4676151,1328.993111966211,0.5249343832020994,3,6.138044435360638,0.013238107120260148,-0.0005811009535028264,-0.0029589619227873565,-0.003252306829546893,0.0777043078159526,-0.0021128293135565662,15,0.08529128263206229,0.07011733299984291,False,True,INCOMPLETE_RESOURCE_LIMIT_NO_RETRY,UNRESOLVED_EXPLORATORY_PROFILE_NO_SKY_INFERENCE
