case_id,nominal_ideal_box_score,drift_hz_s,intrinsic_width_channels,activity,reference_native_offset,pre_OFF_all_active_recovered,pre_OFF_any_active_recovered,final_all_active_recovered,final_any_active_recovered,ON_threshold_carrier_count,surviving_ON_carrier_count,loss_stage_by_active_ON_scan,ON_global_maximum_robust_score_by_scan,cpu_s,wall_s,peak_rss_bytes
SETI_RADIO_PILOT_20261008_METHOD_STUDY:method_signal:000,10.0,-4.0,1,single_third_ON,0.25,True,True,True,True,32,32,"{""epoch3_on"": ""LOCALIZED_SURVIVOR""}","{""epoch1_on"": 6.164910360565003, ""epoch2_on"": 5.890751538140353, ""epoch3_on"": 10.867776161566074}",73.06436900000001,74.70479111900204,75288576
SETI_RADIO_PILOT_20261008_METHOD_STUDY:method_signal:001,10.0,-4.0,1,all_three_ON,4094.75,False,True,False,True,64,64,"{""epoch1_on"": ""LOCALIZED_SURVIVOR"", ""epoch2_on"": ""LOCALIZED_SURVIVOR"", ""epoch3_on"": ""NO_ON_THRESHOLD_HIT""}","{""epoch1_on"": 11.067441488463402, ""epoch2_on"": 12.091345217117523, ""epoch3_on"": 9.523699971481868}",79.189969,80.70399716199972,75378688
SETI_RADIO_PILOT_20261008_METHOD_STUDY:method_signal:002,10.0,-4.0,3,all_three_ON,1024.25,False,True,False,True,9,9,"{""epoch1_on"": ""NO_ON_THRESHOLD_HIT"", ""epoch2_on"": ""LOCALIZED_SURVIVOR"", ""epoch3_on"": ""NO_ON_THRESHOLD_HIT""}","{""epoch1_on"": 9.530469540657183, ""epoch2_on"": 10.532847577879277, ""epoch3_on"": 9.736124723626258}",70.706955,72.15070453299995,76496896
SETI_RADIO_PILOT_20261008_METHOD_STUDY:method_signal:003,10.0,-1.25,3,all_three_ON,3070.75,False,True,False,True,27,27,"{""epoch1_on"": ""NO_ON_THRESHOLD_HIT"", ""epoch2_on"": ""LOCALIZED_SURVIVOR"", ""epoch3_on"": ""LOCALIZED_SURVIVOR""}","{""epoch1_on"": 8.56615267129646, ""epoch2_on"": 11.027056751168429, ""epoch3_on"": 11.25297016617858}",73.35365300000001,74.70255362899843,75231232
SETI_RADIO_PILOT_20261008_METHOD_STUDY:method_signal:004,10.0,1.25,3,all_three_ON,0.25,False,True,False,True,22,22,"{""epoch1_on"": ""NO_ON_THRESHOLD_HIT"", ""epoch2_on"": ""LOCALIZED_SURVIVOR"", ""epoch3_on"": ""LOCALIZED_SURVIVOR""}","{""epoch1_on"": 8.555767465790742, ""epoch2_on"": 12.035772879234878, ""epoch3_on"": 10.89401151016318}",72.068433,73.3721475229977,75235328
SETI_RADIO_PILOT_20261008_METHOD_STUDY:method_signal:005,10.0,-4.0,3,single_third_ON,4094.75,True,True,True,True,2,2,"{""epoch3_on"": ""LOCALIZED_SURVIVOR""}","{""epoch1_on"": 5.942224672261201, ""epoch2_on"": 6.4580435863349965, ""epoch3_on"": 10.360250820493665}",70.62283,72.14925048499936,74756096
SETI_RADIO_PILOT_20261008_METHOD_STUDY:method_signal:006,10.0,-1.25,1,all_three_ON,1024.25,False,True,False,True,23,23,"{""epoch1_on"": ""LOCALIZED_SURVIVOR"", ""epoch2_on"": ""LOCALIZED_SURVIVOR"", ""epoch3_on"": ""NO_ON_THRESHOLD_HIT""}","{""epoch1_on"": 10.82890141720101, ""epoch2_on"": 11.595856103543747, ""epoch3_on"": 9.272676533323422}",73.813189,75.21093944099994,75251712
SETI_RADIO_PILOT_20261008_METHOD_STUDY:method_signal:007,10.0,1.25,1,all_three_ON,3070.75,False,True,False,True,32,32,"{""epoch1_on"": ""LOCALIZED_SURVIVOR"", ""epoch2_on"": ""NO_ON_THRESHOLD_HIT"", ""epoch3_on"": ""LOCALIZED_SURVIVOR""}","{""epoch1_on"": 10.634402616130869, ""epoch2_on"": 8.59165820593157, ""epoch3_on"": 10.689424528093248}",74.14868899999999,75.71804586700091,75239424
SETI_RADIO_PILOT_20261008_METHOD_STUDY:method_signal:008,10.0,4.0,1,all_three_ON,0.25,True,True,True,True,36,36,"{""epoch1_on"": ""LOCALIZED_SURVIVOR"", ""epoch2_on"": ""LOCALIZED_SURVIVOR"", ""epoch3_on"": ""LOCALIZED_SURVIVOR""}","{""epoch1_on"": 10.229478303213362, ""epoch2_on"": 10.895007117942974, ""epoch3_on"": 10.299563489511275}",75.564316,77.00190802100042,76546048
SETI_RADIO_PILOT_20261008_METHOD_STUDY:method_signal:009,10.0,-1.25,1,single_third_ON,4094.75,False,False,False,False,0,0,"{""epoch3_on"": ""NO_ON_THRESHOLD_HIT""}","{""epoch1_on"": 5.958823794850067, ""epoch2_on"": 5.630496133035613, ""epoch3_on"": 9.326335359575337}",71.69762399999999,73.20826492599736,75280384
SETI_RADIO_PILOT_20261008_METHOD_STUDY:method_signal:010,10.0,-1.25,3,single_third_ON,1024.25,True,True,True,True,29,29,"{""epoch3_on"": ""LOCALIZED_SURVIVOR""}","{""epoch1_on"": 6.096777612462752, ""epoch2_on"": 5.718946404674515, ""epoch3_on"": 11.817620034333252}",74.15400100000001,75.77706838599988,75157504
SETI_RADIO_PILOT_20261008_METHOD_STUDY:method_signal:011,10.0,1.25,3,single_third_ON,3070.75,False,False,False,False,0,0,"{""epoch3_on"": ""NO_ON_THRESHOLD_HIT""}","{""epoch1_on"": 6.049541493504888, ""epoch2_on"": 5.638508155770274, ""epoch3_on"": 8.986564234582438}",70.80387,72.29685554699972,76861440
SETI_RADIO_PILOT_20261008_METHOD_STUDY:method_signal:012,10.0,4.0,3,single_third_ON,0.25,False,False,False,False,0,0,"{""epoch3_on"": ""NO_ON_THRESHOLD_HIT""}","{""epoch1_on"": 6.233864528291751, ""epoch2_on"": 6.051192727851846, ""epoch3_on"": 9.492377942570664}",71.196922,72.50623669199922,76382208
SETI_RADIO_PILOT_20261008_METHOD_STUDY:method_signal:013,10.0,4.0,3,all_three_ON,4094.75,True,True,True,True,19,19,"{""epoch1_on"": ""LOCALIZED_SURVIVOR"", ""epoch2_on"": ""LOCALIZED_SURVIVOR"", ""epoch3_on"": ""LOCALIZED_SURVIVOR""}","{""epoch1_on"": 10.02606281454476, ""epoch2_on"": 10.313018451428436, ""epoch3_on"": 10.34778796905734}",69.84314099999999,71.16512519000025,75231232
SETI_RADIO_PILOT_20261008_METHOD_STUDY:method_signal:014,10.0,1.25,1,single_third_ON,1024.25,False,False,False,False,0,0,"{""epoch3_on"": ""NO_ON_THRESHOLD_HIT""}","{""epoch1_on"": 5.8284248475165095, ""epoch2_on"": 6.078869278274178, ""epoch3_on"": 9.212915536132117}",72.386156,73.64551695300179,76890112
SETI_RADIO_PILOT_20261008_METHOD_STUDY:method_signal:015,10.0,4.0,1,single_third_ON,3070.75,True,True,True,True,1,1,"{""epoch3_on"": ""LOCALIZED_SURVIVOR""}","{""epoch1_on"": 6.155747465559745, ""epoch2_on"": 6.3651931194828855, ""epoch3_on"": 10.015111494420276}",71.545916,72.8569417380022,76533760
SETI_RADIO_PILOT_20261008_METHOD_STUDY:method_signal:016,12.0,-1.25,3,all_three_ON,0.25,True,True,True,True,62,62,"{""epoch1_on"": ""LOCALIZED_SURVIVOR"", ""epoch2_on"": ""LOCALIZED_SURVIVOR"", ""epoch3_on"": ""LOCALIZED_SURVIVOR""}","{""epoch1_on"": 12.810489745115978, ""epoch2_on"": 10.806400643515849, ""epoch3_on"": 13.542531659154314}",76.706716,78.1459956280014,76808192
SETI_RADIO_PILOT_20261008_METHOD_STUDY:method_signal:017,12.0,-4.0,1,single_third_ON,4094.75,True,True,True,True,8,8,"{""epoch3_on"": ""LOCALIZED_SURVIVOR""}","{""epoch1_on"": 5.713904633958765, ""epoch2_on"": 6.406879617379436, ""epoch3_on"": 11.964332945184545}",71.53441500000001,73.10007007099921,75280384
SETI_RADIO_PILOT_20261008_METHOD_STUDY:method_signal:018,12.0,-4.0,1,all_three_ON,1024.25,True,True,True,True,211,211,"{""epoch1_on"": ""LOCALIZED_SURVIVOR"", ""epoch2_on"": ""LOCALIZED_SURVIVOR"", ""epoch3_on"": ""LOCALIZED_SURVIVOR""}","{""epoch1_on"": 12.54195294466362, ""epoch2_on"": 12.605920390981115, ""epoch3_on"": 12.301130895772136}",93.93680599999999,95.80223859500256,77078528
SETI_RADIO_PILOT_20261008_METHOD_STUDY:method_signal:019,12.0,-4.0,3,all_three_ON,3070.75,True,True,True,True,242,242,"{""epoch1_on"": ""LOCALIZED_SURVIVOR"", ""epoch2_on"": ""LOCALIZED_SURVIVOR"", ""epoch3_on"": ""LOCALIZED_SURVIVOR""}","{""epoch1_on"": 12.589856392372463, ""epoch2_on"": 13.800929934211924, ""epoch3_on"": 13.605477762672148}",100.052718,102.1413551379992,76812288
SETI_RADIO_PILOT_20261008_METHOD_STUDY:method_signal:020,12.0,1.25,1,all_three_ON,0.25,True,True,True,True,44,44,"{""epoch1_on"": ""LOCALIZED_SURVIVOR"", ""epoch2_on"": ""LOCALIZED_SURVIVOR"", ""epoch3_on"": ""LOCALIZED_SURVIVOR""}","{""epoch1_on"": 12.81641021786978, ""epoch2_on"": 13.088413301692398, ""epoch3_on"": 12.15496651081034}",75.98903,77.52314606299842,76558336
SETI_RADIO_PILOT_20261008_METHOD_STUDY:method_signal:021,12.0,1.25,3,all_three_ON,4094.75,True,True,True,True,43,43,"{""epoch1_on"": ""LOCALIZED_SURVIVOR"", ""epoch2_on"": ""LOCALIZED_SURVIVOR"", ""epoch3_on"": ""LOCALIZED_SURVIVOR""}","{""epoch1_on"": 12.551961527325444, ""epoch2_on"": 11.797235463679074, ""epoch3_on"": 12.543448907088695}",75.412598,77.11077623000165,76468224
SETI_RADIO_PILOT_20261008_METHOD_STUDY:method_signal:022,12.0,-4.0,3,single_third_ON,1024.25,True,True,True,True,46,46,"{""epoch3_on"": ""LOCALIZED_SURVIVOR""}","{""epoch1_on"": 5.591804465950962, ""epoch2_on"": 6.304551644409315, ""epoch3_on"": 11.724541280568314}",77.739812,79.47730916599903,76431360
SETI_RADIO_PILOT_20261008_METHOD_STUDY:method_signal:023,12.0,-1.25,1,all_three_ON,3070.75,True,True,True,True,84,84,"{""epoch1_on"": ""LOCALIZED_SURVIVOR"", ""epoch2_on"": ""LOCALIZED_SURVIVOR"", ""epoch3_on"": ""LOCALIZED_SURVIVOR""}","{""epoch1_on"": 11.118992192352016, ""epoch2_on"": 13.048157661723833, ""epoch3_on"": 13.998993842529822}",80.438739,82.3790982649989,75100160
SETI_RADIO_PILOT_20261008_METHOD_STUDY:method_signal:024,12.0,1.25,3,single_third_ON,0.25,True,True,True,True,12,12,"{""epoch3_on"": ""LOCALIZED_SURVIVOR""}","{""epoch1_on"": 5.9527394289085045, ""epoch2_on"": 5.824546520673159, ""epoch3_on"": 11.506418335782547}",75.11490500000001,76.69712267100113,76468224
SETI_RADIO_PILOT_20261008_METHOD_STUDY:method_signal:025,12.0,4.0,1,all_three_ON,4094.75,True,True,True,True,83,83,"{""epoch1_on"": ""LOCALIZED_SURVIVOR"", ""epoch2_on"": ""LOCALIZED_SURVIVOR"", ""epoch3_on"": ""LOCALIZED_SURVIVOR""}","{""epoch1_on"": 11.449107686494846, ""epoch2_on"": 11.300327124158748, ""epoch3_on"": 13.113434198720723}",80.05628300000001,81.6202490579999,75370496
SETI_RADIO_PILOT_20261008_METHOD_STUDY:method_signal:026,12.0,-1.25,1,single_third_ON,1024.25,True,True,True,True,24,24,"{""epoch3_on"": ""LOCALIZED_SURVIVOR""}","{""epoch1_on"": 6.090807857021979, ""epoch2_on"": 6.050109215170213, ""epoch3_on"": 12.045362647559111}",75.34379799999999,76.88605247500163,75280384
SETI_RADIO_PILOT_20261008_METHOD_STUDY:method_signal:027,12.0,-1.25,3,single_third_ON,3070.75,False,False,False,False,0,0,"{""epoch3_on"": ""NO_ON_THRESHOLD_HIT""}","{""epoch1_on"": 6.024744265175681, ""epoch2_on"": 5.690366508333503, ""epoch3_on"": 9.630510667477493}",75.33416,76.8860131170004,75272192
SETI_RADIO_PILOT_20261008_METHOD_STUDY:method_signal:028,12.0,4.0,1,single_third_ON,0.25,True,True,True,True,10,10,"{""epoch3_on"": ""LOCALIZED_SURVIVOR""}","{""epoch1_on"": 6.068300933433763, ""epoch2_on"": 6.131323250230298, ""epoch3_on"": 11.694324191404899}",73.98574500000001,75.44267692500216,76333056
SETI_RADIO_PILOT_20261008_METHOD_STUDY:method_signal:029,12.0,4.0,3,single_third_ON,4094.75,True,True,True,True,45,45,"{""epoch3_on"": ""LOCALIZED_SURVIVOR""}","{""epoch1_on"": 5.897341847014446, ""epoch2_on"": 5.848056185690654, ""epoch3_on"": 11.535579375735168}",78.410748,80.37673378999898,75284480
SETI_RADIO_PILOT_20261008_METHOD_STUDY:method_signal:030,12.0,4.0,3,all_three_ON,1024.25,False,True,False,True,83,83,"{""epoch1_on"": ""NO_ON_THRESHOLD_HIT"", ""epoch2_on"": ""LOCALIZED_SURVIVOR"", ""epoch3_on"": ""LOCALIZED_SURVIVOR""}","{""epoch1_on"": 9.956024860733285, ""epoch2_on"": 10.231612402669914, ""epoch3_on"": 12.772068755550837}",81.175459,82.85736147199714,76808192
SETI_RADIO_PILOT_20261008_METHOD_STUDY:method_signal:031,12.0,1.25,1,single_third_ON,3070.75,True,True,True,True,30,30,"{""epoch3_on"": ""LOCALIZED_SURVIVOR""}","{""epoch1_on"": 5.584423085881552, ""epoch2_on"": 6.14064368026791, ""epoch3_on"": 12.89321636906985}",74.263873,75.78676428199833,75284480
SETI_RADIO_PILOT_20261008_METHOD_STUDY:method_signal:032,16.0,-4.0,3,all_three_ON,0.25,True,True,True,True,121,121,"{""epoch1_on"": ""LOCALIZED_SURVIVOR"", ""epoch2_on"": ""LOCALIZED_SURVIVOR"", ""epoch3_on"": ""LOCALIZED_SURVIVOR""}","{""epoch1_on"": 15.579796199557709, ""epoch2_on"": 15.297134051816457, ""epoch3_on"": 16.50702445334858}",83.224774,84.95321306199912,75374592
SETI_RADIO_PILOT_20261008_METHOD_STUDY:method_signal:033,16.0,-1.25,3,all_three_ON,4094.75,True,True,True,True,79,79,"{""epoch1_on"": ""LOCALIZED_SURVIVOR"", ""epoch2_on"": ""LOCALIZED_SURVIVOR"", ""epoch3_on"": ""LOCALIZED_SURVIVOR""}","{""epoch1_on"": 14.37084637027513, ""epoch2_on"": 15.085156042044582, ""epoch3_on"": 14.908166087145844}",77.140081,78.70468385999993,76410880
SETI_RADIO_PILOT_20261008_METHOD_STUDY:method_signal:034,16.0,-4.0,1,single_third_ON,1024.25,True,True,True,True,89,89,"{""epoch3_on"": ""LOCALIZED_SURVIVOR""}","{""epoch1_on"": 5.757146150119689, ""epoch2_on"": 6.082853110752497, ""epoch3_on"": 14.977315686711082}",80.07424400000001,81.62631029899785,76722176
SETI_RADIO_PILOT_20261008_METHOD_STUDY:method_signal:035,16.0,-4.0,1,all_three_ON,3070.75,True,True,True,True,298,298,"{""epoch1_on"": ""LOCALIZED_SURVIVOR"", ""epoch2_on"": ""LOCALIZED_SURVIVOR"", ""epoch3_on"": ""LOCALIZED_SURVIVOR""}","{""epoch1_on"": 15.884934097676522, ""epoch2_on"": 17.862204437890405, ""epoch3_on"": 14.144308690716496}",102.13553499999999,104.18203413200172,76800000
SETI_RADIO_PILOT_20261008_METHOD_STUDY:method_signal:036,16.0,-1.25,1,all_three_ON,0.25,True,True,True,True,76,76,"{""epoch1_on"": ""LOCALIZED_SURVIVOR"", ""epoch2_on"": ""LOCALIZED_SURVIVOR"", ""epoch3_on"": ""LOCALIZED_SURVIVOR""}","{""epoch1_on"": 15.534568354143849, ""epoch2_on"": 17.298285624659478, ""epoch3_on"": 15.8434870816808}",76.680274,78.29841919600221,75374592
SETI_RADIO_PILOT_20261008_METHOD_STUDY:method_signal:037,16.0,1.25,1,all_three_ON,4094.75,True,True,True,True,82,82,"{""epoch1_on"": ""LOCALIZED_SURVIVOR"", ""epoch2_on"": ""LOCALIZED_SURVIVOR"", ""epoch3_on"": ""LOCALIZED_SURVIVOR""}","{""epoch1_on"": 16.204963755614248, ""epoch2_on"": 16.064735899145106, ""epoch3_on"": 16.395586490435086}",76.807053,78.35107086000062,76414976
SETI_RADIO_PILOT_20261008_METHOD_STUDY:method_signal:038,16.0,1.25,3,all_three_ON,1024.25,True,True,True,True,161,161,"{""epoch1_on"": ""LOCALIZED_SURVIVOR"", ""epoch2_on"": ""LOCALIZED_SURVIVOR"", ""epoch3_on"": ""LOCALIZED_SURVIVOR""}","{""epoch1_on"": 15.553987497175001, ""epoch2_on"": 14.902967389532916, ""epoch3_on"": 16.830736101370515}",82.59551099999999,84.36463489599919,75497472
SETI_RADIO_PILOT_20261008_METHOD_STUDY:method_signal:039,16.0,-4.0,3,single_third_ON,3070.75,True,True,True,True,120,120,"{""epoch3_on"": ""LOCALIZED_SURVIVOR""}","{""epoch1_on"": 6.5251193177296685, ""epoch2_on"": 6.609526962164265, ""epoch3_on"": 16.714818699835085}",84.196127,86.01683642599892,76730368
SETI_RADIO_PILOT_20261008_METHOD_STUDY:method_signal:040,16.0,-1.25,3,single_third_ON,0.25,True,True,True,True,53,53,"{""epoch3_on"": ""LOCALIZED_SURVIVOR""}","{""epoch1_on"": 6.1083051343726495, ""epoch2_on"": 5.840845463184242, ""epoch3_on"": 16.888160535247142}",77.66495599999999,79.38114573299754,76464128
SETI_RADIO_PILOT_20261008_METHOD_STUDY:method_signal:041,16.0,1.25,3,single_third_ON,4094.75,True,True,True,True,30,30,"{""epoch3_on"": ""LOCALIZED_SURVIVOR""}","{""epoch1_on"": 6.235555054449658, ""epoch2_on"": 7.0395900413300465, ""epoch3_on"": 16.99614415249542}",73.81415299999999,75.44960793599967,75407360
SETI_RADIO_PILOT_20261008_METHOD_STUDY:method_signal:042,16.0,4.0,1,all_three_ON,1024.25,True,True,True,True,278,278,"{""epoch1_on"": ""LOCALIZED_SURVIVOR"", ""epoch2_on"": ""LOCALIZED_SURVIVOR"", ""epoch3_on"": ""LOCALIZED_SURVIVOR""}","{""epoch1_on"": 13.827535430350908, ""epoch2_on"": 15.648279145386738, ""epoch3_on"": 16.133096690290614}",102.651368,104.97219758699794,77111296
SETI_RADIO_PILOT_20261008_METHOD_STUDY:method_signal:043,16.0,-1.25,1,single_third_ON,3070.75,True,True,True,True,44,44,"{""epoch3_on"": ""LOCALIZED_SURVIVOR""}","{""epoch1_on"": 6.0468557966627206, ""epoch2_on"": 5.882896377150471, ""epoch3_on"": 14.775428666515538}",74.198351,75.52683972500017,76509184
SETI_RADIO_PILOT_20261008_METHOD_STUDY:method_signal:044,16.0,1.25,1,single_third_ON,0.25,True,True,True,True,26,26,"{""epoch3_on"": ""LOCALIZED_SURVIVOR""}","{""epoch1_on"": 5.761042614173995, ""epoch2_on"": 6.469045182746919, ""epoch3_on"": 15.884480028895974}",74.142651,75.78824596499908,76505088
SETI_RADIO_PILOT_20261008_METHOD_STUDY:method_signal:045,16.0,4.0,1,single_third_ON,4094.75,True,True,True,True,101,101,"{""epoch3_on"": ""LOCALIZED_SURVIVOR""}","{""epoch1_on"": 5.782016204134437, ""epoch2_on"": 5.884224765135, ""epoch3_on"": 15.280620529983324}",81.98054300000001,83.78510887700031,74887168
SETI_RADIO_PILOT_20261008_METHOD_STUDY:method_signal:046,16.0,4.0,3,single_third_ON,1024.25,True,True,True,True,88,88,"{""epoch3_on"": ""LOCALIZED_SURVIVOR""}","{""epoch1_on"": 6.398017853070896, ""epoch2_on"": 5.773707865934369, ""epoch3_on"": 15.21912949555559}",80.840561,82.64750303099936,75456512
SETI_RADIO_PILOT_20261008_METHOD_STUDY:method_signal:047,16.0,4.0,3,all_three_ON,3070.75,True,True,True,True,286,286,"{""epoch1_on"": ""LOCALIZED_SURVIVOR"", ""epoch2_on"": ""LOCALIZED_SURVIVOR"", ""epoch3_on"": ""LOCALIZED_SURVIVOR""}","{""epoch1_on"": 15.08714104298618, ""epoch2_on"": 17.33301925223763, ""epoch3_on"": 16.837020141929802}",103.579707,105.96827905900136,77197312
SETI_RADIO_PILOT_20261008_METHOD_STUDY:method_signal:048,24.0,-4.0,1,all_three_ON,0.25,True,True,True,True,175,175,"{""epoch1_on"": ""LOCALIZED_SURVIVOR"", ""epoch2_on"": ""LOCALIZED_SURVIVOR"", ""epoch3_on"": ""LOCALIZED_SURVIVOR""}","{""epoch1_on"": 23.352776737291904, ""epoch2_on"": 23.026810834464964, ""epoch3_on"": 24.059379248052448}",91.988245,93.996799474,77418496
SETI_RADIO_PILOT_20261008_METHOD_STUDY:method_signal:049,24.0,-4.0,3,all_three_ON,4094.75,True,True,True,True,324,324,"{""epoch1_on"": ""LOCALIZED_SURVIVOR"", ""epoch2_on"": ""LOCALIZED_SURVIVOR"", ""epoch3_on"": ""LOCALIZED_SURVIVOR""}","{""epoch1_on"": 25.875090989362835, ""epoch2_on"": 24.06362626556789, ""epoch3_on"": 24.55378851983924}",115.973259,118.61916134700004,75767808
SETI_RADIO_PILOT_20261008_METHOD_STUDY:method_signal:050,24.0,-1.25,3,all_three_ON,1024.25,True,True,True,True,447,447,"{""epoch1_on"": ""LOCALIZED_SURVIVOR"", ""epoch2_on"": ""LOCALIZED_SURVIVOR"", ""epoch3_on"": ""LOCALIZED_SURVIVOR""}","{""epoch1_on"": 25.323956196613008, ""epoch2_on"": 24.28431630438566, ""epoch3_on"": 24.428111137962304}",130.36692399999998,132.93652824700257,77688832
SETI_RADIO_PILOT_20261008_METHOD_STUDY:method_signal:051,24.0,-4.0,1,single_third_ON,3070.75,True,True,True,True,133,133,"{""epoch3_on"": ""LOCALIZED_SURVIVOR""}","{""epoch1_on"": 6.957584643584822, ""epoch2_on"": 5.9359833711299235, ""epoch3_on"": 22.480491667803467}",86.87565599999999,88.87015650600006,75407360
SETI_RADIO_PILOT_20261008_METHOD_STUDY:method_signal:052,24.0,-4.0,3,single_third_ON,0.25,True,True,True,True,166,166,"{""epoch3_on"": ""LOCALIZED_SURVIVOR""}","{""epoch1_on"": 6.202661778129654, ""epoch2_on"": 5.911392904353791, ""epoch3_on"": 25.4793993343019}",94.872314,96.82490726900141,75546624
SETI_RADIO_PILOT_20261008_METHOD_STUDY:method_signal:053,24.0,-1.25,1,all_three_ON,4094.75,True,True,True,True,223,223,"{""epoch1_on"": ""LOCALIZED_SURVIVOR"", ""epoch2_on"": ""LOCALIZED_SURVIVOR"", ""epoch3_on"": ""LOCALIZED_SURVIVOR""}","{""epoch1_on"": 24.46819164891147, ""epoch2_on"": 24.912667516988687, ""epoch3_on"": 21.623599106051177}",100.69580400000001,102.5505154450002,75628544
SETI_RADIO_PILOT_20261008_METHOD_STUDY:method_signal:054,24.0,1.25,1,all_three_ON,1024.25,True,True,True,True,407,407,"{""epoch1_on"": ""LOCALIZED_SURVIVOR"", ""epoch2_on"": ""LOCALIZED_SURVIVOR"", ""epoch3_on"": ""LOCALIZED_SURVIVOR""}","{""epoch1_on"": 23.08722430718419, ""epoch2_on"": 22.39717614028554, ""epoch3_on"": 23.429491950307522}",123.702147,125.64440310300051,75898880
SETI_RADIO_PILOT_20261008_METHOD_STUDY:method_signal:055,24.0,1.25,3,all_three_ON,3070.75,True,True,True,True,481,481,"{""epoch1_on"": ""LOCALIZED_SURVIVOR"", ""epoch2_on"": ""LOCALIZED_SURVIVOR"", ""epoch3_on"": ""LOCALIZED_SURVIVOR""}","{""epoch1_on"": 27.070503970639734, ""epoch2_on"": 24.116448340836524, ""epoch3_on"": 24.55116939478658}",134.09284000000002,135.4351421140018,76017664
SETI_RADIO_PILOT_20261008_METHOD_STUDY:method_signal:056,24.0,-1.25,1,single_third_ON,0.25,True,True,True,True,72,72,"{""epoch3_on"": ""LOCALIZED_SURVIVOR""}","{""epoch1_on"": 6.033483441687517, ""epoch2_on"": 5.87167456817345, ""epoch3_on"": 25.26512231393545}",84.196959,84.96641986100076,76587008
SETI_RADIO_PILOT_20261008_METHOD_STUDY:method_signal:057,24.0,-1.25,3,single_third_ON,4094.75,True,True,True,True,84,84,"{""epoch3_on"": ""LOCALIZED_SURVIVOR""}","{""epoch1_on"": 6.24158297450571, ""epoch2_on"": 6.405717249539279, ""epoch3_on"": 22.815613308447166}",84.65229199999999,85.12246701500044,75010048
SETI_RADIO_PILOT_20261008_METHOD_STUDY:method_signal:058,24.0,1.25,3,single_third_ON,1024.25,True,True,True,True,171,171,"{""epoch3_on"": ""LOCALIZED_SURVIVOR""}","{""epoch1_on"": 6.331681334879992, ""epoch2_on"": 6.073574022747247, ""epoch3_on"": 26.5682681830075}",90.55286,90.65558489699833,76718080
SETI_RADIO_PILOT_20261008_METHOD_STUDY:method_signal:059,24.0,4.0,1,all_three_ON,3070.75,True,True,True,True,476,476,"{""epoch1_on"": ""LOCALIZED_SURVIVOR"", ""epoch2_on"": ""LOCALIZED_SURVIVOR"", ""epoch3_on"": ""LOCALIZED_SURVIVOR""}","{""epoch1_on"": 23.297082961548938, ""epoch2_on"": 22.52278526548933, ""epoch3_on"": 23.957370944086186}",129.14640500000002,129.2389889469996,78299136
SETI_RADIO_PILOT_20261008_METHOD_STUDY:method_signal:060,24.0,4.0,3,all_three_ON,0.25,True,True,True,True,302,302,"{""epoch1_on"": ""LOCALIZED_SURVIVOR"", ""epoch2_on"": ""LOCALIZED_SURVIVOR"", ""epoch3_on"": ""LOCALIZED_SURVIVOR""}","{""epoch1_on"": 23.84317397133864, ""epoch2_on"": 24.787174907247312, ""epoch3_on"": 25.207577119726672}",106.965659,107.07685722599854,75759616
SETI_RADIO_PILOT_20261008_METHOD_STUDY:method_signal:061,24.0,1.25,1,single_third_ON,4094.75,True,True,True,True,66,66,"{""epoch3_on"": ""LOCALIZED_SURVIVOR""}","{""epoch1_on"": 6.247727480891201, ""epoch2_on"": 5.935300106186329, ""epoch3_on"": 25.14929166660326}",81.22794800000001,81.26065949399708,75276288
SETI_RADIO_PILOT_20261008_METHOD_STUDY:method_signal:062,24.0,4.0,1,single_third_ON,1024.25,True,True,True,True,124,124,"{""epoch3_on"": ""LOCALIZED_SURVIVOR""}","{""epoch1_on"": 6.150446448990259, ""epoch2_on"": 5.891466098848764, ""epoch3_on"": 20.187960759895496}",87.532545,87.60071841399986,76718080
SETI_RADIO_PILOT_20261008_METHOD_STUDY:method_signal:063,24.0,4.0,3,single_third_ON,3070.75,True,True,True,True,145,145,"{""epoch3_on"": ""LOCALIZED_SURVIVOR""}","{""epoch1_on"": 6.324645816088786, ""epoch2_on"": 6.311295319621199, ""epoch3_on"": 22.84231418387363}",83.24463899999999,83.2623469120008,75423744
