dimension,factor_value,expected,observed,integrity_valid,pre_OFF_all_active_recovery,final_all_active_recovery,final_any_active_recovery,all_active_recovery_lost_after_OFF,pre_OFF_any_active_recovery
nominal_ideal_box_score,10.0,16,16,16,6,6,12,0,12
nominal_ideal_box_score,12.0,16,16,16,14,14,15,0,15
nominal_ideal_box_score,16.0,16,16,16,16,16,16,0,16
nominal_ideal_box_score,24.0,16,16,16,16,16,16,0,16
drift_hz_s,-4.0,16,16,16,14,14,16,0,16
drift_hz_s,-1.25,16,16,16,12,12,14,0,14
drift_hz_s,1.25,16,16,16,12,12,14,0,14
drift_hz_s,4.0,16,16,16,14,14,15,0,15
intrinsic_width_channels,1,32,32,32,27,27,30,0,30
intrinsic_width_channels,3,32,32,32,25,25,29,0,29
active_scan_indices,[4],32,32,32,27,27,27,0,27
active_scan_indices,"[0,2,4]",32,32,32,25,25,32,0,32
reference_native_offset,0.25,16,16,16,14,14,15,0,15
reference_native_offset,4094.75,16,16,16,14,14,15,0,15
reference_native_offset,1024.25,16,16,16,12,12,15,0,15
reference_native_offset,3070.75,16,16,16,12,12,14,0,14
